county_id,propcount_2020_100yr_all,propcount_2020_100yr_<0,propcount_2020_100yr_q1,propcount_2020_100yr_q2,propcount_2020_100yr_q3,propcount_2020_100yr_q4,propcount_2020_500yr_all,propcount_2020_500yr_<0,propcount_2020_500yr_q1,propcount_2020_500yr_q2,propcount_2020_500yr_q3,propcount_2020_500yr_q4,propcount_2050_100yr_all,propcount_2050_100yr_<0,propcount_2050_100yr_q1,propcount_2050_100yr_q2,propcount_2050_100yr_q3,propcount_2050_100yr_q4,propcount_2050_500yr_all,propcount_2050_500yr_<0,propcount_2050_500yr_q1,propcount_2050_500yr_q2,propcount_2050_500yr_q3,propcount_2050_500yr_q4,n_props
1007.0,426,243,12,23,60,88,506,269,18,20,55,144,434,248,12,21,59,94,513,268,19,23,50,153,6657.0
1091.0,302,187,11,23,27,54,377,224,12,22,42,77,309,188,14,18,32,57,405,241,14,18,45,87,7357.0
,0,0,0,0,0,0,0,0,0,0,0,0,0,0,0,0,0,0,0,0,0,0,0,0,
1003.0,11982,3927,627,839,1553,5011,14737,3814,709,997,1839,7351,13187,3755,642,895,1761,6108,16137,3571,687,1089,1968,8793,92009.0
1005.0,377,107,18,35,50,167,472,138,23,30,49,232,409,116,22,29,53,189,522,164,18,39,65,236,8882.0
1009.0,1443,257,119,188,306,573,1729,281,149,214,370,715,1493,259,139,188,317,590,1796,301,145,228,368,754,19633.0
1011.0,150,105,9,10,18,8,172,118,5,14,20,14,154,107,8,11,18,10,185,125,10,11,20,18,3536.0
1013.0,246,73,22,35,62,54,273,67,34,36,72,64,253,77,20,36,62,58,290,75,36,36,74,69,7080.0
1015.0,6159,3389,351,458,847,1069,7341,3798,432,538,1025,1495,6479,3510,373,485,914,1149,7637,3904,459,581,1037,1603,40508.0
1017.0,404,315,7,13,20,47,496,371,16,21,19,65,427,329,12,14,21,49,527,387,20,21,29,66,13265.0
1019.0,1557,359,93,127,246,723,2019,447,113,147,255,1042,1657,389,73,134,260,790,2115,467,117,165,255,1096,11450.0
1021.0,1007,229,85,102,164,427,1220,282,100,118,186,534,1060,253,88,98,172,449,1269,294,99,119,203,554,14745.0
1023.0,304,61,33,28,69,113,353,64,25,43,74,147,311,54,33,32,67,125,374,70,31,46,72,155,5412.0
1027.0,314,45,16,39,81,133,362,38,23,43,95,163,331,45,18,42,85,141,383,48,26,43,96,170,5368.0
1029.0,269,63,11,21,49,125,300,62,15,16,54,153,274,64,9,22,48,131,311,56,17,25,53,160,5163.0
1031.0,640,310,39,28,107,155,872,363,48,54,111,294,680,324,44,41,100,170,971,408,45,56,129,331,18939.0
1033.0,2505,805,97,142,247,1214,3871,1270,103,193,422,1883,2584,844,108,144,266,1222,3932,1283,120,183,439,1907,21670.0
1035.0,139,54,9,19,22,35,175,74,4,20,29,48,142,51,11,18,26,36,187,83,5,19,30,50,4974.0
1037.0,652,419,16,29,53,135,769,432,18,37,49,233,675,417,23,32,56,147,786,440,13,30,55,248,5211.0
1039.0,974,316,26,41,96,495,1130,330,26,47,96,631,1008,330,32,38,91,517,1185,363,32,41,91,658,15795.0
1041.0,165,45,20,27,37,36,197,48,22,31,54,42,172,43,25,27,40,37,200,47,26,31,52,44,5177.0
1043.0,1711,1184,40,69,149,269,2103,1392,65,75,174,397,1789,1231,38,79,154,287,2175,1433,67,80,169,426,30939.0
1045.0,337,183,21,30,45,58,459,232,33,33,53,108,362,193,22,32,53,62,518,248,34,47,67,122,16081.0
1047.0,3748,946,100,149,511,2020,6235,1486,167,245,512,3800,4538,1421,97,171,365,2462,6607,1231,139,282,665,4265,14320.0
1049.0,1408,820,61,109,151,255,1738,975,78,133,176,361,1493,858,76,107,164,275,1815,997,93,128,192,390,26591.0
1051.0,2056,1052,89,123,194,598,2655,1281,128,172,264,810,2149,1094,98,117,206,634,2788,1306,146,171,285,880,25880.0
1053.0,700,531,35,41,47,41,1033,766,50,55,82,71,768,584,38,44,53,43,1108,819,48,61,81,89,14092.0
1055.0,5409,2520,132,218,426,2113,6738,2871,189,276,506,2896,5786,2719,154,222,459,2232,7084,3009,207,270,521,3077,38354.0
1057.0,428,210,32,37,62,87,484,226,29,49,79,101,431,204,32,38,67,90,500,237,31,48,79,105,6864.0
1059.0,476,344,19,20,42,45,577,412,22,28,52,56,504,369,20,19,42,48,609,434,19,35,55,58,11548.0
1061.0,445,302,14,34,40,54,611,410,20,31,60,88,482,328,17,30,47,58,656,434,25,33,61,101,10521.0
1063.0,425,195,8,13,35,172,485,163,5,4,30,280,443,182,11,14,42,192,501,173,5,5,13,302,3350.0
1067.0,485,450,4,2,7,22,603,522,11,9,22,39,527,483,4,9,8,23,627,540,6,14,19,48,8058.0
1069.0,2313,867,185,251,456,551,2750,1000,207,268,518,753,2436,903,183,278,475,594,2898,1047,205,276,569,797,37665.0
1071.0,2652,1570,71,123,266,622,3440,1739,88,143,340,1130,2774,1602,83,141,252,696,3603,1791,84,142,318,1268,20055.0
1073.0,23538,14597,923,1308,2307,4378,29726,17512,1107,1707,3071,6299,24979,15433,969,1425,2434,4692,31175,18259,1178,1795,3207,6706,222871.0
1077.0,3723,1599,97,105,221,1681,4259,1811,90,136,255,1946,3796,1644,90,121,224,1697,4325,1841,103,140,262,1958,35786.0
1079.0,656,380,29,32,48,166,845,448,52,46,65,233,683,403,27,35,50,167,872,468,45,55,66,237,12209.0
1083.0,2664,1560,174,191,300,439,3217,1742,208,213,351,703,2725,1589,176,199,315,446,3286,1767,212,229,354,724,34282.0
1087.0,274,174,18,18,34,30,345,202,19,21,49,54,294,180,18,26,38,32,365,216,17,29,43,60,7387.0
1089.0,14808,9298,829,1043,1733,1903,19170,10951,1018,1274,2031,3894,15491,9574,851,1054,1770,2240,19923,11243,1047,1305,2074,4251,128372.0
1095.0,2933,1943,68,95,206,620,3660,2124,70,116,221,1128,3079,1987,84,103,218,686,3769,2129,75,122,233,1209,33671.0
1097.0,20101,9600,852,1162,2114,6352,24766,9680,978,1501,2757,9826,22050,8894,897,1285,2681,8271,26891,9147,914,1380,2582,12844,138543.0
1099.0,498,319,26,25,53,72,604,316,41,42,58,144,514,313,26,24,53,95,641,328,40,35,76,159,8185.0
1101.0,6251,2665,989,782,1156,648,8558,3522,833,1390,1596,1206,6764,2881,1021,863,1248,740,9157,3705,881,1445,1678,1433,75372.0
1103.0,5129,2857,274,384,638,974,7498,3226,329,505,1158,2278,5267,2915,285,405,635,1025,7673,3299,353,489,1179,2351,40753.0
1105.0,211,167,3,10,21,9,244,189,5,10,21,18,218,173,3,7,23,11,248,189,5,11,23,19,3880.0
1107.0,308,179,11,18,30,70,366,191,11,18,35,111,318,176,10,21,34,77,382,193,15,18,36,120,5802.0
1109.0,189,102,9,11,31,36,235,125,6,18,36,50,210,113,10,14,30,43,258,139,10,16,42,51,9175.0
1111.0,512,100,30,61,102,219,633,109,44,72,137,271,536,96,40,60,113,227,670,116,38,80,145,291,10686.0
1115.0,2849,1619,131,179,336,584,3749,2010,173,249,452,865,3059,1717,139,197,366,640,3971,2119,167,263,490,932,31211.0
1117.0,8381,1538,624,961,1732,3517,10208,1660,708,1100,2005,4726,8859,1610,628,999,1830,3783,10663,1715,724,1097,2107,5009,73681.0
1121.0,3473,2201,169,253,388,439,4517,2622,232,320,542,775,3725,2343,187,260,414,498,4723,2680,243,322,586,866,28995.0
1125.0,4044,1417,232,379,658,1358,5299,1768,303,463,817,1948,4289,1500,256,399,703,1431,5584,1731,350,469,940,2094,60231.0
1127.0,1943,717,54,112,202,856,2335,860,73,133,272,995,2010,742,56,115,215,880,2421,892,89,130,282,1026,25406.0
1129.0,385,232,11,21,50,71,465,282,17,16,42,108,405,246,14,13,54,78,482,290,13,19,42,118,6757.0
1131.0,413,56,5,18,30,250,495,72,14,13,40,297,427,48,14,16,33,260,548,98,19,20,38,309,3925.0
1133.0,1332,212,52,73,160,835,1620,174,39,88,195,1124,1357,217,49,81,160,850,1640,174,42,82,207,1135,10926.0
4001.0,590,406,21,38,57,61,703,476,28,33,75,81,597,412,19,37,60,62,703,476,27,33,75,82,9640.0
4003.0,5972,4863,122,118,227,603,8377,6940,154,199,283,749,6115,4981,126,123,242,604,8517,7048,166,191,302,756,45960.0
4005.0,6793,3692,215,405,1021,1446,8268,4238,281,439,972,2322,7003,3753,255,376,1093,1511,8491,4307,310,430,955,2473,43881.0
4007.0,5019,2242,189,273,489,1684,5871,2510,224,308,599,2065,5182,2320,187,282,507,1742,6015,2568,234,302,619,2125,22711.0
4009.0,786,709,11,12,15,16,1304,1175,17,31,29,23,794,715,10,15,14,17,1319,1188,19,34,25,24,9608.0
4011.0,189,80,7,8,18,72,268,105,8,13,30,107,199,83,10,7,21,74,268,102,12,14,28,107,1948.0
4012.0,1458,501,17,49,71,812,1967,902,31,43,104,876,1424,470,19,49,71,808,1941,891,26,39,117,857,7731.0
4013.0,49930,44245,737,1034,1697,2210,150201,138615,1744,2246,3653,3924,58334,51946,931,1147,1888,2415,174629,161249,2136,2542,4237,4442,1363195.0
4015.0,7983,6081,238,286,541,833,13589,10584,372,460,830,1334,8291,6339,269,283,541,855,13786,10701,382,467,823,1403,103933.0
4017.0,3081,2110,99,122,255,327,4604,2931,168,242,478,571,3144,2156,102,120,256,340,4703,2970,168,259,485,605,38682.0
4019.0,10975,8742,283,354,550,611,19062,15325,512,603,972,919,11462,9145,294,356,584,628,20130,16208,543,634,1013,991,333573.0
4021.0,19069,17952,227,280,321,233,35253,33528,317,373,535,396,20560,19390,226,294,354,240,36766,34933,329,386,577,435,153861.0
4023.0,1749,993,82,95,163,414,2189,924,68,135,337,721,1698,959,79,94,157,407,2174,912,69,137,335,717,13653.0
4025.0,11962,6980,489,650,1244,2565,15045,8191,574,851,1583,3799,12371,7116,527,699,1274,2720,15592,8472,581,869,1634,3989,101465.0
4027.0,3045,2885,30,31,46,32,7770,6152,158,220,491,707,3437,3267,33,35,49,32,8398,6700,164,186,510,796,66626.0
5001.0,414,275,13,23,38,55,754,453,35,36,68,147,427,284,13,22,38,60,770,460,34,40,69,152,8135.0
5003.0,424,251,27,34,64,48,578,331,33,47,74,93,430,255,28,34,61,52,585,333,36,46,75,95,8188.0
5005.0,1085,419,23,28,68,531,1220,479,35,28,57,605,1095,424,21,33,69,532,1233,487,37,27,60,606,18783.0
5007.0,2466,1070,205,257,347,586,3189,1342,274,354,463,755,2506,1087,214,260,349,595,3246,1384,280,355,466,760,89619.0
5009.0,812,429,40,48,100,179,862,413,53,60,110,210,822,429,41,52,101,183,878,420,48,70,108,216,14653.0
5011.0,155,79,9,7,29,23,224,116,6,13,23,54,159,81,10,8,29,23,235,125,8,13,23,54,4577.0
5013.0,151,87,11,10,12,22,242,111,8,13,19,75,152,88,10,10,12,23,245,113,8,14,19,75,2328.0
5015.0,627,211,18,34,70,294,724,233,22,27,67,375,634,215,18,37,68,296,731,230,25,35,64,377,11185.0
5017.0,271,184,20,19,22,15,377,235,29,38,37,25,283,193,18,24,22,15,398,248,33,38,40,25,4263.0
5019.0,341,175,26,43,46,51,432,221,23,42,74,72,346,174,28,42,50,52,442,222,26,45,76,73,7299.0
5021.0,798,670,36,32,36,18,1253,984,62,70,87,41,835,693,42,31,44,18,1287,1002,66,79,87,45,7174.0
5023.0,739,308,33,48,68,280,988,373,37,62,99,413,747,312,31,54,67,281,991,377,35,63,102,410,14277.0
5025.0,59,29,3,2,10,13,64,29,3,4,5,21,59,29,3,2,10,13,64,29,3,4,4,22,1273.0
5027.0,81,41,6,6,12,8,98,51,8,5,17,9,78,39,5,6,12,8,98,51,8,6,16,9,5252.0
5029.0,360,254,15,21,30,40,485,321,19,36,41,68,368,259,15,23,30,41,488,324,18,32,43,71,8294.0
5031.0,2574,1583,260,308,288,133,4325,2267,463,513,566,511,2761,1687,279,332,313,148,4524,2324,508,542,598,547,33272.0
5033.0,924,421,55,95,146,207,1156,501,77,101,185,292,952,438,57,97,150,210,1172,507,76,102,185,302,21054.0
5035.0,635,416,99,73,37,5,1165,710,146,177,110,10,697,459,96,90,41,6,1268,770,152,194,128,11,13904.0
5037.0,531,348,45,49,48,41,883,553,67,73,98,92,559,372,50,42,52,43,919,572,74,78,100,95,6531.0
5039.0,125,82,3,10,14,11,153,97,10,8,16,17,127,84,3,10,14,11,154,95,13,7,17,17,3109.0
5041.0,231,149,27,16,10,25,391,229,40,36,25,54,264,176,28,20,11,25,408,239,39,40,27,56,3264.0
5043.0,208,105,13,16,35,39,253,130,19,17,42,45,211,105,13,19,35,39,261,134,20,16,46,45,4490.0
5045.0,1300,735,100,135,147,158,2040,926,160,170,309,429,1371,779,96,140,162,165,2098,931,186,172,310,450,37241.0
5047.0,304,130,29,34,59,52,361,134,21,40,61,105,308,131,29,31,60,57,364,134,22,38,62,108,7014.0
5049.0,91,40,4,7,14,16,95,38,4,7,14,22,91,41,4,7,14,15,96,40,3,8,13,22,1631.0
5051.0,7064,1504,195,257,558,4547,7864,1530,193,277,638,5223,7098,1520,205,259,556,4555,7882,1548,187,280,638,5226,39305.0
5053.0,90,42,6,7,21,14,110,49,8,14,23,16,93,44,7,6,21,15,110,48,9,12,24,17,6387.0
5055.0,2460,1695,157,248,237,91,3514,1938,221,323,586,401,2551,1729,162,270,264,94,3578,1909,231,334,616,443,15717.0
5057.0,238,111,13,27,54,33,294,145,11,25,59,54,240,112,13,27,53,35,296,147,11,26,58,54,6834.0
5059.0,709,390,35,41,82,161,801,425,39,53,84,200,715,389,39,40,85,162,806,429,35,56,85,201,12208.0
5061.0,174,105,12,19,15,18,207,112,13,23,28,25,175,104,13,19,16,18,209,113,12,25,27,26,5124.0
5063.0,430,247,22,24,58,79,542,305,21,42,64,110,439,253,21,26,60,79,547,305,25,41,64,112,13489.0
5065.0,558,154,8,30,39,306,608,164,16,19,50,336,562,153,13,29,41,305,610,163,18,20,51,335,6209.0
5067.0,455,295,43,53,49,15,797,459,68,93,126,51,466,295,47,58,51,15,809,451,73,98,133,54,6146.0
5069.0,1099,579,83,81,146,210,1959,942,145,156,216,500,1141,605,83,83,151,219,2030,979,137,176,230,508,25230.0
5071.0,499,233,18,38,63,130,611,251,24,34,74,206,504,233,17,40,63,134,616,252,24,32,75,211,8624.0
5073.0,98,61,7,9,9,12,132,75,10,15,13,19,99,62,7,9,9,12,132,75,9,16,13,19,3479.0
5075.0,92,74,2,5,5,6,159,107,9,10,16,17,97,78,3,4,6,6,163,110,8,7,21,17,1439.0
5077.0,74,48,7,6,8,2,112,53,22,4,12,16,76,47,9,4,9,3,113,51,22,7,11,17,2753.0
5079.0,82,40,11,4,11,16,98,51,8,12,10,17,83,40,11,5,11,16,104,52,9,13,13,17,2141.0
5081.0,185,104,12,13,22,34,264,139,30,18,28,49,187,104,14,12,23,34,267,140,30,20,27,50,5193.0
5083.0,403,201,17,25,44,92,505,232,13,35,56,139,407,196,19,26,46,94,514,235,17,31,60,140,8798.0
5085.0,904,560,69,84,99,80,1743,1080,110,147,202,183,934,578,75,89,100,79,1778,1079,131,147,211,189,23780.0
5087.0,498,129,12,22,79,256,541,129,26,10,70,306,502,131,14,20,75,262,545,133,23,12,71,306,7206.0
5089.0,207,59,1,12,26,107,217,55,3,13,29,115,208,56,4,12,26,108,217,55,3,13,26,118,4812.0
5091.0,516,272,43,65,72,64,794,392,63,91,121,127,533,277,45,66,79,66,800,386,69,91,127,127,14538.0
5093.0,62,56,0,5,0,1,122,114,2,0,5,1,66,60,0,5,0,1,131,121,3,1,5,1,1402.0
5095.0,362,262,22,19,18,36,714,324,28,34,64,251,371,262,28,22,18,36,736,332,26,36,55,273,3243.0
5097.0,475,173,25,25,58,194,529,179,20,30,58,242,481,177,20,31,59,194,531,180,21,28,58,244,4616.0
5099.0,139,68,10,12,30,19,153,70,8,17,27,31,139,67,10,13,30,19,153,70,8,17,27,31,3632.0
5101.0,117,29,3,6,10,64,139,35,3,7,8,80,119,29,4,6,7,68,139,35,3,6,9,80,1553.0
5103.0,288,146,20,22,41,59,436,211,33,27,63,102,289,146,18,23,42,60,438,211,36,26,63,102,6346.0
5105.0,402,181,19,29,46,127,482,199,17,38,51,177,416,187,24,29,47,129,490,200,17,40,51,182,4435.0
5107.0,424,233,23,30,61,76,970,347,43,47,210,322,435,234,26,33,65,76,999,329,37,52,196,384,5047.0
5109.0,267,125,15,16,25,76,335,145,20,22,36,99,268,124,16,14,27,77,340,148,20,22,36,100,4867.0
5111.0,328,247,17,15,25,12,637,492,45,21,38,24,359,275,19,15,25,12,689,534,41,32,38,25,8096.0
5113.0,554,263,39,38,70,144,686,320,42,47,82,195,556,265,38,37,71,145,688,321,41,49,83,194,8561.0
5115.0,859,454,58,57,103,177,1205,622,75,102,146,247,876,460,58,62,103,183,1234,643,77,103,149,249,19019.0
5117.0,210,131,10,7,25,37,309,180,13,18,36,62,215,134,11,7,25,38,321,191,13,18,34,65,3559.0
5119.0,9798,4550,823,750,1528,2050,15020,6375,718,1092,2223,4493,10138,4692,579,1034,1522,2213,15430,6510,772,1111,2261,4656,128810.0
5121.0,446,236,21,26,52,111,549,275,20,39,68,147,448,235,21,28,52,112,560,273,31,35,72,149,7588.0
5123.0,301,193,27,23,30,25,441,248,43,35,52,59,314,200,28,24,34,25,458,255,42,38,55,64,6910.0
5125.0,2357,1113,200,261,419,319,2837,1181,217,306,563,519,2432,1132,203,276,436,340,2894,1186,238,313,573,533,41252.0
5127.0,318,174,25,23,37,46,375,190,26,24,54,67,319,174,24,25,37,46,378,194,22,26,54,68,4214.0
5129.0,203,57,5,9,26,104,219,57,9,9,24,118,204,58,5,8,27,104,220,57,9,8,25,119,2278.0
5131.0,1423,812,103,136,184,178,2082,1084,163,186,269,367,1464,838,95,138,195,188,2142,1106,172,195,275,381,41346.0
5133.0,229,99,16,22,33,59,289,108,21,25,49,86,235,100,20,22,34,59,288,107,18,26,51,86,5515.0
5135.0,664,340,32,30,80,169,772,364,36,35,82,240,667,343,29,31,82,169,773,364,34,36,80,244,9115.0
5137.0,449,142,15,18,28,240,493,134,19,23,38,271,451,141,14,21,28,241,493,135,18,23,38,271,6091.0
5139.0,624,417,32,38,86,51,807,517,36,54,105,95,633,424,32,40,84,53,821,521,43,56,102,99,11563.0
5141.0,314,130,17,24,28,88,354,146,12,29,36,102,316,131,17,25,28,88,356,147,12,28,38,102,8190.0
5143.0,2397,1118,177,253,348,500,3025,1422,230,294,451,627,2444,1135,184,252,361,511,3092,1453,237,307,457,637,65331.0
5145.0,949,617,45,64,89,107,1326,790,69,94,132,205,973,631,47,64,95,108,1355,804,74,93,137,211,29112.0
5147.0,169,114,11,17,17,10,306,201,24,26,31,24,180,120,10,16,24,10,315,204,26,26,34,25,2858.0
5149.0,80,46,4,5,7,13,95,49,8,3,9,21,80,46,3,6,7,13,95,48,8,4,8,22,7191.0
6001.0,32425,12504,3790,4195,5676,6230,66946,22484,6577,7644,11260,18915,36431,14133,4171,4663,6218,7212,71405,23045,7015,8378,12114,20783,326716.0
6003.0,91,10,3,4,20,52,101,9,3,9,16,61,92,9,4,4,19,54,101,8,3,10,16,61,983.0
6005.0,1210,144,71,77,210,700,1465,159,55,77,238,927,1222,140,63,84,210,717,1477,161,47,85,232,943,15478.0
6007.0,10517,7508,758,880,862,476,20480,11866,1175,1804,2907,2689,11261,7769,804,996,1083,575,21145,11704,1272,1802,3116,3210,68549.0
6009.0,1185,134,60,83,179,724,1533,161,79,130,236,921,1218,142,66,76,191,738,1560,160,72,132,254,936,24443.0
6011.0,2299,478,165,287,576,793,2828,641,46,61,211,1869,2376,406,91,231,571,1077,2862,640,50,53,127,1992,5508.0
6013.0,40007,18060,3331,3888,5777,8944,61713,25063,5022,6226,10301,15092,43599,19404,3609,4332,6523,9722,64759,25755,5339,6600,10974,16082,331910.0
6015.0,435,55,19,25,38,241,534,62,20,34,50,300,453,61,18,25,42,249,538,54,23,26,50,316,7774.0
6017.0,3435,617,264,401,673,1465,4552,810,420,511,866,1929,3473,605,269,411,688,1485,4594,793,432,519,893,1941,76406.0
6019.0,36541,25919,3102,3195,2437,1876,70210,34435,6581,8784,13803,6584,40321,27865,3782,3553,3133,1976,72043,34285,6600,9162,14747,7226,230361.0
6021.0,2721,1337,230,276,505,372,4461,689,191,349,1287,1944,3306,1558,273,353,610,511,4579,673,159,284,1110,2352,7207.0
6023.0,2367,564,163,165,336,1046,3256,550,215,289,387,1701,2493,576,178,187,338,1117,3445,573,231,323,424,1778,37790.0
6025.0,562,363,64,75,17,42,2264,1582,233,126,195,123,583,380,64,79,19,40,2339,1633,226,142,206,127,36859.0
6027.0,628,510,17,23,32,44,1965,1678,76,63,60,83,568,446,18,19,36,47,1991,1688,87,62,65,84,6144.0
6029.0,6992,4151,389,462,677,1285,29923,21648,2441,1914,1819,2062,7442,4431,475,456,716,1335,31190,22495,2550,2109,1882,2114,216899.0
6031.0,771,552,77,42,28,61,2262,1485,128,205,321,101,806,493,154,54,31,62,2371,1564,127,221,290,146,35127.0
6033.0,3991,871,307,391,733,1628,5406,1202,388,533,922,2281,4161,936,318,404,753,1690,5610,1248,389,569,919,2404,27899.0
6035.0,825,266,54,79,112,303,1128,294,87,104,208,421,852,281,48,87,113,311,1159,304,84,112,207,438,9920.0
6037.0,180525,66368,18142,21617,31575,42791,334647,112927,31660,39385,61486,89144,212296,75003,21568,25905,38260,51527,372653,117967,34825,44057,71693,104062,1513098.0
6039.0,9151,6427,832,739,580,558,16166,5339,1379,2712,4664,2050,11064,7583,944,1127,797,596,16584,5294,1315,2477,5121,2355,40594.0
6041.0,18829,2587,1014,1598,3317,10313,22224,2507,993,1597,3662,13465,19884,2564,1016,1603,3407,11294,23019,2309,979,1536,3648,14547,77091.0
6043.0,299,43,20,30,57,141,374,52,23,35,64,185,308,47,20,28,60,145,378,48,23,39,66,186,9123.0
6045.0,1681,454,134,171,281,522,2381,498,180,215,395,950,1730,454,124,190,301,540,2427,473,194,206,423,987,29367.0
6047.0,19718,12383,1400,1512,2497,1906,34716,10387,2893,3833,7647,9930,20528,12186,1867,1697,2651,2107,35485,10230,2799,4087,7766,10577,62905.0
6049.0,577,162,55,113,104,137,988,230,63,99,153,430,610,164,44,122,120,154,1060,254,68,101,169,454,4721.0
6051.0,1308,359,120,148,299,380,1799,427,125,212,420,613,1336,362,120,157,299,396,1822,443,124,205,425,623,11457.0
6053.0,5921,3484,175,275,518,1465,9736,4907,328,527,1235,2733,6220,3647,222,272,559,1516,10543,5413,377,560,1324,2863,88901.0
6055.0,5824,2058,448,494,720,2102,8237,2600,588,709,844,3494,6297,2166,456,493,800,2380,8756,2791,624,735,928,3676,37706.0
6057.0,2924,404,186,252,533,1541,3529,425,248,312,618,1918,2989,416,190,252,548,1575,3585,424,242,325,620,1966,47652.0
6059.0,55572,17097,5680,6556,8805,17429,104841,38353,10085,12366,17393,26637,65150,20034,6321,7697,11166,19927,118340,42067,11391,14047,20391,30437,567100.0
6061.0,8389,2526,820,1080,1728,2229,12635,3684,1148,1584,2464,3748,8903,2623,889,1145,1834,2406,13343,4009,1173,1613,2562,3979,138415.0
6063.0,1303,386,127,122,199,456,1772,441,155,180,296,684,1370,415,135,137,203,467,1820,456,155,196,291,706,14154.0
6065.0,77418,26807,8540,10637,15086,16274,117828,36123,12932,16015,24187,28431,82068,27859,9096,11140,15996,17900,122264,37174,13317,16476,25039,30116,674953.0
6067.0,30115,12489,4293,4548,4582,4147,145420,18496,5658,7894,15133,98126,33564,13665,4616,5082,5364,4767,151476,17905,5448,7592,14557,105853,386457.0
6069.0,473,151,41,38,79,160,854,289,78,88,125,269,521,170,50,49,77,171,896,314,73,96,131,277,13861.0
6071.0,49120,16629,5537,6856,9924,10144,74271,24017,8460,10621,15462,15667,55097,18630,6239,7679,11179,11340,81932,25883,9606,11862,17296,17238,548501.0
6073.0,24325,5383,2034,2762,4720,9425,38471,7533,3166,4310,7867,15594,27185,5858,2272,3108,5358,10588,41478,7857,3363,4591,8610,17056,593570.0
6075.0,4202,802,383,534,1163,1320,5746,1099,569,782,1505,1791,4535,868,410,568,1269,1420,6081,1158,584,852,1568,1919,104527.0
6077.0,22538,12967,1709,3548,1855,2199,116723,43026,7838,10531,16494,38340,25842,15165,1713,4032,1924,2720,120645,41587,7706,11167,18169,41490,189527.0
6079.0,6029,1159,377,601,1106,2775,7623,1387,495,681,1397,3650,6197,1158,382,630,1154,2861,7813,1412,509,690,1431,3758,86570.0
6081.0,24238,10690,722,1182,3033,8511,36863,12971,952,1475,4222,17134,32163,10935,794,1270,3606,15457,38094,13141,958,1441,3668,18774,167990.0
6083.0,9970,3546,1178,1376,1667,2174,13379,4113,1161,2037,2793,3245,10492,3619,1182,1545,1790,2327,14225,4259,1189,2141,3066,3539,103811.0
6085.0,81972,33358,9697,11747,15908,11089,130052,47148,13923,17691,26265,24779,89236,35473,10453,12890,17550,12684,137774,48841,14531,18677,28035,27438,407236.0
6087.0,6971,1378,404,555,1066,3563,8941,1283,456,620,1516,5060,7157,1336,441,604,1108,3663,9107,1284,410,640,1525,5242,69279.0
6089.0,8930,2329,151,254,762,5426,11423,2498,161,251,689,7809,9315,2339,151,245,558,6013,11609,2502,170,254,689,7979,56875.0
6091.0,547,143,44,62,76,221,668,119,35,36,121,356,555,151,42,58,82,221,674,127,34,38,114,360,1790.0
6093.0,2840,758,226,284,550,1001,4002,964,306,367,690,1643,3010,787,251,324,578,1049,4126,987,306,381,691,1725,18655.0
6095.0,13716,6055,1534,1620,2184,2322,20482,8481,1862,2448,3744,3946,14833,6419,1650,1779,2460,2524,21585,8742,2060,2512,4026,4244,121044.0
6097.0,25166,11342,1830,2444,3515,6024,37826,15291,2865,3530,5610,10515,26964,12158,1928,2524,3883,6460,39828,15763,2928,3786,5941,11395,140258.0
6099.0,23356,19827,1265,1209,538,513,38589,26695,3404,3747,3522,1214,25398,21098,1642,1413,675,566,40083,27071,3681,4063,3847,1414,136262.0
6101.0,1075,430,126,115,134,269,23163,143,46,122,1205,21643,1184,470,122,133,168,290,23207,128,37,76,812,22150,24778.0
6103.0,5333,1635,149,242,479,2786,7420,1784,280,331,574,4396,5628,1691,178,233,485,2994,7571,1738,277,372,580,4549,21540.0
6105.0,1080,151,47,55,122,587,1288,150,56,68,151,730,1100,151,48,63,121,597,1310,146,59,78,162,731,7255.0
6107.0,18637,12918,1238,1224,1533,1721,37229,21791,3018,3691,4330,4395,19841,13567,1421,1351,1679,1820,38834,22002,3115,3969,5053,4691,113920.0
6109.0,1368,126,66,92,247,830,1736,138,80,140,311,1058,1414,133,71,95,255,853,1788,147,84,146,318,1082,23721.0
6111.0,27288,5296,2001,3135,5739,11115,36504,7551,2340,3376,6687,16548,29844,5862,2037,3104,6137,12702,39370,8094,2582,3384,7006,18302,210501.0
6113.0,12322,4343,526,641,2782,4020,23850,6065,1412,1880,4022,10448,12859,4410,534,636,1341,5928,24871,5711,1043,1530,4400,12161,50135.0
6115.0,1685,460,124,152,242,703,12471,1679,562,836,1488,7892,2142,507,197,229,369,836,12868,1221,565,831,1818,8418,22235.0
8001.0,2247,1901,56,69,96,122,4651,3967,134,148,208,191,2397,2026,67,68,104,129,4819,4104,142,154,217,199,135673.0
8003.0,164,129,22,9,3,1,214,150,9,16,36,2,165,130,15,16,3,1,220,154,10,16,37,2,5427.0
8005.0,2626,2043,105,137,198,135,5185,4021,233,286,398,236,2748,2131,122,136,207,144,5328,4101,250,311,400,255,191606.0
8007.0,723,368,30,31,68,225,930,468,32,51,65,313,748,391,27,35,64,230,949,484,33,42,75,314,8574.0
8013.0,4976,3154,127,195,296,1204,8524,5888,279,344,521,1492,5260,3381,150,197,317,1215,8724,6010,288,359,541,1526,94560.0
8014.0,195,156,6,6,14,13,415,361,12,8,17,17,208,169,6,6,13,14,431,377,11,8,18,17,21890.0
8015.0,881,394,36,42,88,320,1143,533,35,61,100,413,900,403,27,50,85,334,1170,546,37,65,102,419,9529.0
8017.0,43,43,0,0,0,0,63,63,0,0,0,0,41,41,0,0,0,0,63,63,0,0,0,0,814.0
8019.0,1484,408,46,59,157,814,1655,367,42,78,170,998,1511,412,43,62,155,839,1678,368,43,76,177,1014,5101.0
8021.0,477,323,11,14,20,101,836,640,11,20,35,120,502,346,10,15,21,102,881,678,14,21,34,123,4245.0
8023.0,202,140,4,12,17,29,367,273,8,18,24,44,209,146,5,11,18,29,369,274,8,18,24,45,1909.0
8027.0,375,162,7,18,34,153,461,196,10,21,49,184,375,161,7,17,36,153,460,191,14,18,51,185,4022.0
8029.0,656,380,26,34,78,138,936,523,34,51,112,215,674,383,33,37,79,141,962,545,33,47,111,225,12040.0
8031.0,2576,2465,14,17,21,59,5845,5607,42,38,65,93,2726,2606,17,18,25,60,6189,5939,36,43,72,99,160700.0
8033.0,84,46,6,5,8,16,100,48,7,6,9,27,87,44,8,7,7,18,105,49,7,7,9,30,1066.0
8035.0,2056,1304,98,113,203,338,3091,1962,169,197,313,449,2084,1323,105,112,206,338,3156,1997,173,203,318,464,117440.0
8037.0,2739,942,74,121,286,1311,3530,1102,122,170,365,1765,2817,962,79,121,287,1363,3646,1127,118,185,363,1847,17958.0
8039.0,292,188,12,16,32,44,366,222,27,20,38,59,292,190,13,15,30,44,363,219,27,20,37,60,9657.0
8041.0,12594,7980,480,703,1148,2279,18874,11599,798,1017,1902,3554,12441,7868,479,702,1132,2256,18789,11569,773,1014,1896,3533,221728.0
8043.0,1580,997,51,68,130,326,2344,1364,82,106,209,571,1592,1004,48,68,135,329,2371,1376,74,110,224,575,17453.0
8045.0,1372,443,37,57,115,719,1842,648,48,65,190,889,1424,463,40,60,124,736,1921,706,49,71,192,901,18080.0
8047.0,411,54,5,11,47,293,432,61,7,6,43,314,417,58,4,14,45,295,438,62,8,8,44,315,3368.0
8049.0,1106,648,30,37,73,313,1486,741,36,51,97,555,1138,678,34,40,80,301,1509,754,30,54,102,563,11882.0
8051.0,1419,816,28,46,101,426,1703,816,52,64,144,625,1449,829,29,46,113,430,1720,821,49,73,148,627,8398.0
8055.0,377,157,13,15,47,144,566,269,24,21,63,185,381,158,13,15,49,145,572,270,26,24,63,185,3950.0
8059.0,5046,2594,170,232,449,1587,8242,4982,272,400,679,1893,5346,2802,191,249,474,1616,8618,5234,300,414,708,1946,181146.0
8063.0,37,27,0,1,3,6,59,43,2,2,1,11,37,27,0,1,4,5,57,41,3,1,1,11,2418.0
8065.0,134,71,5,2,14,42,200,106,14,12,14,54,148,80,5,5,18,40,230,132,15,12,20,51,3759.0
8067.0,3329,1692,116,178,376,962,3992,1803,132,211,434,1405,3420,1712,113,184,404,1002,4066,1818,139,223,452,1428,21782.0
8069.0,6283,3811,152,214,407,1694,10443,6774,309,401,671,2278,6519,3986,143,229,416,1740,10773,6965,321,440,694,2343,117930.0
8071.0,561,227,28,29,62,215,689,265,33,42,75,273,560,224,30,31,62,213,688,268,29,44,75,271,6149.0
8073.0,73,54,3,3,3,10,114,84,3,5,9,13,73,54,4,2,3,10,112,82,5,3,10,12,687.0
8075.0,422,410,2,4,3,3,942,869,4,19,42,8,419,408,2,3,3,3,940,868,4,17,45,6,6685.0
8077.0,1586,914,63,96,187,322,2886,1731,78,102,251,719,1638,981,58,92,186,317,2981,1829,79,95,260,713,58922.0
8079.0,252,84,9,11,32,115,329,104,10,9,34,169,261,86,8,9,37,120,334,104,10,13,35,169,1213.0
8081.0,888,716,28,21,44,76,1106,529,55,127,264,128,893,722,22,26,45,75,1113,538,58,131,254,129,4428.0
8083.0,628,432,16,19,33,128,761,446,15,27,53,220,631,435,15,18,34,129,787,469,19,28,53,218,8648.0
8085.0,765,612,20,24,47,62,1350,1089,24,52,64,121,782,625,22,25,49,61,1433,1159,31,51,68,124,15550.0
8087.0,1332,670,57,65,75,465,1740,885,93,98,122,542,1348,674,59,72,73,470,1751,885,95,107,118,546,9050.0
8089.0,196,169,1,3,15,8,334,288,7,4,12,22,196,169,1,3,15,8,335,289,7,4,13,21,7389.0
8091.0,332,111,14,10,35,162,470,191,16,22,39,202,343,117,14,14,34,164,497,206,18,19,46,208,2817.0
8093.0,1031,354,27,56,142,452,1180,399,41,56,133,551,1044,359,27,54,147,457,1197,409,39,56,140,553,12626.0
8095.0,119,109,1,3,2,1,190,169,3,5,6,3,116,106,1,3,2,1,189,169,2,4,7,3,1488.0
8097.0,1433,670,32,57,158,516,1779,774,49,77,158,721,1486,699,40,49,173,525,1806,786,53,78,157,732,11768.0
8099.0,999,813,50,69,56,8,1664,1237,80,81,170,92,998,810,49,68,60,8,1666,1242,66,92,170,92,4815.0
8101.0,1624,1148,40,48,99,286,3634,2894,55,93,134,453,1706,1222,38,49,104,290,3662,2917,55,92,139,454,58446.0
8103.0,411,219,6,12,32,142,557,253,18,40,56,190,432,234,8,11,33,146,575,271,19,39,55,191,2656.0
8105.0,495,203,9,16,44,223,1078,690,27,25,42,294,510,210,11,17,39,233,1144,743,29,34,41,297,5537.0
8107.0,1441,845,61,77,141,316,1756,902,77,123,205,448,1474,859,58,81,147,328,1779,896,83,126,211,462,10485.0
8109.0,353,210,12,17,28,82,561,357,26,28,38,108,374,225,13,19,30,83,579,369,28,28,41,109,3522.0
8111.0,91,66,1,4,7,13,204,173,1,5,9,16,92,68,1,5,6,12,210,179,0,7,9,15,497.0
8113.0,449,135,12,23,56,223,522,149,19,23,49,282,460,137,16,22,63,222,534,155,19,26,47,287,3529.0
8115.0,39,38,0,0,0,1,217,216,0,0,0,1,37,36,0,0,0,1,198,197,0,0,0,1,1156.0
8117.0,1882,968,53,91,226,543,2586,1220,113,166,319,767,1974,1014,61,98,231,569,2674,1241,118,164,349,801,14056.0
8119.0,812,381,26,44,69,292,999,473,36,46,79,365,825,387,25,44,72,297,1005,473,36,47,85,364,12164.0
8123.0,3637,2192,424,414,397,184,6731,3455,785,910,1029,522,3714,2224,438,424,415,187,6886,3507,812,941,1061,535,105035.0
8125.0,247,202,8,13,13,11,368,286,15,18,26,23,240,195,11,11,12,11,363,285,15,16,26,21,3856.0
9001.0,23129,9085,1322,1943,4003,6772,30424,10416,1624,2556,5492,10331,24981,9095,1458,2070,4517,7835,32028,10252,1584,2625,5621,11940,202566.0
9003.0,12413,2868,995,1419,2810,4316,17616,3693,1259,1954,3639,7065,13354,3041,1096,1487,3003,4722,18460,3693,1350,1964,3879,7567,171562.0
9005.0,3782,2196,141,162,377,901,5002,2744,184,254,451,1364,3926,2279,131,169,385,957,5151,2730,228,277,465,1446,53417.0
9007.0,4313,2526,116,189,442,1039,5682,3215,127,238,497,1604,4743,2741,129,206,452,1214,6284,3612,138,228,523,1782,49752.0
9009.0,15789,9951,471,666,1389,3310,21547,13313,711,977,1896,4647,17905,11362,528,794,1563,3656,23314,13975,708,1069,2360,5199,187792.0
9011.0,5421,3864,124,179,354,899,6977,4674,176,234,533,1359,5924,4123,141,207,380,1072,7561,5001,161,276,551,1571,76589.0
9013.0,1769,1136,56,98,184,294,2349,1432,91,121,238,466,1851,1176,74,96,185,319,2431,1482,83,115,262,488,38384.0
9015.0,1606,1216,36,55,100,196,2119,1542,43,75,125,331,1679,1270,38,56,109,203,2187,1581,51,71,132,349,32369.0
10001.0,2628,2040,56,99,224,206,3914,2946,84,86,208,586,2892,2160,50,87,205,386,4155,3033,79,85,223,731,57668.0
10003.0,4628,3307,123,198,351,647,6648,4609,188,255,460,1132,5235,3744,132,197,413,745,7284,5039,193,293,511,1244,171916.0
10005.0,23880,13570,679,1019,2306,6231,30580,13716,607,1057,2803,12308,26598,12958,636,997,2870,9058,33256,13407,563,991,2271,15932,109220.0
11001.0,4932,934,422,607,1139,1830,7993,1425,654,906,1786,3222,5473,1057,463,636,1254,2063,8637,1497,697,992,1945,3506,97441.0
12001.0,5913,1794,698,750,1084,1581,8137,2026,923,1078,1475,2627,6601,1884,723,901,1203,1883,9032,2198,940,1177,1723,2985,74190.0
12003.0,455,190,40,57,70,98,701,260,81,83,100,177,521,197,62,61,75,126,802,279,85,113,102,223,8316.0
12005.0,16054,3479,971,1412,2905,7284,23002,4017,1157,1625,3356,12844,18950,3556,1056,1454,3162,9719,27080,4067,1198,1744,3781,16287,86036.0
12007.0,601,264,91,84,113,48,917,340,121,163,178,114,691,265,120,102,141,62,1041,359,155,168,223,135,9536.0
12009.0,44331,13036,3027,3868,7194,17184,59599,16284,4013,4645,6848,27784,51619,13805,3190,3756,6597,24249,67301,17631,4339,5099,6690,33513,208003.0
12011.0,123202,58123,16397,18431,19282,10958,197070,75445,26601,33204,38686,23121,139892,63235,18448,20590,21852,15756,217965,77190,27924,36494,46704,29639,436973.0
12013.0,206,50,21,37,49,46,278,58,23,36,60,97,224,52,20,38,51,60,306,65,25,45,59,108,5302.0
12015.0,70011,8540,965,1649,5637,53217,78428,6392,789,1250,3506,66488,76348,7664,933,1640,4271,61837,81663,3881,402,726,2375,74276,96369.0
12017.0,18530,3594,519,774,1716,11925,23000,3574,488,739,1621,16576,21239,3371,447,666,1493,15260,24593,3411,431,704,1439,18606,74311.0
12019.0,3559,1334,374,449,779,622,5389,1821,499,678,1064,1325,4281,1486,440,528,867,959,6442,2147,617,760,1101,1815,78756.0
12021.0,42953,8917,2719,3296,6728,20910,59477,8834,2513,3236,5878,38621,48709,8280,2460,3528,5967,28088,65687,8827,2802,3688,6082,43870,115572.0
12023.0,1709,423,141,222,430,492,2411,530,202,304,549,824,1959,460,189,243,493,573,2656,560,217,309,614,954,23076.0
12027.0,576,175,72,76,95,152,856,235,108,131,144,231,685,208,81,88,103,199,992,266,108,138,178,294,10244.0
12029.0,3431,1787,30,69,175,1330,4330,2499,34,45,68,1638,3681,1917,25,24,76,1596,4561,2626,27,48,76,1734,8883.0
12031.0,24066,8561,2828,3579,5170,3924,46763,11456,3838,5133,8325,18002,31542,9926,3221,4106,6629,7651,55773,11808,4011,5327,8421,26195,323337.0
12033.0,9245,5087,602,725,1247,1580,12639,5683,845,1155,1856,3096,10294,5388,684,855,1375,1988,13722,5693,912,1213,2010,3888,104813.0
12035.0,13467,7693,367,564,1075,3764,23577,13015,479,547,1114,8416,17092,9062,416,590,1331,5689,26206,14251,503,577,996,9873,47420.0
12037.0,4673,322,118,135,379,3709,6316,243,63,110,336,5553,5264,366,95,125,323,4345,6702,136,28,49,174,6303,7951.0
12039.0,580,114,47,75,141,203,726,139,53,90,178,266,623,125,52,79,152,215,782,153,65,85,189,290,16072.0
12041.0,1256,301,87,147,271,449,1776,434,140,191,320,690,1381,341,100,136,288,515,1929,473,135,216,346,757,6726.0
12043.0,704,493,18,24,88,81,1466,1102,54,56,76,177,864,626,25,27,72,114,1558,1133,66,77,90,191,4590.0
12045.0,2951,527,167,250,464,1543,3679,330,101,163,387,2698,3332,406,118,247,579,1982,4041,328,82,135,325,3171,7950.0
12047.0,190,183,0,1,3,3,277,264,0,0,3,7,214,206,0,0,4,3,298,281,0,3,4,7,4182.0
12049.0,254,205,9,10,16,14,331,271,9,14,18,19,282,230,9,8,20,15,381,312,11,16,21,21,7166.0
12051.0,2342,1350,294,268,211,166,3995,2042,525,463,545,311,2657,1493,335,339,238,191,4417,2180,561,508,596,443,12158.0
12053.0,11292,6110,310,418,715,3736,17882,9625,569,736,1473,5476,12828,6993,393,533,863,4043,20197,10352,610,1013,1815,6404,80812.0
12055.0,3823,1395,377,524,729,794,5361,1609,503,683,1288,1273,4330,1546,482,586,824,887,5874,1721,587,720,1306,1535,41408.0
12057.0,71519,8843,2554,3371,6240,50494,95432,12481,3773,5033,8594,65530,85140,10056,3013,3997,6755,61299,114587,12312,3979,5373,9841,83056,433121.0
12059.0,300,215,18,16,25,25,458,310,23,31,41,52,328,233,18,25,23,28,504,339,26,30,45,63,7023.0
12061.0,13176,6785,980,1250,1858,2266,19277,8289,1151,1471,2693,5628,15958,6782,1066,1361,2489,4220,21682,8680,1231,1414,2065,8241,60146.0
12063.0,986,239,96,142,269,240,1353,313,118,194,309,419,1077,256,110,143,306,262,1436,315,132,193,336,460,15627.0
12065.0,198,48,24,29,56,41,262,71,33,32,64,62,216,52,28,30,60,46,281,70,39,39,65,68,4973.0
12067.0,440,123,28,57,85,145,649,166,46,74,121,240,493,124,47,62,83,175,720,187,53,74,141,263,2778.0
12069.0,4541,1160,494,632,1050,1170,7011,1726,691,967,1605,1979,5446,1403,582,748,1248,1426,8123,1985,809,1088,1830,2361,141121.0
12071.0,122371,16051,4127,5277,11765,85151,155260,16119,4935,6292,9946,117968,132875,13433,3799,5112,10718,99813,170355,15678,4836,6522,10936,132383,272727.0
12073.0,6576,3730,401,558,929,949,8736,4467,527,730,1293,1708,7155,3960,442,619,1009,1116,9430,4710,563,796,1396,1953,85355.0
12075.0,4997,886,320,428,803,2556,6490,1004,379,534,926,3642,5603,928,356,493,827,2994,6964,1042,350,537,990,4040,17515.0
12077.0,102,24,14,13,19,32,138,28,12,24,33,41,117,26,19,14,25,33,151,26,17,25,31,52,2440.0
12079.0,364,111,34,52,79,88,553,142,58,70,115,168,413,115,45,53,99,101,601,147,56,73,133,192,6564.0
12081.0,29453,15596,630,890,2215,10087,41980,20413,577,932,2188,17827,34697,16436,476,844,2505,14397,49003,22008,637,982,2408,22923,136060.0
12083.0,17758,8581,964,1438,2657,4079,26820,11308,1366,1964,3980,8146,20162,9520,1096,1557,3025,4923,29397,12023,1425,2164,4381,9342,158225.0
12085.0,8568,2817,735,1074,1969,1973,12972,3998,1098,1373,2346,4157,11101,3261,818,1053,2009,3960,16349,4373,1282,1504,2804,6384,55125.0
12086.0,173046,103388,10324,13512,19505,26315,252882,123581,15660,20234,35533,57872,197915,107021,11693,15589,28615,34995,274433,122212,15551,21002,37271,78395,444774.0
12087.0,30522,16194,466,696,1605,11559,31703,6234,764,1220,3558,19925,31494,11492,973,1481,3147,14399,31800,1972,242,531,2239,26814,32540.0
12089.0,5146,1108,320,459,952,2306,10447,1527,439,568,1144,6766,6677,1358,380,480,1004,3454,12759,1571,409,597,1287,8891,35395.0
12091.0,10420,2362,842,1241,2156,3817,14831,2736,1047,1476,2666,6904,11622,2370,899,1248,2418,4685,16151,2826,1085,1478,2756,8004,74999.0
12093.0,1733,667,212,276,404,172,2674,894,356,365,555,501,2031,748,255,267,487,272,3021,969,373,440,621,615,15584.0
12095.0,11395,8772,373,486,752,1011,20180,14665,800,998,1726,1990,14441,11000,495,689,1006,1250,24809,18103,943,1234,1963,2565,342120.0
12097.0,4769,4118,176,208,198,66,8150,6900,338,291,415,201,6157,5298,244,242,267,102,10136,8602,417,391,473,248,128755.0
12099.0,100183,44376,14880,15867,16300,8726,165082,57048,23797,29134,35353,19702,113875,46955,16520,18167,18928,13268,182399,58354,25858,32031,41054,25052,392117.0
12101.0,30592,5970,1987,2723,4467,15445,50973,9608,3404,4378,7756,25827,37283,6984,2345,3116,5352,19486,63112,9925,3740,4815,8826,35806,209927.0
12103.0,81716,15635,1650,2462,5982,55948,111798,21327,2462,3575,7657,76733,100407,18043,1804,2633,5929,71957,133244,17460,1851,3145,8847,101889,270633.0
12105.0,11918,8047,562,755,1230,1309,19381,13036,895,1157,1902,2371,13982,9411,597,876,1458,1623,21956,14584,1133,1214,2191,2810,245536.0
12107.0,2441,742,266,308,540,573,3769,993,340,418,699,1305,2759,793,272,355,619,708,4191,1078,324,483,772,1518,35555.0
12109.0,18028,9172,641,1097,2266,4811,29345,8289,666,1063,2881,16375,21571,8593,577,905,2862,8582,33165,8543,443,706,1774,21610,105581.0
12111.0,21568,9947,2066,2173,2172,5201,31011,14864,3166,3420,3522,6030,24559,11348,2465,2610,2568,5559,34828,16455,3729,3970,4194,6471,117506.0
12113.0,11341,7594,461,638,1114,1503,14962,7894,463,643,1594,4329,12314,7498,430,626,1450,2278,16106,8111,420,592,1358,5582,68522.0
12115.0,38231,11941,1818,2671,6082,15712,58704,14959,2495,3442,7242,30557,47160,12309,1909,2684,5734,24517,72129,15141,2588,3691,8710,41990,159257.0
12117.0,10021,8773,156,238,352,456,14842,12480,242,339,717,989,11944,10356,185,271,478,598,17013,14215,287,392,793,1242,154813.0
12119.0,5530,1578,616,831,1371,1129,7818,1925,814,1265,1865,1942,6260,1622,779,947,1570,1337,8805,2170,881,1202,2273,2272,70590.0
12121.0,2083,477,161,281,467,697,2975,624,236,297,652,1166,2335,505,197,260,564,809,3250,671,257,323,670,1329,15339.0
12123.0,2995,424,143,222,364,1841,3870,599,205,287,521,2257,3310,447,177,218,358,2109,4287,644,211,325,589,2517,8560.0
12125.0,123,56,17,15,19,15,166,69,19,25,32,20,139,60,20,18,24,16,178,67,29,22,32,27,3550.0
12127.0,30087,10251,2758,3591,5543,7931,48644,14431,3911,5491,9344,15451,38125,11961,3185,4334,7015,11615,60885,15106,4261,5975,11661,23866,198438.0
12129.0,4566,488,167,250,517,3140,6384,641,223,327,666,4522,5202,540,196,276,566,3620,8095,663,209,332,816,6069,13312.0
12131.0,7747,1841,588,852,1606,2817,10621,1599,540,728,1989,5690,8843,1639,585,858,2075,3636,11834,1554,603,798,1682,7112,52776.0
12133.0,537,142,80,84,120,103,746,200,78,109,173,171,578,149,79,90,136,114,779,189,92,110,188,184,10653.0
13001.0,438,294,18,14,47,63,557,367,15,28,45,100,467,314,15,21,41,74,634,428,20,27,41,115,6852.0
13003.0,88,83,2,0,2,1,131,123,1,4,0,3,100,93,4,0,1,2,143,133,0,6,1,3,2435.0
13005.0,124,109,7,5,2,0,169,152,2,5,9,0,141,126,3,8,3,0,188,169,2,4,11,1,3779.0
13007.0,85,63,1,0,5,16,126,84,1,7,5,29,93,64,4,3,2,20,132,82,3,6,8,33,920.0
13009.0,1287,947,31,52,105,152,1809,951,52,82,186,538,1360,978,33,63,115,171,1865,955,46,77,186,601,14518.0
13011.0,180,82,13,10,24,51,208,95,6,13,30,64,188,89,11,12,24,52,212,95,6,13,31,67,6801.0
13013.0,979,673,45,38,100,122,1214,811,41,59,115,187,1020,701,35,50,102,131,1279,859,37,59,126,197,25946.0
13015.0,3060,1377,204,257,403,819,3693,1511,279,350,498,1055,3266,1477,193,295,428,873,3857,1536,287,411,516,1107,34918.0
13017.0,240,210,6,6,15,3,303,254,13,6,13,16,259,223,9,3,13,11,320,267,13,8,14,17,5989.0
13019.0,233,199,6,6,15,7,327,279,7,12,12,17,258,218,7,9,12,12,356,305,5,9,19,18,6541.0
13021.0,3034,1565,206,274,533,455,3913,1943,228,346,694,701,3144,1603,207,282,575,476,4056,1985,262,349,696,763,48741.0
13023.0,254,215,5,11,17,6,285,222,9,18,19,17,258,212,9,11,18,8,297,231,9,14,25,18,4322.0
13025.0,307,275,3,9,10,8,370,316,10,5,15,21,323,285,4,10,14,8,406,334,15,12,18,24,6211.0
13027.0,228,212,3,0,5,8,258,240,1,2,3,12,239,223,2,1,3,10,274,252,4,2,3,13,5838.0
13029.0,956,836,19,20,32,48,2024,1515,57,89,148,214,1473,1216,32,43,78,103,3037,1868,86,152,281,649,14689.0
13031.0,897,683,32,36,96,50,1175,850,54,64,114,93,999,751,52,39,99,58,1278,931,54,63,123,107,21773.0
13033.0,351,279,8,21,19,22,436,337,9,18,32,38,372,291,11,23,22,23,460,350,13,16,34,44,9251.0
13035.0,913,238,28,38,103,506,1020,223,30,37,96,632,946,240,34,45,105,522,1036,223,28,43,86,654,8653.0
13037.0,71,63,1,3,3,1,104,90,6,3,3,2,77,69,1,3,2,2,109,95,5,4,3,2,1931.0
13039.0,3703,1516,158,249,517,1262,8615,1672,260,339,887,5455,5179,1627,232,342,705,2271,9777,1322,202,272,701,7278,17620.0
13043.0,180,144,8,7,15,6,226,168,10,17,19,12,195,153,11,7,17,7,239,174,14,14,23,14,3988.0
13045.0,1680,1126,81,102,180,190,2189,1380,96,129,268,315,1767,1180,70,112,201,203,2286,1436,88,150,274,337,38813.0
13047.0,1999,1277,96,137,204,285,2935,1662,143,209,349,572,2085,1312,103,150,213,307,3048,1587,155,220,410,676,22748.0
13049.0,80,68,4,2,1,5,114,94,1,4,2,13,86,70,1,7,2,6,129,102,1,3,9,14,3345.0
13051.0,25688,8482,974,1227,3148,11755,35032,9411,1363,1320,2903,19907,31139,8753,1069,1262,2771,17165,39962,9765,1313,1638,2759,24351,91759.0
13053.0,23,16,0,2,2,3,24,16,0,0,4,4,24,16,0,2,3,3,24,16,0,0,4,4,1062.0
13055.0,1061,647,46,60,108,200,1253,705,50,73,131,294,1094,654,53,63,104,220,1311,733,51,81,136,310,9053.0
13057.0,4035,1465,227,331,664,1346,5185,1754,322,446,836,1825,4344,1562,238,355,725,1462,5455,1850,308,499,881,1915,89179.0
13059.0,1463,643,62,113,196,449,1798,740,72,128,255,603,1554,682,72,115,202,483,1879,772,92,125,268,622,30688.0
13061.0,82,70,0,3,4,4,146,124,1,4,8,8,94,81,1,1,6,4,155,132,0,2,10,10,1596.0
13063.0,4234,901,453,644,1090,1144,5504,1123,526,734,1475,1644,4523,976,482,659,1176,1228,5810,1190,541,756,1559,1762,78109.0
13065.0,439,434,0,1,2,0,688,676,2,3,3,2,500,495,0,1,2,0,759,741,6,5,3,2,2372.0
13067.0,15594,11626,403,592,1143,1830,19418,14088,542,653,1469,2663,16638,12333,411,631,1234,2026,20474,14831,551,714,1519,2856,217663.0
13069.0,476,362,23,23,40,22,613,450,24,35,52,46,522,393,24,24,48,27,659,481,21,43,51,57,12736.0
13071.0,481,445,11,7,14,4,609,540,17,14,22,16,522,475,16,10,16,5,655,574,17,21,18,25,14113.0
13073.0,2893,1818,119,174,366,416,3645,2204,141,220,434,646,3053,1913,121,189,371,459,3820,2279,159,225,464,693,53739.0
13075.0,317,287,8,11,4,7,438,388,13,12,13,9,360,324,12,10,7,7,515,460,10,16,16,10,6362.0
13077.0,1754,901,95,142,217,399,2137,1052,115,180,295,495,1826,935,106,138,230,417,2223,1090,112,187,313,521,48116.0
13079.0,199,147,7,6,12,27,238,168,10,8,18,34,203,148,8,7,10,30,245,171,11,10,19,34,4830.0
13081.0,1011,617,23,33,67,271,1242,678,30,36,90,407,1053,636,22,34,61,299,1295,689,30,48,78,449,7762.0
13083.0,446,312,5,14,33,80,570,381,5,22,41,119,462,321,9,13,36,81,582,385,12,18,42,123,5310.0
13085.0,484,210,18,32,68,156,573,240,17,40,79,197,501,220,16,33,71,161,595,250,16,39,81,209,10622.0
13087.0,1515,707,74,81,175,477,2117,918,108,125,182,783,1625,762,81,72,196,513,2219,943,114,132,204,825,10573.0
13089.0,11862,4851,587,947,2025,3451,15308,5927,767,1153,2572,4888,12769,5224,631,998,2155,3760,16082,6143,809,1243,2702,5184,207360.0
13091.0,235,199,2,8,11,13,303,246,5,14,12,24,248,209,5,5,12,15,317,257,4,13,17,24,6790.0
13093.0,272,168,7,2,23,72,357,232,4,8,16,97,283,173,5,7,21,77,363,230,5,12,15,101,3278.0
13095.0,2852,1959,166,169,232,326,4398,2901,261,263,397,576,3097,2077,186,196,264,374,4909,3209,260,314,445,681,24585.0
13097.0,2323,1208,107,163,307,538,2884,1438,138,220,380,708,2490,1298,118,165,328,581,3059,1533,130,230,429,737,44286.0
13099.0,239,179,3,5,10,41,299,218,9,6,12,52,254,188,7,5,8,45,315,231,9,6,10,57,4303.0
13101.0,61,52,3,1,3,2,74,60,3,4,3,4,66,55,3,2,3,3,78,63,1,3,7,4,1245.0
13103.0,749,487,71,69,71,50,1125,701,102,109,128,83,864,554,79,89,82,59,1286,786,133,124,146,95,22696.0
13105.0,181,124,4,6,13,33,226,151,4,11,14,45,190,127,6,6,13,37,243,162,6,9,17,48,8175.0
13107.0,325,272,9,11,18,15,375,286,7,11,25,46,336,279,11,8,22,16,390,294,12,10,22,52,8274.0
13109.0,132,86,6,7,13,20,175,106,10,8,14,37,144,93,9,5,15,22,189,117,9,8,14,41,3859.0
13111.0,2478,862,60,91,200,1247,2739,937,64,80,215,1423,2515,873,55,85,212,1272,2771,943,60,88,226,1434,17185.0
13113.0,1854,1406,65,90,158,128,2372,1718,102,135,217,190,1965,1487,70,103,161,135,2485,1788,97,145,236,209,40017.0
13115.0,3431,2641,93,141,230,325,4447,3094,141,149,331,731,3609,2718,100,149,277,364,4666,3225,134,142,346,818,31483.0
13117.0,2456,1593,69,115,252,427,3230,1980,109,151,329,661,2695,1720,79,118,278,500,3413,2068,119,159,359,708,82155.0
13119.0,240,162,11,7,22,38,317,208,11,14,33,51,258,175,11,8,25,39,329,217,10,15,33,54,9118.0
13121.0,15676,7598,643,1006,2023,4406,20283,9097,805,1280,2626,6475,16826,8002,691,1104,2197,4832,21415,9551,857,1323,2771,6913,255793.0
13123.0,2368,727,52,81,185,1319,2562,725,52,92,187,1502,2399,735,56,88,175,1341,2597,742,55,87,183,1526,15982.0
13125.0,21,15,0,0,3,3,24,17,0,0,4,3,21,15,0,0,3,3,26,19,0,0,4,3,949.0
13127.0,15855,3853,425,647,1941,8923,21725,2440,353,519,1367,16927,19452,4145,509,738,1707,12257,23484,1648,204,327,1095,20074,30048.0
13129.0,1394,944,46,77,137,189,1766,1164,80,70,168,283,1456,989,52,61,152,201,1813,1187,84,82,166,293,18477.0
13131.0,280,168,15,9,28,60,341,202,18,16,28,77,305,184,18,13,25,65,355,208,21,15,30,81,8957.0
13133.0,871,455,28,60,129,199,1083,474,36,50,117,406,898,453,33,58,130,224,1104,475,25,53,117,434,9269.0
13135.0,15288,11477,381,619,1175,1636,18903,13656,461,767,1460,2558,16193,12085,391,637,1280,1799,19949,14398,500,781,1551,2718,256787.0
13137.0,752,196,34,47,109,366,894,248,30,47,135,434,778,208,28,48,114,380,932,254,34,52,140,452,15039.0
13139.0,1613,954,46,84,167,360,2245,1326,70,103,241,503,1728,1018,55,88,178,387,2388,1390,89,108,261,538,63022.0
13141.0,513,302,16,27,52,115,644,326,19,32,64,202,538,307,16,28,59,127,684,343,15,33,69,222,4198.0
13143.0,453,271,17,12,51,100,560,325,17,24,55,137,470,281,15,14,50,108,576,332,19,22,56,145,10798.0
13145.0,691,272,28,62,103,224,813,287,41,60,113,310,712,281,27,57,110,235,839,296,38,63,111,329,13658.0
13147.0,333,209,12,18,27,64,406,261,11,19,40,71,359,232,10,18,30,66,433,279,10,22,40,78,11917.0
13149.0,213,129,8,13,15,48,241,140,9,14,24,54,213,130,5,14,15,49,245,142,7,12,27,57,4102.0
13151.0,3250,2132,126,186,366,440,4107,2631,157,233,460,626,3458,2249,139,201,380,489,4281,2732,167,241,476,665,77731.0
13153.0,1820,899,154,172,229,361,2384,1138,171,275,309,486,1894,924,166,178,241,380,2438,1134,177,281,335,506,53984.0
13155.0,108,102,2,2,2,0,167,157,2,3,3,2,128,122,1,3,2,0,191,179,3,2,5,2,3493.0
13157.0,838,468,53,64,112,140,996,552,53,71,135,184,858,479,54,64,114,146,1037,573,46,82,139,195,26648.0
13159.0,628,106,9,13,38,453,661,109,12,14,34,481,630,105,8,14,37,457,669,109,13,14,35,487,6227.0
13161.0,170,145,5,6,6,4,258,224,4,12,5,9,193,164,7,7,6,5,302,264,8,10,7,9,4772.0
13163.0,206,176,3,3,11,13,265,222,6,5,15,17,213,181,5,3,10,14,280,235,6,3,18,18,6326.0
13165.0,273,239,8,6,8,12,343,285,8,12,15,23,288,250,10,2,13,13,361,298,9,15,15,24,3305.0
13167.0,99,83,1,5,3,7,113,88,2,7,7,9,102,85,2,5,3,7,117,91,2,6,9,9,3409.0
13169.0,394,248,18,24,39,63,464,289,13,33,42,85,404,253,17,25,40,67,474,297,13,32,40,90,10448.0
13171.0,171,110,9,10,23,19,205,125,13,15,22,30,176,111,11,12,21,21,213,133,12,13,23,32,6580.0
13173.0,150,120,8,12,5,3,199,152,8,15,13,9,163,126,13,12,7,3,218,164,13,10,19,10,3491.0
13175.0,782,560,25,41,66,89,973,678,36,48,73,137,821,585,28,40,70,97,1013,706,38,47,77,144,18204.0
13177.0,813,524,49,49,70,121,1053,637,80,68,89,179,870,551,51,64,73,131,1125,679,93,65,100,188,10535.0
13179.0,2605,2174,16,24,75,309,3598,2960,29,32,62,505,2918,2400,24,29,57,399,4738,3894,50,57,106,618,19050.0
13181.0,109,83,4,4,7,11,178,123,4,5,17,29,114,87,4,3,9,11,208,138,6,3,17,44,4165.0
13183.0,236,182,14,18,9,10,365,236,23,28,48,27,257,189,19,21,15,10,405,262,18,37,50,34,4419.0
13185.0,1036,824,38,45,77,52,1370,1081,54,56,99,80,1198,952,40,53,91,62,1573,1255,45,72,103,98,36050.0
13187.0,891,374,16,31,85,385,983,387,23,32,93,448,918,387,13,32,85,401,1005,392,27,35,92,459,11642.0
13189.0,188,164,4,4,7,9,212,182,5,6,7,12,191,165,4,5,6,11,221,188,5,6,9,13,7072.0
13191.0,1554,934,50,78,151,337,2913,1306,82,95,234,1185,2021,1131,42,56,163,622,3597,1435,75,99,252,1722,6653.0
13193.0,212,165,6,5,14,20,274,200,7,5,19,40,230,176,6,8,14,24,286,207,7,6,18,44,4547.0
13195.0,393,247,23,22,36,62,450,280,20,26,40,79,408,259,21,25,34,66,461,282,20,31,41,82,11597.0
13197.0,90,67,1,3,5,13,101,75,2,2,6,15,90,66,2,3,5,13,105,77,4,2,6,15,2843.0
13199.0,211,150,7,11,12,31,268,190,9,12,19,38,219,154,7,14,11,33,283,201,4,14,22,42,8762.0
13201.0,263,200,11,13,25,11,341,243,14,21,31,28,283,209,16,16,27,11,362,257,15,23,30,33,2394.0
13205.0,711,580,26,28,26,49,1002,784,29,42,67,77,765,622,23,31,36,51,1070,823,34,44,79,87,7331.0
13207.0,413,234,15,21,34,108,524,269,17,22,47,168,426,237,14,27,35,112,536,274,10,25,50,176,10212.0
13209.0,181,113,7,10,12,36,222,107,5,11,23,70,189,104,11,13,16,42,234,110,4,10,18,86,3395.0
13211.0,287,187,5,15,47,32,365,201,7,24,49,83,294,191,4,14,49,35,381,212,8,18,47,95,7374.0
13213.0,854,649,15,43,52,95,1013,747,26,35,77,128,892,679,22,37,53,101,1048,764,31,37,84,132,11678.0
13215.0,5423,1907,306,442,1042,1725,7059,2589,336,521,1247,2365,5823,2042,308,489,1086,1897,7554,2738,374,533,1325,2583,57122.0
13217.0,1197,497,44,67,119,470,1428,594,58,81,151,544,1227,505,51,66,126,479,1468,609,66,77,152,564,37019.0
13219.0,475,292,18,20,54,91,575,357,18,31,52,117,493,308,17,19,52,97,591,365,18,32,55,121,14467.0
13221.0,179,99,7,7,27,39,206,110,10,13,29,44,185,102,7,9,28,39,213,115,9,12,29,48,6115.0
13223.0,2777,1336,136,218,417,670,3398,1613,160,229,496,899,2913,1404,129,229,439,712,3529,1675,158,244,513,938,56745.0
13225.0,356,260,15,16,30,35,459,332,13,23,41,50,370,267,19,16,31,37,475,346,12,24,38,55,9344.0
13227.0,721,333,31,29,74,252,831,370,27,49,85,298,749,347,31,33,81,255,858,387,30,43,92,304,13073.0
13229.0,206,162,4,10,14,16,283,220,9,8,18,28,234,184,8,9,15,18,315,243,13,10,21,28,7449.0
13231.0,146,103,6,8,12,17,183,132,6,11,10,24,153,110,4,9,12,18,190,135,8,13,10,24,6835.0
13233.0,1499,1084,55,67,119,173,2151,1295,74,108,264,408,1607,1160,51,76,134,185,2220,1304,69,107,270,468,14837.0
13235.0,183,146,2,3,9,23,216,162,2,10,9,33,184,145,2,4,9,24,229,171,3,4,16,35,3525.0
13237.0,2225,1406,58,112,234,412,2991,1406,70,144,316,1051,2345,1414,92,102,266,468,3089,1385,85,136,316,1163,12792.0
13239.0,101,71,2,4,2,20,154,111,5,2,6,28,115,83,1,3,4,22,164,117,1,4,8,32,1750.0
13241.0,1435,291,28,52,139,918,1628,312,33,47,165,1064,1463,296,30,48,151,931,1652,320,40,40,162,1083,10762.0
13243.0,86,69,2,1,9,4,100,79,1,1,9,9,91,72,2,1,10,5,109,84,5,1,9,9,2958.0
13245.0,3815,2168,189,262,499,697,6682,3773,569,515,759,1066,4080,2278,201,295,541,765,7009,3916,319,759,852,1163,62644.0
13247.0,1412,765,73,97,192,285,1734,912,87,117,242,376,1473,800,71,98,202,302,1829,957,86,116,254,416,29224.0
13249.0,68,52,2,5,3,6,85,69,2,3,4,7,74,58,2,5,3,6,87,71,2,3,4,7,1647.0
13251.0,287,267,4,1,7,8,380,345,5,5,9,15,327,300,6,4,5,11,408,365,5,12,10,15,5937.0
13253.0,836,487,44,67,117,121,1084,412,36,60,140,436,873,467,55,72,127,152,1142,439,35,59,145,464,3875.0
13255.0,652,473,33,38,65,36,836,598,36,54,81,58,686,498,30,40,73,38,888,628,39,57,91,64,27233.0
13257.0,443,304,11,16,44,68,553,375,21,23,49,85,465,318,14,17,43,73,578,387,23,27,50,91,9911.0
13259.0,33,26,3,0,1,3,42,33,2,2,2,3,38,31,2,1,1,3,48,38,3,2,2,3,1810.0
13261.0,827,385,20,44,67,305,982,426,26,33,82,408,857,388,16,51,67,329,1001,428,27,32,77,429,10424.0
13263.0,76,51,2,3,5,15,93,57,4,2,11,19,78,52,3,2,6,15,95,59,4,1,10,21,2821.0
13265.0,21,13,3,1,2,2,23,14,2,3,1,3,21,13,3,1,2,2,25,15,2,3,2,3,931.0
13267.0,282,220,6,14,21,20,364,257,15,9,20,62,301,234,8,7,26,25,384,265,14,17,18,69,7450.0
13269.0,158,108,6,5,10,28,196,133,4,9,14,35,163,112,6,6,8,30,205,138,5,6,18,37,3309.0
13271.0,147,111,4,3,8,21,180,131,5,4,10,30,155,117,0,7,9,22,186,134,6,4,8,34,4398.0
13273.0,133,103,4,4,14,7,221,169,11,7,21,12,166,132,5,4,16,8,233,180,9,7,22,14,3870.0
13275.0,614,494,25,30,31,34,785,617,36,44,35,53,678,545,26,34,35,38,828,645,33,48,43,59,16086.0
13277.0,624,508,23,26,43,22,765,599,34,30,54,45,663,533,25,32,43,28,800,612,37,34,62,51,12806.0
13279.0,360,270,11,15,30,33,454,293,14,23,46,77,389,284,16,15,34,39,480,301,18,24,43,93,9555.0
13281.0,1256,323,42,79,198,612,1483,371,46,60,207,797,1279,328,47,68,194,640,1514,378,52,58,198,826,7989.0
13283.0,78,64,3,5,3,3,90,73,3,2,4,8,84,70,2,4,4,4,90,71,5,2,4,8,2447.0
13285.0,1012,590,46,66,131,178,1244,704,54,102,146,237,1040,592,49,74,136,188,1298,736,62,95,146,258,22773.0
13287.0,56,48,2,4,1,1,67,58,0,1,6,2,58,50,1,4,2,1,73,63,1,0,7,2,2369.0
13289.0,174,137,4,4,11,18,210,169,1,8,9,23,181,144,3,4,12,18,217,176,2,6,10,23,3731.0
13291.0,1332,559,44,87,136,504,1482,585,46,70,175,604,1357,557,42,88,148,520,1518,573,56,77,185,625,14087.0
13293.0,400,243,20,22,49,66,461,268,20,35,50,88,425,261,18,26,51,69,480,283,17,35,51,94,10414.0
13295.0,3088,1540,105,149,286,991,3850,1712,103,171,364,1481,3196,1575,108,138,312,1044,3957,1765,96,164,380,1533,24527.0
13297.0,652,455,29,37,60,68,839,565,45,61,64,101,699,486,35,39,62,74,874,581,46,62,77,105,29759.0
13299.0,611,490,25,33,36,27,932,746,39,44,52,51,731,595,25,31,44,36,1041,833,41,48,54,65,12854.0
13301.0,42,33,0,2,5,2,59,46,2,3,3,5,43,34,0,2,5,2,64,49,2,4,4,5,2559.0
13303.0,291,247,10,9,15,8,334,269,14,10,21,18,300,253,9,12,14,10,349,278,18,11,20,20,7608.0
13305.0,329,229,27,13,36,24,438,291,24,35,44,44,351,243,24,21,37,26,476,315,27,33,49,52,9746.0
13307.0,9,7,0,0,1,0,14,12,0,0,0,1,9,7,0,0,0,1,17,15,0,0,0,1,781.0
13309.0,124,98,4,4,5,12,147,91,5,13,19,18,126,98,3,7,3,14,152,85,3,13,24,25,1923.0
13311.0,972,287,32,57,123,467,1098,311,31,62,137,549,1002,303,30,55,127,480,1124,317,32,62,136,569,11679.0
13313.0,2299,1625,69,128,223,253,2834,1954,107,160,281,331,2418,1697,83,141,230,266,2932,2023,108,158,291,351,28485.0
13315.0,135,112,5,3,13,2,169,138,3,5,10,13,137,114,2,5,10,6,175,142,1,6,13,13,2892.0
13317.0,64,53,0,2,2,7,75,62,1,1,1,10,68,57,0,1,2,8,78,64,2,1,1,10,4373.0
13319.0,152,136,2,1,9,4,199,175,2,2,13,7,156,140,2,1,9,4,205,180,3,0,12,10,4007.0
13321.0,406,291,16,31,42,26,501,326,19,31,58,67,422,302,12,26,49,33,531,340,21,32,52,86,5794.0
16001.0,1080,871,37,65,60,38,2517,1899,77,103,142,287,1236,965,41,73,101,47,2746,2040,98,120,165,314,25049.0
16003.0,199,105,9,5,9,54,271,118,3,11,34,84,211,108,8,8,11,58,284,120,6,10,31,94,891.0
16005.0,3371,2266,111,99,232,576,5673,3852,170,152,290,1103,3783,2569,78,147,240,659,6075,4090,155,182,333,1202,26999.0
16007.0,718,564,15,23,33,80,1172,939,35,23,57,114,775,611,17,26,31,87,1216,964,27,38,58,125,3492.0
16009.0,715,253,6,31,51,346,814,259,17,27,38,444,730,260,6,17,64,354,824,259,12,30,38,455,4230.0
16011.0,3107,2454,116,144,222,150,5064,3706,266,323,430,308,3292,2568,118,147,271,167,5280,3779,268,401,451,350,13321.0
16013.0,4241,1860,98,190,307,1742,5697,2073,176,279,408,2691,4493,1874,140,179,320,1932,5994,2073,163,263,502,2922,13900.0
16015.0,656,142,15,16,59,423,755,144,18,21,46,524,669,145,17,11,60,435,774,153,13,24,45,537,3316.0
16017.0,3653,1878,127,193,434,1013,4696,2091,152,230,538,1675,3828,1917,141,202,453,1107,4879,2114,191,211,581,1771,22179.0
16019.0,4142,3569,65,62,152,269,8716,7690,154,177,205,459,4577,3937,65,74,162,313,9662,8533,140,231,242,482,36998.0
16021.0,596,286,24,32,61,193,770,340,22,37,89,282,619,287,21,46,61,204,805,349,28,33,88,307,4677.0
16023.0,106,81,4,3,5,7,153,104,4,1,25,13,111,83,4,6,3,9,161,109,4,1,26,15,340.0
16025.0,262,159,6,6,5,26,364,223,11,3,13,36,290,177,10,5,6,27,376,226,10,9,11,39,840.0
16027.0,7751,5525,219,349,748,908,12080,7771,395,579,1094,2237,8443,5897,255,364,809,1114,12734,8007,427,638,1204,2454,71844.0
16029.0,87,66,11,2,4,3,118,80,5,3,21,8,91,67,2,14,4,3,126,84,3,5,12,21,405.0
16031.0,1150,861,31,25,50,178,1888,1369,53,55,116,289,1230,920,28,32,54,191,2009,1442,53,77,119,311,7418.0
16033.0,113,93,0,4,7,9,179,133,2,12,15,17,120,98,2,2,8,10,192,138,4,7,19,24,333.0
16035.0,955,204,23,32,78,611,1093,211,21,33,69,751,982,212,20,37,78,628,1132,221,26,35,75,766,3923.0
16037.0,828,429,21,26,59,293,1060,433,34,51,81,461,867,436,25,24,73,309,1112,426,50,54,91,490,2780.0
16039.0,1149,760,28,34,66,250,2333,1640,71,108,98,400,1253,817,36,31,85,271,2646,1910,69,120,115,415,9204.0
16041.0,410,289,10,17,30,64,610,412,28,25,47,98,452,323,9,18,28,74,662,444,29,32,51,106,3668.0
16043.0,922,543,21,23,49,274,1204,673,33,55,88,339,972,567,27,34,53,278,1246,690,35,51,102,351,8472.0
16045.0,115,67,9,1,7,30,198,114,4,6,17,56,121,71,4,7,6,32,208,121,4,4,18,60,6625.0
16047.0,742,704,4,5,8,21,1285,983,81,92,92,37,857,805,14,6,11,21,1324,989,73,101,118,43,4379.0
16049.0,1188,251,22,36,81,651,1326,242,21,33,78,791,1209,241,21,43,84,671,1339,233,24,39,77,805,8041.0
16051.0,862,749,13,14,28,52,2656,2018,83,122,190,226,976,855,8,16,34,57,2843,2133,86,115,241,249,8195.0
16053.0,405,319,16,21,28,19,675,495,35,40,49,53,442,339,23,18,38,22,713,524,30,43,53,60,5839.0
16055.0,6943,4266,226,323,570,1517,10204,5914,381,492,1023,2342,7478,4531,322,341,617,1623,10787,6232,345,545,1074,2538,62659.0
16057.0,1596,614,73,105,232,481,1936,627,79,130,281,713,1667,620,73,106,258,513,1982,626,73,130,305,742,10277.0
16059.0,1312,522,29,63,93,594,1734,616,44,76,127,860,1362,546,28,63,106,608,1777,604,57,74,136,894,4177.0
16061.0,229,103,13,15,46,52,287,89,16,19,55,107,241,103,15,16,49,58,290,81,9,28,53,118,1414.0
16063.0,68,45,2,2,9,5,95,56,4,3,7,14,73,49,2,1,7,8,101,58,6,1,8,15,619.0
16065.0,1010,879,21,25,58,17,2093,1682,47,76,162,116,1239,1027,40,54,58,50,2192,1761,43,92,164,122,8067.0
16067.0,939,506,60,25,92,256,2583,1485,66,99,226,704,1102,599,42,44,122,295,2868,1609,67,115,238,836,6770.0
16069.0,1110,335,14,47,102,607,1344,346,32,42,93,824,1155,352,23,35,101,639,1378,357,25,46,95,848,12972.0
16071.0,352,252,7,10,25,56,597,426,19,18,42,90,376,268,9,11,28,58,637,451,21,18,47,98,1956.0
16073.0,897,322,18,29,61,464,1120,369,23,39,78,607,930,331,25,23,65,483,1185,403,27,33,90,628,3766.0
16075.0,1344,1083,36,40,83,101,2085,1365,110,111,209,289,1485,1189,34,44,99,118,2181,1330,133,163,231,323,8261.0
16077.0,193,90,15,15,18,54,275,132,10,17,37,78,209,101,7,19,22,59,298,147,9,18,39,84,2261.0
16079.0,4053,855,153,220,573,1796,4334,468,95,198,508,2574,4145,748,168,243,527,1991,4377,413,92,164,496,2716,7968.0
16081.0,724,494,43,60,73,54,950,559,53,55,150,133,758,506,34,72,77,69,1005,553,68,67,162,155,3811.0
16083.0,1155,835,31,80,69,140,2121,1534,67,74,176,270,1350,979,47,75,94,155,2295,1659,70,93,178,295,28210.0
16085.0,1276,701,87,71,116,244,1674,771,65,133,207,429,1341,740,85,75,126,257,1753,828,51,93,242,470,12944.0
16087.0,925,494,32,71,88,226,1356,583,71,69,162,449,965,490,38,65,111,246,1406,588,41,96,159,500,3924.0
17001.0,36,19,0,0,2,2,42,24,1,0,1,3,36,19,0,0,2,2,42,25,0,0,1,3,1130.0
17003.0,136,81,2,4,8,33,159,97,2,3,8,40,143,87,1,4,9,34,161,97,4,3,8,40,431.0
17005.0,15,11,0,0,1,2,21,13,2,2,1,2,15,9,2,0,1,2,21,12,3,2,1,2,801.0
17007.0,48,36,2,3,4,3,72,52,0,3,10,7,50,37,2,3,5,3,76,56,0,2,10,8,2046.0
17009.0,19,9,0,0,4,6,23,12,0,0,4,7,20,10,0,0,4,6,23,12,0,0,4,7,584.0
17011.0,311,266,4,7,13,11,487,415,6,9,20,23,321,275,4,7,14,11,499,424,6,11,20,24,11793.0
17013.0,89,53,4,2,14,15,96,56,4,5,11,19,92,56,3,3,14,15,96,55,4,5,11,20,353.0
17015.0,618,132,53,67,103,261,857,204,56,77,148,370,630,136,52,66,106,268,893,222,55,86,156,372,7474.0
17017.0,22,21,0,0,1,0,49,41,0,0,2,4,23,22,0,0,1,0,49,41,0,0,2,4,383.0
17019.0,1584,1075,110,121,178,92,3064,1896,253,278,367,256,1675,1126,131,130,184,96,3185,1978,253,296,379,265,48430.0
17021.0,94,71,1,3,7,12,118,91,3,1,6,17,96,73,1,3,6,13,121,94,3,1,6,17,2844.0
17023.0,165,112,3,7,11,32,229,168,2,4,15,40,167,114,1,8,11,33,237,176,1,6,13,41,7160.0
17025.0,19,16,0,0,1,1,28,24,0,0,1,2,20,17,0,0,1,1,30,26,0,0,1,2,668.0
17027.0,346,326,6,5,7,1,513,467,8,11,14,11,390,369,4,7,7,2,533,484,9,4,20,14,13706.0
17029.0,80,68,1,3,3,1,114,99,1,1,4,5,83,71,1,2,4,1,115,100,1,1,4,5,2695.0
17031.0,94868,53124,9888,10585,13653,7597,172372,89627,17349,19734,26312,19313,101845,56829,10610,11428,14523,8431,183084,94797,18313,20763,27990,21183,947335.0
17033.0,29,25,2,1,0,0,43,38,1,1,1,1,31,27,1,2,0,0,43,38,0,1,2,1,1252.0
17035.0,31,23,1,0,3,3,40,32,0,0,4,3,33,25,1,0,3,3,40,32,0,0,2,5,1190.0
17037.0,234,205,1,8,12,8,332,287,4,6,15,19,242,213,1,7,12,9,342,295,5,5,16,20,4236.0
17039.0,29,24,0,1,1,3,36,26,1,1,3,5,29,24,0,1,1,3,36,26,1,1,3,5,837.0
17041.0,914,673,42,57,83,57,1404,795,61,81,245,218,929,677,44,59,89,58,1418,806,60,82,237,229,6888.0
17043.0,4045,3242,158,160,264,208,7429,5533,266,368,599,644,4355,3483,152,193,288,226,7754,5748,276,404,625,681,88715.0
17045.0,20,13,0,0,1,0,33,20,0,0,0,1,20,13,0,0,1,0,33,20,0,0,0,1,911.0
17047.0,2,2,0,0,0,0,2,2,0,0,0,0,2,2,0,0,0,0,2,2,0,0,0,0,103.0
17049.0,113,27,14,13,30,28,168,39,22,23,39,44,126,29,15,15,33,33,176,42,23,25,39,46,6763.0
17051.0,69,60,0,0,1,3,89,71,4,0,2,4,71,62,0,0,1,3,93,75,3,1,2,4,3161.0
17053.0,300,289,2,0,1,0,517,491,2,5,4,5,308,297,2,0,1,0,526,500,1,5,5,5,5929.0
17055.0,44,41,1,0,1,0,59,55,0,1,1,0,49,45,1,0,1,0,62,58,0,1,0,1,2459.0
17057.0,322,283,7,4,8,12,470,390,12,17,17,23,324,286,6,4,8,12,471,392,11,14,20,23,13259.0
17059.0,62,52,0,2,1,2,155,127,0,2,4,8,70,60,0,1,1,2,180,151,1,1,1,11,2648.0
17061.0,177,135,4,10,10,12,260,186,7,10,16,32,190,149,2,10,11,12,267,190,10,9,17,32,4567.0
17063.0,350,268,7,4,15,52,585,436,8,14,22,101,374,289,3,6,14,58,603,447,5,18,24,105,3467.0
17065.0,48,48,0,0,0,0,76,73,0,1,0,0,50,50,0,0,0,0,79,76,0,1,0,0,3010.0
17067.0,6,3,0,0,0,0,6,3,0,0,0,0,6,3,0,0,0,0,6,3,0,0,0,0,156.0
17069.0,83,67,0,2,5,6,117,88,2,2,9,12,85,69,0,2,4,7,128,99,2,1,10,12,1765.0
17071.0,210,155,2,7,16,25,313,227,7,5,18,50,213,156,4,6,10,32,319,231,6,8,15,53,2233.0
17073.0,987,780,46,58,69,33,1558,1002,85,116,213,139,995,787,44,60,71,32,1571,1007,78,120,212,151,20848.0
17075.0,53,52,1,0,0,0,93,89,2,2,0,0,55,54,1,0,0,0,95,91,2,2,0,0,1613.0
17077.0,583,550,4,4,7,17,1128,720,13,15,39,338,616,583,3,5,6,18,1196,789,7,14,42,341,14600.0
17079.0,61,54,2,1,1,2,77,63,5,2,1,4,61,54,2,1,1,2,82,68,4,3,1,4,2306.0
17081.0,266,222,2,6,3,8,345,294,3,6,6,9,278,234,2,4,4,9,361,308,4,7,6,9,11046.0
17083.0,91,55,3,0,10,23,105,62,0,4,8,31,91,55,2,1,9,24,114,69,1,5,7,32,1147.0
17085.0,33,12,0,0,6,15,40,12,1,1,1,25,33,12,0,0,6,15,40,12,1,1,0,26,586.0
17087.0,17,12,1,0,2,0,20,15,0,1,2,0,17,12,1,0,2,0,20,15,0,1,2,0,1995.0
17089.0,6268,4415,201,255,383,996,10027,7220,342,427,651,1365,6553,4618,206,264,410,1037,10302,7383,372,448,667,1410,142573.0
17091.0,279,243,5,4,10,17,441,361,4,6,24,42,294,256,4,5,8,20,459,374,5,9,19,48,3746.0
17093.0,1428,1342,13,14,19,27,2362,2127,33,42,64,78,1496,1405,13,14,23,28,2463,2209,29,45,71,88,40455.0
17095.0,273,79,31,39,44,80,454,148,54,63,69,120,272,77,32,40,43,80,455,148,54,64,69,120,11345.0
17097.0,8365,7840,83,101,154,183,13884,12512,232,294,430,409,8845,8291,89,106,161,194,14421,12964,232,305,484,429,194119.0
17099.0,93,62,1,3,6,21,156,101,3,5,5,42,99,64,3,3,7,22,159,101,2,3,10,43,1242.0
17103.0,134,113,1,2,2,15,187,156,3,3,2,21,135,114,1,2,2,15,189,156,4,3,3,21,2347.0
17105.0,49,43,0,0,2,1,113,100,1,0,0,3,52,46,0,0,2,1,115,102,1,0,0,3,1815.0
17107.0,31,29,0,2,0,0,57,49,0,1,4,3,31,29,0,2,0,0,58,50,0,1,4,3,1219.0
17109.0,5,5,0,0,0,0,10,10,0,0,0,0,7,7,0,0,0,0,10,10,0,0,0,0,423.0
17111.0,4986,4195,82,96,166,221,7625,6150,150,202,387,435,5151,4329,95,98,170,232,7805,6280,148,211,405,458,103140.0
17113.0,1591,1241,56,49,92,144,2378,1837,54,78,153,244,1629,1268,57,54,89,152,2411,1868,52,80,150,249,49823.0
17115.0,1448,1181,37,44,82,104,2346,1894,56,70,105,221,1533,1254,43,41,88,107,2402,1942,56,76,106,222,40391.0
17117.0,562,491,8,9,18,26,1004,909,2,21,19,38,596,523,7,12,15,29,1043,948,2,20,20,38,16983.0
17119.0,5237,3689,280,303,447,508,8777,5720,561,685,966,829,5569,3887,297,342,497,536,9154,5909,601,726,1026,873,94869.0
17121.0,113,96,1,3,2,3,184,158,1,3,5,5,121,104,0,4,2,3,195,166,1,5,5,5,6063.0
17123.0,33,26,0,2,0,5,42,32,0,4,1,5,34,27,0,2,0,5,41,31,0,4,1,5,633.0
17125.0,56,45,0,2,3,3,83,64,3,1,3,6,56,45,0,2,3,3,83,63,3,2,3,6,909.0
17127.0,31,28,0,1,0,2,43,37,1,1,2,2,31,28,0,1,0,2,46,40,1,1,1,3,1040.0
17129.0,3,3,0,0,0,0,3,3,0,0,0,0,3,3,0,0,0,0,3,3,0,0,0,0,580.0
17131.0,1,1,0,0,0,0,1,1,0,0,0,0,1,1,0,0,0,0,1,1,0,0,0,0,141.0
17133.0,678,435,16,16,57,151,865,498,14,21,48,280,717,441,16,23,51,183,878,499,15,18,46,296,12481.0
17135.0,61,53,0,0,3,4,82,71,2,1,2,5,65,57,0,0,3,4,85,74,2,1,2,5,2043.0
17137.0,28,23,0,0,0,0,30,24,0,0,0,0,28,23,0,0,0,0,31,25,0,0,0,0,325.0
17139.0,107,91,3,4,3,6,134,113,2,5,6,8,112,96,3,3,4,6,140,118,2,4,7,9,2546.0
17141.0,1052,851,12,27,39,117,1474,1030,35,37,95,263,1068,860,15,26,43,118,1516,1060,34,43,98,267,18052.0
17143.0,1619,1372,34,50,56,103,2453,2067,48,58,119,157,1649,1399,35,48,58,105,2479,2091,50,61,115,158,61897.0
17145.0,197,181,2,1,0,5,246,224,3,2,1,5,204,188,2,0,1,5,267,244,4,2,1,5,5277.0
17147.0,23,22,0,0,1,0,31,29,0,0,2,0,23,22,0,0,1,0,32,30,0,0,2,0,545.0
17149.0,632,426,21,14,54,114,997,587,21,20,106,260,633,405,21,23,56,125,1066,605,38,25,105,290,6505.0
17151.0,20,14,0,1,0,3,36,25,1,1,2,5,20,13,1,0,1,3,37,25,1,2,1,6,990.0
17155.0,20,15,0,1,0,1,28,21,0,1,1,1,20,15,0,1,0,1,29,22,0,1,1,1,427.0
17157.0,10,8,0,0,0,0,13,9,0,0,0,1,10,8,0,0,0,0,13,9,0,0,0,1,291.0
17159.0,23,23,0,0,0,0,32,32,0,0,0,0,23,23,0,0,0,0,33,33,0,0,0,0,1353.0
17161.0,522,381,14,19,37,61,919,488,17,30,79,292,525,382,16,17,38,62,918,485,18,28,77,297,10636.0
17163.0,5263,3426,219,341,521,748,8101,5315,357,486,844,1089,5555,3621,240,350,546,790,8492,5535,381,478,937,1151,89108.0
17165.0,23,19,1,0,0,0,43,33,4,0,1,0,24,20,1,0,0,0,44,34,3,1,1,0,1210.0
17167.0,1512,1326,30,30,60,49,2295,1989,41,41,93,110,1614,1419,29,34,61,52,2370,2051,44,44,96,111,54160.0
17169.0,87,63,4,5,7,6,101,74,2,2,4,17,87,63,2,7,6,7,101,74,2,2,4,17,2557.0
17173.0,152,121,4,8,6,12,189,149,6,4,13,16,154,123,4,7,7,12,193,152,5,6,13,16,3762.0
17175.0,31,26,1,0,2,1,35,29,0,1,0,4,32,27,1,0,2,1,35,28,1,1,0,4,774.0
17177.0,41,38,0,1,0,1,57,53,0,2,0,1,42,39,0,1,0,1,58,54,0,2,0,1,839.0
17179.0,1702,1456,22,31,75,118,3021,2391,46,53,118,413,1725,1477,27,29,75,117,3045,2428,41,52,114,410,49364.0
17181.0,141,77,6,6,15,34,159,62,1,5,8,80,145,72,11,8,10,41,161,62,2,5,7,82,1251.0
17183.0,602,531,7,12,21,21,949,802,19,15,45,51,634,560,8,8,24,23,987,831,20,24,42,53,28424.0
17185.0,15,13,0,0,0,2,27,17,0,0,1,8,15,13,0,0,0,2,27,17,0,0,0,9,446.0
17187.0,14,9,1,0,1,0,14,8,1,1,0,1,14,9,1,0,1,0,14,8,1,1,0,1,210.0
17189.0,21,17,0,0,3,0,22,16,0,0,2,3,21,15,1,1,3,0,23,17,0,0,1,4,604.0
17191.0,34,33,0,0,0,0,46,45,0,0,0,0,36,35,0,0,0,0,49,48,0,0,0,0,1895.0
17193.0,320,291,6,4,5,7,533,406,12,26,30,46,333,303,3,5,7,7,544,410,13,28,32,48,6567.0
17195.0,1220,1027,17,28,41,76,3017,2498,56,77,125,190,1300,1096,19,26,50,76,3049,2521,55,81,128,193,20477.0
17197.0,11766,4857,1219,1577,2058,2047,18409,7239,1771,2416,3402,3572,12297,5136,1245,1629,2141,2138,18920,7390,1794,2434,3584,3709,208799.0
17199.0,1021,945,13,12,20,24,1819,1546,33,46,81,102,1127,1042,16,12,24,25,1915,1634,32,46,85,104,26573.0
17201.0,5413,4032,47,84,208,1038,8609,6597,89,127,334,1458,5691,4290,56,82,205,1054,8907,6850,92,136,347,1476,85954.0
17203.0,343,296,3,4,7,20,484,407,10,10,16,24,350,302,4,4,7,20,490,411,13,9,16,24,14533.0
18001.0,273,264,0,2,0,5,512,490,6,5,3,6,299,289,1,2,0,5,540,518,6,5,3,6,11188.0
18003.0,4342,4002,66,78,131,63,9664,6676,204,341,762,1679,4566,4199,62,88,147,68,9867,6840,202,339,770,1714,122401.0
18005.0,1108,1031,14,10,19,26,1989,1828,23,35,35,60,1192,1113,14,12,19,26,2059,1891,29,35,36,60,27278.0
18007.0,91,84,0,1,3,2,141,128,1,0,5,6,100,93,0,1,3,2,155,141,1,1,4,7,3650.0
18009.0,163,151,2,1,5,3,219,197,3,3,8,7,168,156,2,1,5,3,227,205,3,3,8,7,5383.0
18011.0,1020,921,17,23,36,22,1615,1418,24,32,74,66,1053,951,16,27,36,22,1665,1461,25,33,77,68,23952.0
18013.0,885,508,24,42,88,215,999,515,28,41,114,293,897,515,22,42,93,217,1011,520,30,42,119,292,8353.0
18015.0,1583,438,18,33,57,1037,1857,561,18,33,94,1151,1603,455,18,31,60,1039,1890,589,14,39,93,1155,9984.0
18017.0,2882,1309,43,47,134,1341,3570,1563,55,73,145,1726,2923,1338,49,52,127,1349,3608,1593,54,79,141,1733,13952.0
18019.0,2322,1924,36,38,86,224,3354,2674,55,66,101,442,2468,2043,34,42,97,238,3511,2798,58,73,114,452,42028.0
18021.0,405,324,6,7,17,48,513,399,7,11,31,62,431,348,3,12,17,48,521,405,8,10,31,64,11328.0
18023.0,549,485,6,15,27,15,822,713,11,20,37,39,584,514,6,13,35,15,865,748,14,19,41,41,11895.0
18025.0,550,281,11,24,48,183,605,271,12,22,62,235,558,283,13,18,54,187,617,263,18,23,61,249,5784.0
18027.0,508,468,4,10,16,9,714,659,5,9,20,20,545,503,3,10,19,9,738,678,9,9,21,20,11424.0
18029.0,812,457,19,31,85,220,1157,627,27,43,105,355,866,504,25,33,82,222,1208,663,31,48,105,361,18636.0
18031.0,397,331,5,7,28,26,489,374,11,17,25,62,410,334,11,10,26,29,513,395,7,18,27,66,10243.0
18033.0,628,599,8,5,9,7,1123,1005,22,29,45,22,665,635,9,4,10,7,1150,1032,15,31,50,22,15662.0
18035.0,1366,1249,12,14,37,53,3479,2685,46,69,127,549,1599,1479,13,16,37,53,3640,2835,54,67,132,549,38886.0
18037.0,605,512,10,12,27,41,810,690,15,20,32,50,635,540,7,18,26,41,830,707,14,20,36,50,16565.0
18039.0,4268,2772,33,71,168,1220,7046,5161,86,96,251,1444,4474,2973,33,74,172,1218,7277,5369,86,113,253,1447,62515.0
18041.0,483,413,8,11,19,29,723,633,10,14,24,39,504,433,9,8,23,28,762,672,9,9,28,41,9398.0
18043.0,1315,1129,18,22,64,80,1786,1512,31,39,80,122,1416,1220,20,23,68,83,1849,1555,31,40,90,131,28023.0
18045.0,248,177,5,10,12,41,340,236,8,8,22,62,267,193,3,13,14,41,350,245,8,8,23,62,6742.0
18047.0,807,452,23,44,74,214,932,528,24,47,78,254,817,452,26,43,75,221,948,540,22,48,77,260,9797.0
18049.0,384,298,10,17,19,39,544,383,9,12,38,101,398,312,9,18,19,39,552,391,8,13,38,101,8343.0
18051.0,574,492,7,8,19,47,813,650,16,15,30,101,605,521,8,7,18,50,834,665,18,15,29,106,12676.0
18053.0,1184,998,20,31,57,77,2053,1463,44,73,118,354,1272,1081,19,33,59,79,2134,1531,50,73,121,358,24850.0
18055.0,442,335,9,13,26,55,554,419,15,10,30,74,461,354,9,10,28,56,567,428,16,10,31,76,13217.0
18057.0,3219,2794,43,58,122,201,5734,4787,73,102,215,556,3497,3063,31,71,126,205,6050,5086,73,105,219,566,112810.0
18059.0,691,651,6,9,14,11,1225,1142,8,9,29,37,734,694,6,8,15,11,1280,1195,5,13,29,38,28741.0
18061.0,756,442,18,19,53,220,957,515,25,32,65,315,770,446,22,22,55,221,981,525,28,37,63,323,15793.0
18063.0,1218,1101,9,18,40,48,2086,1908,25,23,50,77,1280,1161,9,18,40,50,2186,2003,20,29,48,83,57225.0
18065.0,804,709,15,21,29,29,1089,946,19,27,45,50,885,781,15,25,30,32,1137,990,15,32,48,50,18206.0
18067.0,1613,1451,29,33,54,44,2648,2227,39,67,120,192,1762,1584,37,39,53,47,2799,2350,48,75,124,199,31922.0
18069.0,1015,842,16,23,45,89,1448,1113,26,60,76,171,1039,862,17,24,46,89,1502,1165,25,58,79,173,14365.0
18071.0,803,717,10,8,15,51,1247,1129,17,17,25,56,834,748,10,8,15,51,1284,1165,16,18,26,56,15656.0
18073.0,1006,968,3,6,13,14,1594,1534,4,9,22,23,1063,1025,3,4,15,14,1649,1588,5,6,25,23,12481.0
18075.0,360,350,2,1,2,3,1103,1036,19,17,15,13,390,379,3,1,0,5,1129,1056,19,21,15,14,8393.0
18077.0,962,439,21,18,70,397,1171,465,24,29,85,548,986,449,20,19,70,410,1193,475,17,39,74,568,11977.0
18079.0,327,241,13,7,19,42,404,292,6,17,24,60,336,250,9,10,20,42,416,301,6,17,25,62,10887.0
18081.0,1292,1209,13,6,25,33,2389,2245,22,24,43,47,1383,1299,11,9,22,36,2495,2342,25,24,46,50,53376.0
18083.0,854,793,7,10,18,19,1628,1430,21,24,65,81,954,884,10,9,24,20,1753,1535,24,33,69,85,14146.0
18085.0,2121,1946,39,35,41,34,3077,2715,62,85,115,65,2192,2006,39,38,47,35,3166,2793,61,86,123,64,34725.0
18087.0,1054,977,10,15,28,17,1709,1499,29,42,69,59,1102,1020,9,17,31,17,1740,1525,30,42,70,62,15909.0
18089.0,14682,14238,82,81,133,146,28783,25663,462,686,1189,779,15610,15111,85,111,145,156,30318,26740,389,633,1447,1105,166583.0
18091.0,2552,2234,33,56,115,114,4017,3476,56,86,183,214,2809,2463,39,54,127,126,4219,3632,65,94,196,230,41650.0
18093.0,815,581,28,19,48,136,1031,697,29,43,73,186,842,596,24,30,48,141,1046,701,30,43,79,190,17987.0
18095.0,2126,1801,27,54,85,149,3886,2884,62,97,237,591,2303,1971,27,55,89,150,4082,3072,60,95,247,593,50657.0
18097.0,12623,9816,215,271,561,1755,26081,16683,467,704,1570,6646,13118,10260,233,280,572,1768,26648,17172,483,709,1594,6679,289223.0
18099.0,543,472,6,5,14,45,863,737,13,20,24,68,569,493,10,5,15,45,911,782,9,21,28,70,18021.0
18101.0,344,210,4,16,23,87,391,203,8,14,28,134,349,209,9,14,24,89,394,204,7,16,27,136,4307.0
18103.0,3020,1677,86,124,368,760,4123,1531,91,142,456,1898,3046,1693,82,133,361,772,4145,1542,88,148,448,1914,13320.0
18105.0,1653,1334,28,44,73,167,2179,1770,40,44,97,220,1723,1392,29,44,81,170,2248,1825,47,47,93,228,41003.0
18107.0,670,541,15,13,30,69,917,718,18,23,47,108,694,558,18,14,31,71,975,768,21,23,51,109,13924.0
18109.0,1251,994,20,22,48,151,2067,1690,39,41,71,206,1334,1071,18,25,48,156,2145,1747,38,55,72,213,27177.0
18111.0,574,559,0,2,3,8,835,814,2,1,4,10,601,586,0,2,3,8,860,838,3,1,4,10,5893.0
18113.0,664,594,10,13,21,16,1126,995,16,26,40,34,678,607,9,15,21,16,1146,1010,18,27,42,34,17326.0
18115.0,220,127,8,12,21,52,402,213,10,13,33,133,235,138,9,8,25,55,411,204,20,12,38,137,2322.0
18117.0,748,557,22,30,47,85,910,602,38,42,95,124,760,561,19,36,50,86,937,621,32,49,98,128,8584.0
18119.0,545,362,21,23,46,88,744,447,20,38,75,158,554,367,20,25,48,89,754,454,21,37,73,163,9623.0
18121.0,326,240,7,7,21,49,466,343,10,11,24,76,330,241,8,8,21,50,482,355,11,12,22,80,7199.0
18123.0,665,472,18,17,48,107,823,566,23,23,53,155,683,486,20,22,44,108,844,584,24,23,56,154,7836.0
18125.0,172,154,1,5,4,4,207,178,4,8,6,7,174,155,2,4,5,4,214,185,4,7,7,7,5546.0
18127.0,2790,2587,21,33,68,80,4226,3741,53,75,153,201,2943,2720,28,34,71,89,4392,3883,49,78,144,235,56645.0
18129.0,389,327,4,5,16,36,938,664,17,55,68,132,405,342,1,8,17,36,977,676,36,48,80,135,10320.0
18131.0,596,302,10,14,36,228,718,335,15,19,41,299,601,307,9,15,36,228,728,344,14,21,40,300,6383.0
18133.0,396,284,14,7,31,60,541,370,14,18,46,93,429,308,17,11,30,63,555,383,16,18,41,97,13847.0
18135.0,484,429,7,11,17,16,709,603,12,15,38,36,550,483,7,17,17,22,739,624,13,18,37,41,10341.0
18137.0,350,266,12,13,18,39,397,293,13,9,32,48,367,279,12,13,21,40,410,304,14,10,32,48,10793.0
18139.0,287,267,5,3,2,3,527,472,3,9,19,16,311,291,5,2,3,3,537,480,4,9,19,16,6596.0
18141.0,7588,2665,506,652,912,2833,12401,4706,959,1282,1816,3606,7998,2836,579,697,992,2873,12741,4825,995,1348,1895,3645,89687.0
18143.0,215,183,10,8,4,9,291,247,7,12,11,13,221,186,11,8,6,9,304,260,6,12,12,13,9015.0
18145.0,998,853,9,12,16,104,2541,2201,44,51,84,156,1045,900,9,12,16,104,2568,2229,39,54,86,155,16552.0
18147.0,580,439,10,12,38,75,873,657,29,20,52,108,613,465,14,14,34,80,916,693,26,23,55,112,8941.0
18149.0,320,315,0,1,2,0,561,548,2,0,3,3,346,338,0,1,4,1,588,573,4,0,3,3,11115.0
18151.0,1073,891,23,40,64,52,1695,1397,36,39,94,125,1094,908,24,39,67,53,1732,1430,34,43,92,129,20076.0
18153.0,232,189,6,5,10,22,299,221,5,7,27,39,240,194,5,7,12,22,308,226,8,7,24,43,8449.0
18155.0,613,197,11,19,41,341,1000,398,24,39,65,470,620,195,12,20,39,350,1036,426,13,23,79,491,4524.0
18157.0,2585,2225,34,54,96,172,4229,3659,49,74,137,306,2774,2402,36,57,98,177,4500,3900,58,79,147,312,47721.0
18159.0,344,336,2,2,1,2,821,723,17,21,32,26,364,356,1,3,1,2,837,738,18,20,32,27,6299.0
18161.0,99,68,4,1,10,10,112,77,5,1,9,14,104,71,6,0,10,11,119,81,2,5,10,15,4070.0
18163.0,2863,2683,21,24,45,90,5227,4917,35,43,76,156,3264,3075,17,32,46,94,5628,5291,50,39,84,164,61553.0
18165.0,435,366,9,6,23,26,612,485,15,18,41,48,452,376,11,7,26,27,633,498,14,21,44,51,6942.0
18167.0,3242,3044,18,28,69,78,5829,5426,71,69,117,137,3416,3204,24,34,69,80,6039,5613,77,68,128,143,35151.0
18169.0,695,538,17,18,56,64,958,706,16,24,63,147,714,553,18,16,57,68,986,727,20,23,65,149,12007.0
18171.0,121,80,1,3,10,26,166,113,1,6,7,38,124,83,2,3,6,29,167,114,0,9,6,37,3856.0
18173.0,794,752,3,9,12,17,1315,1241,6,14,18,34,895,848,4,11,12,19,1375,1289,11,18,19,36,23068.0
18175.0,536,403,13,19,29,70,645,442,15,19,51,116,545,407,17,17,32,70,659,450,16,20,51,120,11306.0
18177.0,981,899,10,11,30,31,1282,1145,18,30,43,46,1045,956,12,16,29,32,1333,1188,15,36,45,49,24876.0
18179.0,264,252,0,1,3,3,459,432,4,4,2,10,299,286,1,1,3,3,478,450,6,3,2,10,10117.0
18181.0,2650,861,31,51,148,1553,3028,1037,28,43,106,1808,2672,876,33,49,141,1567,3060,1063,31,44,101,1815,12000.0
18183.0,693,542,18,32,57,43,1008,707,16,23,74,187,717,564,18,34,55,45,1029,725,17,22,74,190,13201.0
19001.0,59,47,3,2,4,3,97,71,7,4,9,6,50,39,3,2,3,3,97,71,5,6,9,6,3268.0
19003.0,54,37,3,1,6,6,72,39,4,5,9,14,53,36,3,1,6,6,72,39,4,5,9,14,1917.0
19005.0,898,420,30,50,89,309,1060,393,37,47,129,453,920,434,29,51,92,313,1069,394,39,52,123,460,7183.0
19007.0,122,73,1,9,13,26,160,100,5,3,18,34,121,72,1,9,13,26,158,99,4,3,18,34,11172.0
19009.0,188,138,11,11,16,12,267,169,16,21,38,23,184,134,11,11,16,12,266,167,17,21,37,24,2801.0
19011.0,394,283,22,19,34,36,563,389,20,38,44,72,394,280,23,19,35,37,564,386,24,36,46,72,10203.0
19013.0,3209,2650,110,132,159,144,8137,5405,340,394,714,1255,3234,2670,111,132,161,146,8200,5376,348,412,732,1303,41840.0
19015.0,427,297,21,22,34,53,650,430,30,37,71,81,427,298,20,22,36,51,652,434,30,36,70,81,10297.0
19017.0,788,579,22,34,63,89,1090,640,45,94,144,166,799,588,17,36,67,90,1105,646,45,91,149,173,9153.0
19019.0,542,370,12,26,48,86,833,459,37,42,82,212,551,374,14,26,50,87,848,464,37,42,87,217,7771.0
19021.0,144,122,5,7,3,7,237,198,13,5,13,8,144,122,5,7,3,7,237,198,13,5,13,8,6600.0
19023.0,337,265,13,11,21,22,552,391,27,26,57,46,338,263,13,14,21,22,557,394,25,25,62,46,6413.0
19025.0,163,149,5,5,3,1,283,247,11,8,14,3,159,144,6,5,3,1,280,244,12,9,12,3,4664.0
19027.0,397,242,14,33,50,57,628,363,25,40,78,121,396,242,15,30,53,55,627,364,25,39,82,116,8007.0
19029.0,395,308,12,15,33,27,517,363,24,28,53,49,399,309,14,15,34,27,518,365,22,29,53,49,5857.0
19031.0,310,167,8,12,46,75,377,193,14,9,54,105,314,167,9,13,48,75,381,194,13,12,55,105,7326.0
19033.0,1353,920,58,102,139,133,2074,1325,92,130,213,312,1354,919,57,105,139,133,2073,1322,91,131,213,314,17545.0
19035.0,203,146,11,14,17,14,260,177,14,11,37,20,203,146,11,14,17,14,260,177,14,11,37,20,5083.0
19037.0,261,211,5,9,22,12,361,272,15,17,30,25,264,214,4,9,21,14,367,276,16,17,31,25,5086.0
19039.0,92,46,2,8,16,19,141,70,2,6,18,44,93,47,2,8,16,19,142,71,2,6,18,44,3619.0
19041.0,409,351,17,12,22,7,701,583,32,28,39,19,406,348,17,11,23,7,690,573,33,28,37,19,6597.0
19043.0,1162,493,38,54,134,438,1850,748,65,76,195,760,1179,487,49,48,144,446,1866,734,63,93,185,785,8358.0
19045.0,1031,714,33,48,91,137,2291,853,59,95,218,1045,1047,725,32,48,93,141,2315,862,50,99,216,1067,12222.0
19047.0,387,255,23,23,47,39,512,300,25,45,51,91,384,252,24,24,45,39,511,299,27,42,55,88,5742.0
19049.0,1392,960,76,85,120,151,2095,1418,105,145,205,222,1376,955,68,83,121,149,2089,1423,104,143,202,217,31671.0
19051.0,55,27,3,4,8,13,73,39,1,3,12,18,54,26,2,5,8,13,73,40,1,3,10,19,3518.0
19053.0,54,30,1,6,6,3,73,44,3,5,7,5,54,30,1,6,5,4,73,43,4,5,7,5,4222.0
19055.0,682,450,16,14,51,151,947,573,27,30,69,248,699,457,23,12,53,154,968,588,23,32,74,251,7570.0
19057.0,625,364,30,28,64,135,798,370,27,44,103,250,628,357,30,31,65,141,802,366,30,41,101,260,15666.0
19059.0,625,480,23,38,50,32,974,702,36,71,93,67,619,472,26,36,51,32,959,685,39,72,92,66,11020.0
19061.0,3260,1762,102,172,351,862,4163,1693,152,202,514,1591,3281,1769,106,169,353,873,4197,1683,154,214,501,1634,31171.0
19063.0,144,98,9,7,15,15,225,156,8,16,19,26,134,93,6,8,13,14,225,156,9,14,20,26,4195.0
19065.0,414,247,13,27,41,85,603,352,26,23,85,116,427,256,17,24,43,86,622,361,29,26,84,121,8409.0
19067.0,635,466,16,34,55,59,841,520,19,50,82,164,639,466,19,32,57,60,843,520,19,48,83,167,6783.0
19069.0,130,110,3,1,7,7,206,164,7,5,11,13,129,108,3,0,9,7,207,165,7,5,11,13,4250.0
19071.0,236,172,4,14,22,22,350,234,7,13,28,63,238,173,5,14,21,23,352,236,7,13,26,65,3646.0
19073.0,204,166,8,7,14,8,279,214,7,18,23,16,202,165,8,6,14,8,273,209,7,20,20,16,4027.0
19075.0,228,161,13,10,26,18,331,155,15,37,47,77,230,162,14,10,26,18,331,155,15,36,48,77,5000.0
19077.0,358,216,25,21,48,45,507,291,21,27,71,94,353,213,23,23,48,43,508,290,23,29,68,95,5807.0
19079.0,383,247,13,35,37,50,501,310,15,24,47,104,381,245,12,34,39,50,500,310,13,26,48,102,6666.0
19081.0,224,182,12,14,12,4,353,282,19,18,24,10,222,180,11,16,11,4,353,282,18,19,23,11,4642.0
19083.0,296,216,9,7,27,37,441,326,8,16,35,55,296,217,8,7,27,37,441,325,9,17,32,57,7233.0
19085.0,608,359,30,39,71,103,867,487,31,49,130,162,612,359,33,39,71,104,872,490,31,49,130,164,6546.0
19087.0,263,163,8,12,22,58,348,216,13,12,29,78,265,165,8,12,21,59,350,218,9,15,30,78,7106.0
19089.0,167,121,3,11,16,16,238,175,6,8,23,26,168,122,3,10,17,16,238,175,5,9,23,26,4069.0
19091.0,254,198,10,9,21,15,545,296,37,53,77,80,260,203,9,10,21,16,550,294,41,53,79,81,4976.0
19093.0,254,184,19,17,21,12,318,180,23,31,43,39,253,187,15,19,19,12,316,178,25,30,44,37,2944.0
19095.0,310,238,11,17,27,16,522,410,20,21,45,24,314,241,12,15,29,16,526,413,19,22,45,25,7154.0
19097.0,680,359,17,40,64,196,1096,440,24,61,110,454,682,356,17,44,64,197,1099,435,24,59,114,460,8348.0
19099.0,457,336,17,30,43,30,641,441,41,43,66,48,456,334,17,29,45,30,636,437,42,40,66,49,13712.0
19101.0,95,64,3,6,6,16,146,99,6,14,8,19,95,64,3,6,6,16,146,99,4,16,8,19,6652.0
19103.0,892,578,39,58,103,113,1402,861,60,107,173,200,897,579,40,58,105,114,1418,872,61,108,177,199,27551.0
19105.0,545,365,11,22,50,92,700,419,25,32,72,146,552,369,11,24,49,94,705,422,24,29,77,147,8300.0
19107.0,88,66,2,7,10,3,129,96,6,4,15,8,88,65,3,7,10,3,129,96,5,5,15,8,4835.0
19109.0,283,211,9,25,24,14,441,313,21,30,38,39,279,209,9,23,24,14,434,307,21,30,37,39,6603.0
19111.0,678,342,20,30,73,212,972,473,27,37,84,350,696,352,21,28,67,227,993,487,27,37,84,357,13618.0
19113.0,3068,2409,120,122,188,229,5414,3972,218,272,436,515,3140,2466,118,132,191,233,5504,4027,225,281,437,533,68498.0
19115.0,353,174,16,21,44,93,758,334,25,29,65,299,357,176,16,23,44,93,765,329,32,31,66,301,5055.0
19117.0,89,49,5,7,9,19,137,79,9,9,12,27,89,49,5,7,9,19,137,79,9,9,12,27,4214.0
19119.0,150,102,14,9,16,9,217,151,8,13,26,19,146,101,11,10,16,8,212,145,9,15,23,20,4641.0
19121.0,217,144,10,7,23,33,280,182,9,18,23,48,216,143,10,7,21,35,280,182,10,17,23,48,6352.0
19123.0,197,137,11,11,17,21,334,199,12,23,44,56,197,138,10,11,17,21,336,200,11,24,42,59,8248.0
19125.0,456,260,21,31,55,89,571,314,25,36,71,125,455,259,22,30,55,89,569,311,26,36,72,124,12745.0
19127.0,335,246,18,21,32,18,942,629,44,84,127,58,332,244,17,21,33,17,934,622,45,81,127,59,13241.0
19129.0,564,382,18,37,60,65,1032,488,48,57,129,306,567,384,20,36,60,65,1044,476,41,66,117,340,6051.0
19131.0,234,128,3,13,18,72,310,158,15,15,20,102,234,128,3,12,19,72,311,160,15,12,22,102,4750.0
19133.0,299,225,10,14,25,25,533,411,14,19,43,46,296,222,7,17,25,25,535,410,15,19,44,47,4299.0
19135.0,136,100,4,6,9,12,171,126,5,5,12,18,134,98,4,6,9,12,169,124,5,4,13,18,3763.0
19137.0,463,400,9,17,14,20,844,641,24,34,68,73,464,400,9,18,15,19,849,643,23,37,69,73,4743.0
19139.0,756,458,24,40,86,145,2009,904,78,98,255,670,770,467,23,43,85,149,2055,901,73,97,240,740,14124.0
19141.0,66,57,1,3,4,1,108,95,1,5,3,4,64,55,1,2,5,1,108,96,0,5,3,4,6056.0
19143.0,26,25,1,0,0,0,42,38,3,1,0,0,24,23,1,0,0,0,39,36,2,1,0,0,2660.0
19145.0,395,358,8,14,9,6,565,489,19,26,15,16,401,363,7,15,10,6,574,491,26,22,18,17,6185.0
19147.0,163,135,5,8,11,4,239,196,10,8,17,8,160,132,6,8,10,4,235,192,10,8,17,8,4110.0
19149.0,547,372,27,40,70,38,761,536,25,48,88,62,540,368,27,41,67,37,756,533,21,49,91,60,9468.0
19151.0,168,144,5,5,11,3,286,226,8,14,24,14,167,143,5,5,11,3,285,226,8,13,24,14,3633.0
19153.0,4832,3466,245,316,457,345,8890,5767,420,519,843,1334,4665,3339,243,302,443,335,8758,5663,407,522,834,1326,150924.0
19155.0,4068,2564,151,225,408,720,7142,4657,340,443,672,1030,4125,2594,157,230,407,737,7186,4668,355,441,685,1037,30525.0
19157.0,303,202,14,27,37,22,418,272,20,41,52,32,303,201,15,26,38,22,418,274,20,37,54,32,7533.0
19159.0,45,31,4,3,4,3,78,54,5,6,9,4,47,33,4,3,4,3,81,57,4,7,9,4,1886.0
19161.0,196,151,5,3,15,20,318,253,11,11,12,28,198,153,5,4,14,20,314,249,11,11,13,27,5071.0
19163.0,3559,1824,151,217,430,935,5116,2379,235,314,644,1541,3563,1797,161,204,448,951,5116,2374,232,317,640,1550,54828.0
19165.0,316,232,11,18,37,18,414,293,11,22,54,34,318,233,11,18,38,18,416,293,12,22,55,34,5144.0
19167.0,388,320,16,17,17,18,579,455,24,28,41,30,380,314,16,16,17,17,572,448,25,30,38,30,11084.0
19169.0,240,160,9,17,25,27,349,217,12,24,42,52,236,159,9,16,25,25,348,216,13,23,44,50,5093.0
19171.0,335,250,12,17,30,23,492,333,31,33,51,40,331,246,13,19,29,21,489,331,31,32,53,38,6687.0
19173.0,45,36,2,1,2,2,85,63,4,3,9,4,45,36,2,1,2,2,86,65,2,4,9,4,3281.0
19175.0,136,100,7,5,13,10,238,165,15,15,24,18,132,96,8,5,12,10,239,166,15,15,24,18,5073.0
19177.0,525,141,6,15,32,330,594,124,3,12,31,423,526,142,5,13,34,331,594,123,4,12,29,424,3391.0
19179.0,816,559,18,33,52,152,2388,1448,62,92,203,565,817,560,17,34,50,154,2407,1454,60,89,211,575,14549.0
19181.0,306,202,20,24,36,24,476,306,23,47,56,44,301,198,20,24,36,23,475,305,22,48,56,44,18203.0
19183.0,360,286,16,16,26,16,505,399,17,21,37,31,362,288,13,18,27,16,514,408,15,23,36,32,8349.0
19185.0,47,26,3,3,3,11,72,47,4,4,5,11,47,26,3,3,3,11,71,46,4,4,5,11,3269.0
19187.0,731,459,12,18,33,204,1153,736,28,53,67,263,732,460,12,16,36,203,1146,731,29,49,70,261,14355.0
19189.0,148,79,8,15,24,21,233,127,14,20,33,38,148,79,9,14,26,19,234,130,11,21,33,38,4444.0
19191.0,1127,515,39,96,193,284,1298,473,47,86,249,443,1140,508,51,89,198,294,1306,468,48,79,259,452,7848.0
19193.0,3483,2280,164,251,406,380,4940,2851,226,317,539,1005,3357,2199,162,244,396,354,4867,2831,215,313,522,984,32184.0
19195.0,92,78,3,1,4,6,164,136,2,8,7,11,92,78,3,1,4,6,163,135,2,7,8,11,3246.0
19197.0,255,200,13,13,15,14,455,340,18,24,44,29,256,202,12,13,16,13,455,341,18,23,44,29,5709.0
20001.0,165,128,3,9,6,15,332,212,15,17,28,53,169,130,5,7,8,15,337,215,12,20,29,54,5069.0
20003.0,42,27,1,3,6,5,76,52,0,6,9,9,44,29,1,2,7,5,76,52,0,5,10,9,3056.0
20005.0,222,153,7,18,20,23,286,194,10,21,24,36,227,156,9,18,20,23,293,192,13,24,24,39,5893.0
20007.0,138,106,6,2,15,9,207,143,10,13,23,17,139,107,6,2,15,9,206,142,11,11,24,17,2510.0
20009.0,631,563,11,20,23,5,1366,1155,39,68,69,24,653,583,13,19,23,6,1393,1174,42,68,73,25,10824.0
20011.0,127,70,9,13,14,21,168,97,7,12,20,32,138,81,9,11,16,21,169,98,7,12,19,33,5927.0
20013.0,76,47,4,7,9,8,119,79,3,4,13,17,78,49,2,8,10,8,122,79,6,4,12,18,4021.0
20015.0,822,589,35,50,87,60,1185,824,46,60,112,142,841,600,39,42,94,65,1205,835,50,54,117,148,22774.0
20017.0,151,101,3,11,13,22,243,114,13,18,44,51,155,105,3,10,13,23,246,113,13,19,46,52,1490.0
20019.0,92,53,9,4,8,17,123,67,8,7,15,25,92,53,9,4,8,17,125,67,9,8,15,25,2114.0
20021.0,278,168,15,13,26,50,365,203,17,21,43,73,278,168,15,13,26,50,366,204,17,21,43,73,8573.0
20023.0,84,65,6,2,7,3,124,89,3,8,17,6,82,64,6,3,5,3,119,86,3,6,18,5,1471.0
20025.0,94,78,3,5,4,4,137,110,3,10,7,7,91,75,3,5,4,4,134,107,5,9,6,7,998.0
20027.0,151,115,8,11,11,6,222,162,7,15,28,10,151,112,10,12,11,6,225,165,7,15,28,10,3382.0
20029.0,271,230,8,9,9,11,399,318,30,11,20,14,277,236,6,10,10,11,404,323,28,12,20,15,4151.0
20031.0,145,91,7,6,17,23,193,114,6,7,24,41,149,94,6,8,14,26,196,113,10,5,26,41,3812.0
20033.0,48,34,3,6,1,3,67,46,5,1,11,3,45,31,4,5,1,3,67,46,5,0,12,3,994.0
20035.0,457,342,14,29,32,39,798,508,39,57,83,108,459,342,14,30,31,40,810,512,40,62,81,112,13479.0
20037.0,212,164,8,7,20,11,309,232,15,13,23,24,213,165,7,7,21,11,310,231,17,12,22,26,14695.0
20039.0,53,40,2,3,2,5,92,68,3,4,10,6,48,37,1,4,1,5,80,57,4,5,7,6,1674.0
20041.0,355,289,11,11,21,20,922,627,49,72,117,49,348,282,10,12,21,20,897,616,44,75,107,47,7866.0
20043.0,163,78,9,14,20,41,617,204,23,38,82,265,164,78,10,13,21,41,623,193,29,34,92,270,3061.0
20045.0,1252,827,71,84,153,117,1796,1155,121,118,225,176,1303,857,77,88,159,121,1864,1191,126,127,232,187,31343.0
20047.0,317,292,8,6,9,1,821,739,20,27,26,7,322,297,8,6,9,1,828,745,19,28,27,7,1622.0
20049.0,111,90,4,6,4,6,140,101,8,6,15,9,112,91,3,7,4,6,142,102,8,6,15,10,1741.0
20051.0,398,345,15,12,13,12,835,678,30,39,59,25,385,336,15,10,11,12,830,678,28,48,49,23,9266.0
20053.0,151,122,4,8,11,6,193,148,5,11,18,9,153,123,5,7,12,6,197,151,6,11,17,10,2795.0
20055.0,411,331,15,14,24,18,1077,814,34,31,65,121,379,302,12,13,24,19,1061,790,28,38,67,126,9645.0
20057.0,395,308,24,21,33,8,970,750,61,58,77,23,391,305,23,21,33,8,966,740,55,66,82,22,8982.0
20059.0,310,208,13,20,27,42,427,269,18,27,40,70,318,211,12,19,30,45,434,274,15,26,45,71,9298.0
20061.0,332,165,31,28,53,54,453,245,27,41,66,73,332,165,30,27,55,54,454,245,29,39,68,72,8444.0
20063.0,36,26,4,0,1,4,45,30,1,6,2,5,34,25,3,0,1,4,42,27,1,7,1,5,1373.0
20065.0,58,31,4,7,9,7,68,33,4,8,9,14,57,31,3,7,9,7,66,32,5,7,8,14,1362.0
20067.0,25,24,1,0,0,0,49,42,2,2,0,3,23,22,1,0,0,0,50,42,3,2,0,3,2377.0
20069.0,78,58,3,2,10,5,129,89,5,10,17,8,77,57,3,2,10,5,127,85,6,10,18,8,1994.0
20071.0,14,12,0,0,2,0,25,23,0,0,1,1,12,10,0,1,1,0,24,22,0,0,1,1,644.0
20073.0,198,139,4,7,19,26,278,191,16,10,18,39,202,143,1,10,18,27,286,199,13,12,17,41,3867.0
20075.0,245,196,14,19,14,0,307,235,17,25,27,1,246,198,18,16,12,0,307,237,17,25,25,1,1011.0
20077.0,91,73,3,6,5,4,135,108,4,10,4,9,91,73,2,7,5,4,135,108,4,10,4,9,2958.0
20079.0,845,520,44,39,100,138,1383,831,34,58,132,321,876,534,33,56,93,156,1416,843,37,54,128,347,11760.0
20081.0,17,11,0,2,2,2,73,65,1,2,2,3,18,12,0,2,2,2,70,62,2,1,1,4,1305.0
20083.0,61,50,2,2,3,4,122,98,1,9,6,8,61,50,2,2,3,4,121,97,4,7,5,8,895.0
20085.0,91,53,9,6,12,11,106,60,6,8,16,16,91,53,9,5,13,11,112,66,5,9,15,17,4684.0
20087.0,308,185,18,20,37,48,432,275,13,33,37,74,324,195,18,22,38,51,451,292,10,35,38,76,7548.0
20089.0,107,79,2,4,10,9,167,118,10,6,15,14,100,72,2,5,9,9,165,117,11,5,14,14,1860.0
20091.0,9379,6080,490,601,1038,1167,13269,8604,753,906,1397,1606,9511,6162,508,608,1046,1184,13440,8676,763,917,1447,1634,177434.0
20093.0,145,131,1,5,4,3,295,261,8,8,8,9,149,136,1,4,4,3,289,259,5,7,7,10,1316.0
20095.0,164,140,4,4,10,6,243,206,3,6,14,14,170,146,4,3,11,6,246,208,4,6,14,14,3410.0
20097.0,83,69,1,3,8,0,105,78,8,4,11,1,84,70,1,3,8,0,105,78,8,3,12,1,1106.0
20099.0,262,196,7,12,23,23,436,264,18,23,52,77,267,199,8,12,23,24,437,265,17,23,51,79,9011.0
20101.0,22,17,0,3,1,1,35,28,0,4,1,2,22,17,0,3,1,1,35,28,0,4,2,1,970.0
20103.0,1069,623,66,73,142,163,1376,797,72,108,174,223,1084,633,63,75,143,168,1403,804,74,113,182,228,23719.0
20105.0,131,110,2,6,8,5,197,112,10,8,32,35,129,108,2,6,8,5,196,111,10,8,31,36,1682.0
20107.0,123,79,6,9,12,15,152,91,8,12,15,23,123,79,5,10,12,15,152,90,7,14,14,24,6297.0
20109.0,19,10,0,1,2,6,26,13,1,2,2,8,18,9,0,2,3,4,24,11,2,1,2,8,1296.0
20111.0,363,228,10,16,42,64,616,397,18,39,45,114,384,240,16,18,37,70,641,415,19,42,47,115,10508.0
20113.0,345,284,11,22,17,11,554,447,25,26,36,20,354,292,12,22,16,12,564,454,24,29,37,20,10111.0
20115.0,249,187,10,10,23,17,389,238,25,25,55,43,255,185,16,11,23,18,398,242,17,32,54,50,5404.0
20117.0,218,157,12,10,16,15,309,204,13,23,26,33,219,158,11,11,16,15,309,202,14,23,26,34,4406.0
20119.0,84,78,3,1,1,1,137,125,5,4,1,2,82,76,3,1,1,1,133,121,5,4,1,2,1800.0
20121.0,382,261,20,18,34,45,472,302,31,27,42,66,386,265,20,18,33,46,480,306,32,29,43,66,12534.0
20123.0,140,119,5,5,7,2,198,163,8,5,15,5,140,118,7,4,7,2,192,159,8,5,13,5,2947.0
20125.0,398,294,18,21,31,32,636,442,27,29,64,71,415,309,14,26,31,33,649,452,27,29,65,73,14251.0
20127.0,199,157,7,7,16,11,432,280,22,19,49,59,207,162,8,7,17,12,437,281,17,24,50,62,2955.0
20129.0,19,16,0,0,0,3,30,26,0,0,0,4,18,15,0,0,0,3,28,24,0,0,0,4,1286.0
20131.0,132,102,5,6,15,4,171,124,11,4,21,11,134,104,5,6,15,4,173,126,11,4,20,12,4160.0
20133.0,158,113,6,8,10,20,247,166,14,12,10,42,159,113,5,10,10,20,253,168,17,13,10,42,6856.0
20135.0,43,31,1,2,5,4,120,93,7,6,5,9,43,31,2,1,5,4,124,97,5,8,5,9,1760.0
20137.0,103,88,2,2,4,5,195,167,4,6,8,8,93,78,2,2,4,5,187,158,7,7,6,7,2475.0
20139.0,169,102,8,13,18,28,233,141,10,19,26,35,176,106,10,11,19,29,241,148,9,19,27,36,6502.0
20141.0,288,232,11,11,21,10,437,329,15,14,41,32,282,227,14,9,20,9,424,319,16,17,39,28,2198.0
20143.0,184,116,11,22,23,8,237,116,16,31,41,29,184,115,12,21,24,8,236,114,17,30,42,29,2628.0
20145.0,114,93,7,2,9,3,447,403,8,13,15,7,114,92,7,3,9,3,455,409,9,13,16,7,2739.0
20147.0,77,54,1,4,12,6,149,94,14,16,10,15,75,53,2,4,11,5,147,100,13,13,6,15,2631.0
20149.0,643,467,22,44,61,48,996,701,44,58,106,84,656,477,25,42,61,50,1008,706,48,57,110,84,8784.0
20151.0,195,125,15,14,25,16,254,163,12,13,36,30,201,131,13,16,25,16,262,168,14,14,36,30,3519.0
20153.0,97,67,2,8,6,14,120,74,4,7,17,18,93,63,2,8,6,14,115,73,4,7,13,18,1460.0
20155.0,2603,2439,53,50,43,13,4970,4532,110,132,147,37,2685,2513,50,60,44,13,5083,4629,109,137,157,39,22736.0
20157.0,105,87,1,6,3,7,135,113,3,3,6,8,106,88,1,6,3,7,137,116,2,3,6,8,2565.0
20159.0,337,265,16,15,26,8,794,630,36,37,63,19,345,270,18,16,26,8,811,638,33,47,63,20,4281.0
20161.0,1306,839,60,79,132,196,1962,1231,86,139,216,288,1306,837,57,84,132,196,1963,1230,86,141,214,290,15666.0
20163.0,55,31,8,4,6,6,81,45,3,11,11,10,55,33,6,4,6,6,76,43,5,9,9,9,2718.0
20165.0,119,96,3,4,8,6,258,196,14,15,14,15,120,97,3,4,8,6,258,195,13,17,14,15,1803.0
20167.0,187,139,9,8,13,15,260,182,12,11,23,26,187,139,9,8,13,15,260,183,12,10,23,26,3644.0
20169.0,797,659,48,36,36,14,1680,1312,79,113,96,69,816,674,51,34,39,14,1687,1315,78,110,103,70,19389.0
20171.0,103,58,3,10,10,21,177,96,5,7,20,48,105,60,2,10,11,21,179,95,8,7,19,49,2019.0
20173.0,7194,6231,224,243,256,229,15364,12430,659,701,882,676,7483,6472,232,257,272,239,15816,12748,684,742,926,700,174020.0
20175.0,849,778,25,11,16,17,1200,1060,33,34,43,26,845,775,24,11,16,17,1187,1048,32,35,42,26,5865.0
20177.0,3584,2677,139,209,265,291,6503,3886,313,386,736,1178,3756,2821,142,214,276,300,6640,3940,321,408,750,1217,58807.0
20179.0,29,21,2,0,4,2,44,33,1,3,2,5,28,20,2,1,3,2,37,27,1,2,4,3,1242.0
20181.0,197,191,3,0,0,3,258,247,5,1,1,4,53,48,2,0,1,2,249,239,4,1,2,3,2605.0
20183.0,67,51,4,4,4,4,123,93,3,11,7,9,64,49,3,5,3,4,119,92,2,10,6,9,2176.0
20185.0,179,163,4,7,5,0,294,261,3,8,14,5,185,169,4,7,4,1,298,265,3,8,14,5,2227.0
20187.0,112,104,4,4,0,0,155,140,6,7,2,0,105,97,4,4,0,0,150,138,3,7,2,0,759.0
20189.0,475,389,19,37,23,5,662,444,52,37,101,26,463,374,20,39,22,6,648,427,55,36,101,27,1741.0
20191.0,374,281,14,15,33,29,624,458,20,32,45,64,374,280,15,15,33,29,627,460,20,32,46,64,9674.0
20193.0,64,35,2,5,12,9,99,54,6,8,13,17,60,32,3,4,13,7,93,55,3,10,8,16,2949.0
20195.0,31,16,5,1,6,3,40,21,2,4,6,7,31,16,5,1,6,3,40,22,1,4,7,6,1543.0
20197.0,230,155,9,15,20,30,328,215,15,21,37,39,235,157,9,16,21,31,335,218,11,26,37,42,3120.0
20199.0,13,6,0,2,3,2,17,9,1,0,2,5,12,6,0,2,2,2,15,8,0,0,3,4,769.0
20201.0,100,66,3,5,12,14,201,126,10,9,30,23,100,66,2,6,12,14,201,125,10,9,31,23,2824.0
20203.0,295,254,11,13,11,3,504,417,21,27,27,9,291,252,10,11,12,3,505,418,24,23,28,9,866.0
20205.0,96,74,1,0,14,6,158,118,2,11,10,15,97,75,1,0,14,6,162,122,2,10,11,15,3922.0
20207.0,36,26,2,2,4,2,94,59,0,5,8,20,36,26,2,2,4,2,96,61,0,4,9,20,1884.0
20209.0,2484,1368,125,184,330,476,3880,2007,168,258,483,963,2519,1393,124,185,339,477,3905,2010,169,264,493,968,46521.0
21001.0,340,174,10,23,44,85,398,196,9,31,52,106,351,176,9,23,51,88,410,201,13,27,55,110,9087.0
21003.0,265,114,8,15,41,84,295,128,5,17,48,94,269,115,10,12,42,87,305,128,10,18,46,99,6403.0
21005.0,610,308,33,31,63,167,688,315,32,47,84,202,626,316,36,34,63,169,716,330,32,47,89,210,10075.0
21007.0,141,87,5,9,20,17,174,98,13,9,20,31,148,90,7,10,20,18,177,98,14,10,18,34,3845.0
21009.0,1322,589,48,87,134,423,1585,647,46,71,171,606,1366,616,45,90,147,427,1625,660,51,76,168,625,19064.0
21011.0,500,246,15,34,75,129,543,238,25,33,68,178,505,246,16,34,76,132,556,237,29,39,68,182,4986.0
21015.0,2373,979,129,163,359,730,2943,1177,154,223,432,941,2523,1028,149,178,367,785,3061,1214,159,226,454,992,41797.0
21017.0,487,265,23,40,74,84,589,282,23,47,88,148,494,269,23,42,69,90,597,285,24,43,94,150,6615.0
21019.0,3329,916,130,170,476,1616,4397,999,145,221,596,2410,3433,950,124,181,490,1666,4491,974,148,252,570,2521,21031.0
21021.0,938,450,37,78,93,279,1080,494,44,87,125,329,979,471,44,80,99,284,1103,507,51,70,137,337,9113.0
21023.0,451,91,11,18,42,288,554,87,7,14,29,416,455,91,7,16,43,297,561,89,4,17,27,423,3166.0
21025.0,2764,322,38,62,155,2105,2970,284,33,52,151,2364,2783,330,34,66,160,2111,2977,280,40,60,141,2370,5773.0
21027.0,412,205,14,20,49,120,588,257,21,22,66,215,423,213,11,19,50,126,598,256,21,26,65,223,12129.0
21029.0,1036,615,51,54,94,183,1305,740,80,68,137,234,1082,638,51,65,99,189,1361,771,71,84,147,242,29868.0
21031.0,278,144,7,20,36,65,335,173,11,18,41,85,284,148,8,21,35,66,340,177,11,17,42,85,4722.0
21033.0,320,186,20,16,38,55,398,229,14,27,47,74,328,187,21,20,38,57,413,234,19,24,54,75,5428.0
21035.0,51,13,1,2,3,9,69,20,2,1,1,17,52,14,1,2,3,9,70,20,1,2,1,17,28306.0
21037.0,1988,654,63,102,223,945,2494,733,69,116,269,1306,2088,690,73,112,232,980,2581,782,63,111,279,1345,26114.0
21039.0,169,115,7,7,23,17,186,121,9,8,21,27,171,117,6,6,25,17,188,120,7,12,20,29,2467.0
21041.0,547,173,17,13,45,292,1122,442,32,54,91,495,557,171,15,20,42,302,1192,473,41,37,107,526,2957.0
21043.0,2754,727,85,153,372,1408,3024,705,79,150,400,1680,2800,733,90,152,380,1436,3045,708,67,152,406,1702,9562.0
21045.0,549,219,20,32,79,177,623,235,23,33,86,222,567,224,22,32,79,187,653,254,12,37,90,236,6759.0
21047.0,1059,721,35,54,113,135,1735,1045,50,69,165,405,1123,773,35,56,118,140,1782,1076,53,64,172,416,19208.0
21049.0,1227,625,59,100,156,258,1395,646,77,100,194,348,1252,630,58,96,172,267,1429,670,72,93,213,351,12488.0
21055.0,182,115,6,8,19,33,231,130,12,14,20,53,185,115,7,10,17,35,235,132,8,19,19,55,4127.0
21057.0,800,324,30,46,83,317,960,320,39,36,118,447,817,330,29,49,79,330,970,315,41,42,118,453,2408.0
21059.0,1288,867,78,86,113,63,2584,1790,140,159,191,159,1480,1005,99,95,130,69,2807,1925,171,184,212,167,33220.0
21061.0,355,177,11,14,40,112,398,188,11,18,41,138,361,180,10,14,40,115,407,190,14,14,45,142,5869.0
21063.0,546,105,10,18,72,339,568,91,14,19,70,372,552,102,14,21,73,340,571,92,15,20,74,368,2062.0
21067.0,4517,4415,7,25,27,40,6581,6392,24,32,49,81,4890,4783,7,25,28,44,6910,6708,27,29,55,88,92795.0
21069.0,631,293,24,44,71,195,694,305,27,31,93,233,647,300,23,42,82,196,709,312,21,40,87,244,6152.0
21071.0,7108,853,96,155,486,5415,7562,749,93,147,421,6044,7165,876,93,156,474,5463,7602,748,93,151,434,6067,12769.0
21073.0,1376,489,39,75,125,282,2135,760,53,93,189,598,1447,525,40,75,128,298,2168,762,52,97,184,624,16530.0
21075.0,79,61,3,2,7,6,105,83,0,6,7,9,82,64,2,4,6,6,109,87,0,7,6,9,2398.0
21077.0,443,94,13,15,37,282,514,94,7,14,33,364,448,92,12,17,36,289,534,108,9,13,34,368,3051.0
21079.0,197,75,7,15,21,65,216,73,10,16,21,81,202,73,11,16,22,66,218,71,11,16,23,82,2063.0
21081.0,147,55,5,9,10,67,164,52,7,7,17,80,150,57,8,5,11,68,169,55,7,8,17,81,7181.0
21083.0,753,477,37,47,81,105,877,540,41,65,80,144,761,479,39,50,78,109,900,553,43,62,85,149,16145.0
21087.0,222,92,13,14,36,67,259,114,8,14,43,80,229,94,12,18,37,68,266,116,13,12,42,83,4862.0
21089.0,4094,977,139,220,446,2283,5256,1005,114,182,467,3458,4175,992,111,230,459,2354,5343,1029,101,190,475,3518,13700.0
21091.0,279,195,14,15,28,26,555,349,31,43,62,67,291,205,10,19,29,27,574,352,32,42,72,73,3733.0
21093.0,211,183,6,3,4,12,288,204,17,9,13,41,225,191,7,6,5,13,307,217,8,19,17,42,6528.0
21095.0,4183,871,77,130,362,2718,4712,782,77,131,333,3364,4283,879,88,125,353,2813,4770,783,70,131,330,3431,9085.0
21097.0,426,163,14,19,31,171,515,184,13,26,48,214,430,159,19,18,33,172,522,187,14,26,47,216,5470.0
21099.0,699,286,18,44,77,270,881,299,30,42,82,423,720,289,24,36,83,283,922,318,31,41,91,436,8445.0
21101.0,767,532,40,44,62,86,1092,652,54,67,123,192,804,549,51,51,64,86,1143,679,55,67,136,202,13900.0
21105.0,130,76,7,7,24,15,141,77,8,11,23,21,130,76,6,8,23,16,145,79,9,11,24,21,2002.0
21107.0,411,293,18,26,42,31,523,338,34,40,52,58,431,300,26,29,42,33,535,340,35,39,63,57,5847.0
21111.0,13578,11803,234,290,507,728,22020,18610,330,533,841,1688,14843,12921,249,338,536,783,23144,19523,404,561,894,1740,225331.0
21113.0,1075,554,52,60,136,271,1282,654,50,97,136,343,1115,584,50,56,146,277,1320,666,52,92,145,363,16925.0
21115.0,4472,732,76,108,307,3240,4718,662,68,106,284,3588,4516,732,76,102,317,3280,4748,665,63,110,301,3599,6915.0
21117.0,2204,836,92,143,302,831,3304,1181,115,182,416,1410,2348,894,101,146,304,903,3457,1195,133,178,446,1505,49944.0
21121.0,2069,718,48,90,206,995,2748,738,57,211,263,1463,2101,733,56,82,206,1012,2772,791,126,114,268,1458,6852.0
21125.0,1581,670,64,89,216,513,1849,764,78,116,235,624,1620,692,67,86,217,529,1883,770,75,124,244,637,21677.0
21127.0,2217,440,50,72,236,1401,2614,317,47,72,213,1945,2248,441,48,81,232,1428,2637,331,35,79,218,1954,5769.0
21131.0,2466,225,30,40,134,2026,2562,209,15,42,111,2174,2484,221,33,38,134,2047,2573,204,21,40,112,2185,4044.0
21133.0,5654,514,41,96,270,4673,5827,474,47,90,210,4946,5688,506,50,90,275,4707,5852,475,46,91,219,4961,9826.0
21135.0,784,240,22,32,110,349,899,269,25,40,103,428,791,239,26,26,105,364,921,284,27,36,106,434,4996.0
21137.0,582,295,26,51,64,134,643,308,27,52,78,166,605,308,27,42,76,140,668,320,29,46,82,179,9679.0
21141.0,820,399,39,37,101,242,985,472,34,55,104,318,840,397,49,43,98,251,1015,489,31,57,108,328,10790.0
21143.0,714,197,28,32,78,368,804,179,17,33,80,483,718,196,30,30,78,373,810,179,17,35,80,487,5487.0
21145.0,569,374,28,38,55,71,858,514,42,82,93,118,610,407,24,40,61,75,1084,718,37,67,114,133,13968.0
21147.0,230,84,3,8,28,97,274,104,5,10,34,110,241,88,5,8,29,100,278,105,5,8,38,111,7097.0
21149.0,191,138,9,15,14,13,265,153,8,18,36,48,193,140,7,14,16,14,269,156,10,18,35,48,3073.0
21151.0,1746,742,71,118,274,518,2095,864,74,131,321,679,1809,770,73,118,272,553,2167,893,90,125,334,699,26523.0
21153.0,922,104,20,18,69,688,985,75,13,26,62,786,928,98,21,21,75,690,992,80,13,25,70,781,1581.0
21155.0,573,305,32,42,63,131,624,302,36,43,86,157,585,304,34,36,76,135,637,311,30,46,90,160,6373.0
21157.0,260,179,12,16,19,24,417,266,18,25,38,55,273,185,16,16,19,27,432,277,17,26,41,56,4708.0
21159.0,1381,144,21,34,73,1107,1477,127,16,33,86,1213,1385,147,23,26,80,1107,1483,133,12,38,82,1216,2882.0
21161.0,845,465,42,53,84,199,989,484,50,57,96,300,858,462,47,53,89,205,1018,499,51,61,95,310,6245.0
21163.0,378,194,18,30,56,76,505,259,16,28,59,138,396,203,14,30,63,81,517,264,16,29,58,145,9310.0
21167.0,863,376,18,34,90,334,1034,440,29,38,104,412,887,393,18,29,93,343,1071,465,37,37,102,419,9079.0
21171.0,298,127,16,19,34,97,334,135,12,22,38,120,304,131,9,21,39,99,345,139,10,25,42,122,5628.0
21173.0,910,427,43,55,125,251,1015,459,46,68,130,302,924,436,38,58,127,256,1037,464,50,73,137,303,10027.0
21175.0,1551,341,41,54,184,902,1679,323,37,74,172,1038,1570,338,35,64,175,927,1702,316,48,64,188,1051,4896.0
21177.0,656,476,37,31,45,56,783,540,54,44,64,69,677,488,34,34,51,59,802,546,53,51,66,74,14710.0
21179.0,870,459,25,55,114,216,1048,541,35,74,121,276,909,489,27,53,118,221,1095,567,40,74,128,285,17516.0
21181.0,489,210,16,30,85,148,561,227,22,35,82,195,506,222,16,31,88,149,574,235,21,31,89,198,2893.0
21183.0,280,156,12,14,34,28,314,159,15,25,43,34,285,156,11,18,34,30,319,161,16,24,46,34,4785.0
21185.0,927,367,39,80,132,294,1176,406,58,80,153,463,950,367,44,77,147,300,1198,403,54,89,162,474,20837.0
21187.0,288,104,5,10,23,141,408,140,7,16,25,213,294,109,3,10,21,146,416,137,13,16,28,215,5924.0
21189.0,747,170,20,29,59,467,797,157,20,30,66,522,761,169,16,24,72,478,806,160,18,30,64,532,1424.0
21191.0,549,130,12,30,41,332,767,160,17,22,57,507,557,133,12,32,38,338,774,166,12,24,58,510,5248.0
21193.0,2448,216,25,41,109,1879,2601,182,21,39,109,2061,2476,216,17,44,109,1909,2617,173,19,44,105,2087,6748.0
21197.0,675,242,20,43,97,260,789,281,29,39,85,342,684,242,24,42,101,262,794,281,25,44,86,345,4929.0
21199.0,2004,1004,92,106,234,505,2395,1186,87,126,253,665,2083,1048,81,109,245,536,2482,1230,82,141,257,692,38669.0
21201.0,55,22,1,2,7,20,61,17,4,2,8,27,57,24,1,2,5,22,62,17,3,1,10,28,876.0
21205.0,1843,583,52,83,223,884,2006,573,64,95,227,1028,1867,578,61,91,228,891,2035,592,55,93,233,1042,7813.0
21207.0,351,164,18,19,33,114,437,193,24,26,48,142,368,170,16,23,36,119,446,196,23,30,48,145,11746.0
21209.0,338,170,24,23,52,69,398,177,19,35,64,103,346,170,23,25,57,71,405,180,23,33,62,107,7045.0
21211.0,706,376,41,51,94,141,861,459,53,57,112,175,728,387,42,50,99,147,868,453,52,67,111,180,16238.0
21213.0,270,186,11,17,20,36,369,240,14,19,34,62,286,199,7,17,24,39,389,251,15,22,34,67,6411.0
21215.0,257,110,12,13,30,90,432,155,13,14,50,198,263,112,14,11,32,92,434,151,18,13,50,200,5900.0
21217.0,453,227,26,27,53,119,530,257,27,28,70,147,477,243,22,30,57,124,556,273,24,26,81,151,9158.0
21219.0,306,167,10,16,21,52,399,179,9,25,44,83,312,168,11,14,24,52,409,187,8,24,42,88,5232.0
21221.0,515,257,23,38,66,110,636,264,18,39,83,207,521,260,19,42,68,111,642,265,13,43,80,215,11328.0
21223.0,230,48,8,9,29,130,273,48,9,10,26,173,236,49,10,7,33,130,277,47,7,10,28,177,3270.0
21225.0,255,178,12,19,23,22,431,262,14,25,43,86,267,187,11,20,24,24,452,272,17,30,41,91,5058.0
21227.0,2457,1259,114,114,239,728,3624,1729,131,193,379,1189,2654,1393,104,142,249,763,3760,1792,130,195,403,1237,37958.0
21229.0,295,127,15,21,32,97,332,131,9,17,39,133,305,126,14,23,34,105,339,137,9,14,39,137,4958.0
21231.0,742,376,31,35,72,224,908,431,35,42,108,288,770,382,27,35,94,228,946,447,32,47,103,312,9245.0
21233.0,202,140,7,8,31,15,248,169,11,13,32,22,210,147,7,10,30,15,255,172,13,14,32,23,4240.0
21235.0,1577,544,52,104,209,630,1986,626,53,109,238,915,1634,572,45,109,213,657,2013,635,44,113,238,938,13288.0
21239.0,711,279,29,39,71,285,919,412,30,35,89,345,726,287,28,36,70,297,947,422,34,36,93,354,9675.0
22001.0,3367,1272,467,523,627,272,5428,1512,645,885,1325,737,3753,1344,512,573,720,380,6259,1549,682,926,1520,1216,20136.0
22003.0,862,335,151,150,164,41,1318,390,173,239,334,144,929,338,155,175,190,47,1384,408,159,261,349,167,7379.0
22005.0,5335,1348,525,655,812,1865,26154,4578,1311,1896,3424,14576,5963,1429,598,723,962,2115,26971,4067,1219,1864,3814,15630,39486.0
22007.0,1655,699,83,119,187,482,2722,1347,162,184,284,629,1816,808,82,113,160,559,3209,1002,161,214,420,1281,7383.0
22009.0,853,268,107,133,127,34,1342,399,152,191,247,87,928,271,133,143,146,39,1462,424,185,195,274,97,14760.0
22011.0,558,123,55,64,89,52,831,158,67,85,122,137,587,127,48,71,96,60,859,170,58,87,127,153,12362.0
22013.0,104,29,16,16,23,12,133,27,15,24,29,29,106,27,17,13,27,13,136,22,16,27,32,30,4948.0
22015.0,2931,1241,422,466,498,304,6281,2582,734,875,1310,780,3111,1324,446,505,521,315,6686,2711,778,927,1390,880,40059.0
22017.0,6755,3586,640,779,1100,646,10107,4910,804,1059,1700,1629,7139,3629,691,836,1269,710,10955,5213,855,1191,1832,1858,86657.0
22019.0,10645,3498,1155,1507,1775,2479,16689,4185,1506,1957,3359,5368,12979,3697,1244,1629,2169,3976,20693,4941,1569,2070,3740,7998,63588.0
22021.0,244,55,35,37,49,44,338,66,31,61,80,68,258,64,30,42,51,45,348,69,29,58,87,73,3707.0
22023.0,1907,37,9,14,54,1792,1955,17,4,7,40,1886,1956,12,8,8,38,1889,1963,2,0,0,10,1950,2058.0
22025.0,411,81,51,70,68,34,574,104,55,80,127,56,442,79,51,77,81,37,605,105,56,77,140,64,3868.0
22027.0,242,39,16,17,41,73,306,37,21,24,42,103,250,38,18,18,42,75,312,34,21,26,43,106,5633.0
22029.0,711,166,84,99,141,72,1016,238,112,160,205,103,752,174,90,101,155,77,1076,250,125,161,219,114,6911.0
22031.0,50,10,4,7,10,2,72,18,4,8,17,3,52,11,4,5,12,2,74,19,5,5,19,4,9827.0
22033.0,13597,5116,2115,2358,2790,1183,22720,7113,3023,4020,5337,3163,15480,5486,2442,2768,3274,1469,24915,7530,3185,4317,6106,3708,142784.0
22035.0,215,85,36,35,36,23,289,108,39,62,47,33,228,85,43,37,35,28,311,113,45,70,49,34,2030.0
22037.0,285,69,37,49,69,51,358,93,36,52,91,72,303,71,33,53,75,57,378,95,35,56,100,78,5648.0
22039.0,512,207,69,85,110,30,823,261,107,150,182,91,577,228,85,92,119,39,878,273,107,168,194,102,6733.0
22041.0,784,297,115,102,79,9,1192,332,163,224,151,41,824,295,132,109,88,12,1282,369,153,243,171,45,7243.0
22043.0,374,75,28,35,61,46,521,58,36,58,88,105,394,72,27,38,62,57,545,62,24,64,88,124,4689.0
22045.0,7342,1637,331,394,720,4095,11735,2346,484,667,1202,6836,10607,1750,415,563,1199,6488,14322,1651,353,474,1089,10525,22953.0
22047.0,1149,518,211,203,137,41,1904,809,351,314,271,91,1308,587,237,218,170,47,2139,906,364,380,309,103,9990.0
22049.0,206,33,17,19,29,30,282,51,17,37,39,37,218,34,18,21,35,30,289,52,15,40,43,37,6160.0
22051.0,18152,9432,3058,2640,1917,910,88613,10,13,20,138,87838,88580,98,51,86,303,87448,88615,0,0,0,0,88021,109074.0
22053.0,1839,392,127,153,271,855,2732,585,210,236,396,1238,2211,476,159,169,289,1068,3180,530,206,214,377,1775,11297.0
22055.0,13996,6096,1942,2178,2504,1228,22867,8369,2688,3389,5106,3257,15267,6441,2135,2433,2815,1393,24232,8607,2823,3643,5467,3634,80705.0
22057.0,8300,3481,476,663,909,2690,27192,6279,541,754,1808,17598,17256,3006,418,543,736,12379,29685,3796,235,419,1343,23669,31342.0
22059.0,145,22,17,21,25,20,185,29,10,27,34,37,157,25,20,19,29,21,189,28,6,33,35,37,4315.0
22061.0,490,93,44,68,149,136,598,97,60,81,166,194,511,89,52,76,151,143,619,98,62,81,176,202,13745.0
22063.0,10152,3016,908,1145,1809,2867,14989,3615,1154,1692,2769,5133,11008,3193,961,1272,1914,3227,15895,3720,1168,1746,2892,5713,45428.0
22067.0,758,214,108,139,176,116,951,233,128,158,254,171,791,225,110,139,192,120,990,246,126,170,262,179,10337.0
22069.0,896,191,77,97,105,147,1386,282,97,141,182,260,949,200,83,102,114,154,1462,281,97,162,203,266,13641.0
22071.0,25068,10607,4012,4207,4740,1473,74599,0,0,1,28,74516,74581,219,84,146,424,73654,74599,0,0,0,0,74545,78651.0
22073.0,4581,1890,366,479,815,297,7377,2818,531,781,1339,696,4931,2020,413,515,850,334,7693,2890,574,769,1430,754,48141.0
22075.0,2292,596,274,384,425,523,5347,0,0,0,0,5200,5347,0,0,0,0,5200,5348,1,0,0,0,5200,6067.0
22077.0,686,197,75,113,154,49,995,272,108,141,210,105,775,226,88,126,168,59,1093,294,128,138,228,127,8866.0
22079.0,5074,1608,703,817,941,579,7589,2012,901,1204,1684,1125,5450,1687,727,907,1009,660,7972,2097,890,1252,1816,1229,46178.0
22081.0,64,27,6,15,6,7,96,39,12,16,15,10,66,28,7,15,6,7,101,39,13,17,17,10,2653.0
22083.0,630,279,112,114,84,12,1061,392,189,193,207,32,679,303,113,125,95,13,1110,402,190,195,231,42,6385.0
22085.0,354,67,25,54,90,118,458,103,33,53,103,166,365,73,25,49,92,126,470,100,32,55,115,168,9953.0
22087.0,2891,1436,439,379,251,273,13079,0,0,0,0,12674,13079,0,0,0,0,12674,13079,0,0,0,0,12674,14199.0
22089.0,7530,1503,607,794,1239,3382,16372,101,55,110,461,15634,15005,295,100,136,303,14160,16391,27,11,22,156,16163,16826.0
22093.0,1110,308,132,124,146,398,5031,577,199,242,575,3430,1180,307,146,127,165,432,5275,543,151,234,492,3846,7087.0
22095.0,9603,521,251,271,361,8022,13096,757,263,410,914,10465,9896,505,243,302,367,8295,13537,546,182,300,700,11503,15207.0
22097.0,3745,1271,433,507,599,352,5602,1526,622,794,993,818,4075,1345,474,556,664,404,5965,1577,624,819,1147,898,30710.0
22099.0,4066,1452,422,531,798,827,5194,1547,472,593,987,1550,4239,1408,394,536,760,1102,5477,1602,485,617,1018,1708,18922.0
22101.0,3694,775,391,577,386,1559,11836,349,126,205,320,10818,10952,165,82,124,145,10423,15546,0,0,1,9,15512,17558.0
22103.0,23093,4162,1341,1651,2771,12915,35108,4732,1507,2063,3540,22894,29620,3949,1276,1664,2996,19440,42369,4924,1546,2031,3715,29724,72959.0
22105.0,6765,2486,704,953,1242,1052,10564,3332,991,1360,2275,2204,7599,2605,850,1061,1410,1327,11863,3368,1016,1373,2457,3226,37776.0
22107.0,198,68,28,25,17,9,282,92,33,44,38,13,206,65,35,25,20,9,308,95,39,53,37,15,2862.0
22109.0,20888,1147,371,506,1922,16560,24020,373,124,279,1077,21694,21853,323,124,189,353,20468,25465,74,28,81,251,24505,33447.0
22111.0,32,13,4,2,7,6,39,15,4,4,9,7,34,15,4,2,7,6,40,16,4,3,10,7,895.0
22113.0,4720,822,344,458,616,1836,7449,723,247,407,783,4267,6459,747,275,428,880,3206,8500,512,207,291,567,5827,12176.0
22115.0,371,102,43,52,89,78,519,119,61,64,120,144,386,105,47,45,101,81,540,124,59,71,118,157,11616.0
22117.0,1429,335,142,175,246,213,1839,360,176,209,292,416,1532,354,139,175,275,254,1954,378,179,222,302,470,17649.0
22119.0,167,46,24,28,37,32,229,57,24,41,49,58,176,51,22,29,41,33,239,62,23,45,48,61,5613.0
22121.0,1194,399,178,262,287,59,1752,536,259,351,431,164,1330,430,209,268,333,80,1877,560,285,351,481,189,7769.0
22123.0,306,133,67,58,43,5,399,144,59,100,77,18,316,129,67,66,48,5,428,162,62,96,88,19,3817.0
22125.0,125,25,13,14,13,21,170,22,12,24,25,38,126,21,15,13,11,27,180,27,11,22,23,45,3595.0
23001.0,1174,872,20,34,57,190,1679,1210,30,43,89,306,1259,929,23,43,61,202,1762,1272,25,48,93,323,19726.0
23003.0,665,463,13,20,33,124,1031,656,25,29,44,257,714,494,16,14,43,134,1084,668,25,34,56,281,14185.0
23005.0,3240,2505,66,70,164,427,4780,3671,99,128,245,625,3572,2743,70,89,196,464,5175,3939,122,131,272,698,78269.0
23007.0,569,373,12,20,45,106,741,444,10,17,43,213,595,388,11,22,45,116,780,458,16,20,45,226,7549.0
23009.0,896,633,21,27,59,116,1186,837,14,33,86,160,967,683,16,40,55,127,1247,871,21,34,88,171,19237.0
23011.0,1413,965,25,53,77,289,1932,1257,45,63,139,420,1487,1016,29,51,88,299,2028,1315,41,64,146,453,26563.0
23013.0,655,240,46,48,115,195,928,338,38,75,153,311,724,259,41,64,126,223,1006,362,46,74,166,345,15196.0
23015.0,584,435,14,12,32,86,794,546,19,33,64,125,636,459,24,19,36,92,846,565,24,32,66,152,13717.0
23017.0,1171,815,23,37,63,176,1714,1132,26,59,102,313,1234,848,31,29,74,190,1760,1127,41,46,121,341,12825.0
23019.0,1681,446,69,148,242,717,2393,618,117,177,350,1052,1776,450,82,161,259,762,2509,639,122,176,347,1142,24209.0
23021.0,147,105,2,4,14,22,193,114,3,8,17,50,151,105,4,4,14,24,199,116,1,10,17,54,2300.0
23023.0,753,564,12,24,56,91,1007,690,26,33,80,171,807,586,19,31,55,110,1072,715,25,33,86,206,12262.0
23025.0,717,321,9,18,58,281,879,345,16,21,45,415,757,340,10,17,46,311,908,356,13,22,47,433,7541.0
23027.0,157,117,0,1,4,26,233,152,5,6,13,42,167,115,4,4,8,26,242,153,8,7,12,47,10025.0
23029.0,377,218,13,21,34,69,474,253,18,17,53,111,404,216,21,23,40,82,519,274,15,29,45,132,8810.0
23031.0,4917,3532,161,210,485,467,6266,4050,185,312,623,1012,5318,3491,166,255,543,799,6746,3992,203,336,716,1412,53885.0
24001.0,3840,1233,159,236,536,1676,4358,1242,172,265,560,2119,3914,1240,167,238,517,1752,4448,1264,173,270,560,2181,25035.0
24003.0,7220,4816,337,515,790,758,10098,6171,454,734,1330,1404,8689,5349,421,624,1154,1136,12224,6865,522,824,1701,2307,168577.0
24005.0,8304,4956,403,544,1116,1284,11167,6277,534,724,1401,2230,9397,5275,442,599,1166,1914,12422,6554,519,736,1562,3050,231787.0
24009.0,1289,650,60,111,207,256,1547,674,92,136,291,349,1470,589,70,130,306,370,1701,594,78,125,339,560,34000.0
24011.0,580,464,20,25,33,38,911,578,29,35,69,200,652,524,15,29,39,45,959,595,38,33,68,225,11594.0
24013.0,1366,597,66,97,187,419,1658,690,107,114,236,511,1442,640,72,107,195,428,1724,730,101,125,240,528,54604.0
24015.0,1399,786,75,93,151,289,1749,846,72,100,194,532,1587,866,81,97,185,353,1901,826,87,96,229,657,34283.0
24017.0,2208,1211,73,90,159,674,2792,1567,115,122,250,737,2342,1272,72,113,173,711,2915,1609,112,142,270,781,56701.0
24019.0,3218,1434,193,294,658,638,3750,1405,126,244,778,1196,3529,1115,137,214,721,1341,3990,1153,81,161,527,2067,13714.0
24021.0,2667,1452,136,172,318,586,3596,1915,176,226,424,852,2787,1504,142,183,335,620,3763,1991,204,243,431,891,84493.0
24023.0,1173,485,38,77,166,406,1385,494,49,72,204,565,1201,493,44,76,166,421,1406,503,46,75,195,586,17191.0
24025.0,1437,811,46,106,178,296,1863,1026,86,133,236,382,1575,873,66,122,197,317,2066,1118,99,130,271,448,88411.0
24027.0,1752,990,110,138,217,286,2242,1229,126,199,318,359,1846,1043,108,150,237,297,2317,1275,127,201,325,378,83110.0
24029.0,638,439,27,40,83,48,923,543,46,60,140,132,817,480,35,66,124,111,1099,533,52,67,163,282,8747.0
24031.0,8103,4280,446,700,1258,1418,10809,5616,618,973,1695,1903,8574,4523,489,725,1349,1487,11430,5958,655,1025,1774,2014,251212.0
24033.0,9540,5868,502,677,1171,1320,13278,7788,684,902,1623,2278,10133,6232,534,703,1226,1436,13949,8136,705,954,1705,2446,226417.0
24035.0,1649,1302,82,108,104,52,2488,1610,129,165,387,196,2253,1494,93,185,326,154,3273,1822,133,192,482,642,19748.0
24037.0,1991,1155,101,123,335,275,2522,1283,110,169,380,578,2326,1210,101,151,364,498,2887,1313,116,210,370,876,37557.0
24039.0,4037,1714,288,436,1077,520,4518,1446,232,403,1221,1214,4506,1174,136,303,1164,1727,5080,1319,115,181,776,2687,8679.0
24041.0,1580,1260,75,98,109,38,2287,1629,109,156,270,123,2198,1530,93,163,287,125,3101,1905,118,203,432,443,15484.0
24043.0,3297,1884,137,202,367,705,4358,2478,199,246,471,962,3469,1986,150,209,389,733,4543,2580,209,269,490,993,47236.0
24045.0,1947,1572,65,75,109,124,3073,2340,96,143,224,267,2169,1682,70,98,147,170,3324,2463,101,133,264,360,30786.0
24047.0,12797,6707,765,1227,2495,1600,14543,4994,843,1437,3380,3886,14335,4365,707,1338,3429,4493,15964,3806,430,681,2869,8175,30092.0
24510.0,4993,3254,257,319,533,630,7051,4556,310,468,778,939,5464,3563,276,347,587,691,7462,4806,326,481,840,1009,141952.0
25001.0,11665,6375,471,669,1511,2637,17861,8798,741,1032,2448,4840,13711,7219,552,858,1850,3230,20280,9434,804,1209,2745,6086,124241.0
25003.0,4121,2169,175,245,486,1045,5416,2468,187,314,686,1760,4257,2221,159,279,489,1108,5585,2539,176,317,676,1876,39572.0
25005.0,1896,687,191,255,402,360,2966,959,290,375,574,767,2167,736,205,294,453,478,3234,959,325,384,627,938,123340.0
25007.0,904,763,20,38,34,49,1379,1092,39,47,83,118,1024,829,31,38,67,59,1533,1126,45,66,130,166,12143.0
25009.0,15017,9691,413,595,1169,3149,21417,12929,623,902,1925,5038,16328,10162,462,694,1359,3651,22818,13210,623,925,2130,5930,159224.0
25011.0,1964,403,115,150,317,979,2733,462,115,179,384,1592,2083,404,115,161,335,1068,2829,480,130,176,356,1686,21390.0
25013.0,5578,3727,121,152,276,1302,8989,5770,186,282,555,2196,5913,3975,138,164,290,1346,9439,6060,175,283,569,2352,103833.0
25015.0,2095,450,153,241,394,857,3149,562,186,286,570,1545,2224,457,174,246,408,939,3307,569,215,291,576,1656,35347.0
25017.0,16979,4119,1431,1960,3762,5702,25262,5784,1999,2818,5236,9420,18099,4339,1509,2137,4014,6095,26448,6005,2052,2971,5422,9992,297314.0
25019.0,692,108,34,66,176,292,900,138,59,77,183,426,755,105,44,64,148,378,990,143,60,79,191,499,6376.0
25021.0,9744,2799,726,1142,2163,2914,14268,3701,1080,1604,3093,4790,10579,2967,794,1220,2338,3260,15017,3834,1089,1719,3250,5125,160215.0
25023.0,10467,2940,570,920,1853,4184,15973,3516,797,1182,2534,7944,11948,3135,628,1005,1980,5200,17206,3398,783,1240,2546,9239,137020.0
25025.0,6629,4943,209,280,571,626,10778,6488,345,573,1215,2157,7679,5079,264,380,786,1170,11756,6417,326,570,1435,3008,48457.0
25027.0,9711,2802,793,1127,2156,2833,13518,3464,1073,1558,2992,4431,10211,2904,828,1210,2247,3022,14105,3596,1082,1610,3113,4704,189651.0
26001.0,496,420,9,4,17,20,675,560,10,17,28,31,502,424,10,5,18,19,688,568,11,20,30,30,12207.0
26003.0,255,218,5,2,8,17,394,336,7,6,11,29,265,228,5,1,9,17,412,351,8,7,12,28,8807.0
26005.0,2853,1877,93,150,243,316,4238,2731,174,229,388,493,2927,1929,101,149,255,318,4346,2804,180,235,392,508,45561.0
26007.0,3138,2625,17,30,46,262,3748,3117,21,23,56,322,3162,2646,17,25,48,265,3763,3128,21,24,54,326,14551.0
26009.0,1110,745,22,24,42,98,1462,961,20,33,78,144,1144,771,22,25,43,99,1481,974,24,32,79,145,17129.0
26011.0,361,310,5,8,5,26,519,436,12,17,8,34,374,321,5,10,5,26,532,448,12,16,9,34,8044.0
26015.0,2456,2006,33,64,99,246,3276,2631,49,66,163,357,2496,2038,34,67,101,248,3320,2663,51,74,158,364,26203.0
26017.0,1219,1155,11,10,27,16,3208,3081,16,27,22,61,1246,1182,8,13,27,16,3245,3118,13,30,22,61,39475.0
26019.0,858,597,18,34,52,148,1215,829,27,50,85,214,885,613,21,35,56,151,1245,845,24,50,97,217,11555.0
26021.0,3447,2764,33,82,135,426,4979,3985,70,95,185,634,3604,2897,34,74,148,444,5118,4101,79,96,188,644,59386.0
26023.0,1774,1493,23,31,55,142,2432,1994,36,64,91,208,1833,1542,23,36,56,145,2472,2023,44,53,96,217,16985.0
26025.0,2841,2403,53,70,125,152,4277,3520,73,120,210,299,2967,2516,55,66,131,161,4405,3619,87,119,221,303,48425.0
26027.0,1018,890,11,30,37,28,1588,1339,19,34,76,87,1083,942,17,33,37,31,1629,1372,22,33,79,90,22270.0
26029.0,918,681,21,47,54,82,1266,908,21,56,79,126,946,699,20,52,54,85,1287,928,20,50,80,131,17784.0
26031.0,1460,1230,21,25,48,75,2097,1680,26,78,74,155,1488,1252,20,26,49,78,2134,1713,23,77,79,156,18500.0
26033.0,1369,627,6,22,42,542,1663,783,20,31,48,631,1380,634,10,22,41,542,1681,799,21,31,49,630,12837.0
26035.0,351,298,4,6,12,19,568,475,11,12,20,34,357,302,5,6,12,20,579,484,12,10,23,34,11827.0
26037.0,1140,806,51,70,105,108,1916,1265,100,142,209,199,1164,826,48,73,107,110,1959,1291,104,149,208,206,26350.0
26039.0,1222,924,28,45,105,118,1601,1163,34,41,107,254,1243,941,26,47,106,121,1626,1182,33,41,108,260,9398.0
26041.0,809,470,16,33,70,215,1168,675,20,29,84,351,836,489,19,32,73,218,1188,689,19,31,87,353,11365.0
26043.0,276,126,20,17,19,84,368,170,13,24,44,103,289,135,18,21,19,86,377,173,13,23,50,103,6301.0
26045.0,2168,1507,46,49,118,440,3240,2291,59,72,193,617,2220,1551,41,61,113,446,3300,2337,58,79,189,629,35635.0
26047.0,1074,833,25,25,40,80,1560,1200,35,45,47,109,1128,884,18,29,41,85,1608,1236,40,47,49,113,19142.0
26049.0,5906,5181,104,144,199,271,10123,8598,172,268,417,658,6057,5306,110,155,201,277,10299,8743,177,270,429,670,146258.0
26051.0,2171,1114,35,58,127,792,2713,1298,38,57,150,1114,2187,1127,29,59,133,794,2731,1308,41,57,150,1118,14493.0
26053.0,505,406,9,11,24,46,758,593,15,20,40,76,505,405,10,11,24,46,773,606,14,22,40,77,10592.0
26055.0,2911,1837,92,125,260,582,4118,2597,121,167,341,875,3005,1900,96,123,271,600,4210,2664,113,182,341,893,37887.0
26057.0,459,425,6,2,11,7,770,676,9,15,29,32,477,442,5,4,11,7,790,688,13,17,27,34,12276.0
26059.0,1038,909,24,21,36,32,1462,1249,31,37,65,54,1066,935,18,27,37,32,1495,1279,29,40,66,54,20035.0
26061.0,636,452,6,15,16,37,849,562,13,27,45,63,656,467,6,13,19,39,889,594,11,23,52,65,15152.0
26063.0,512,420,9,15,20,39,905,744,14,24,45,60,543,442,9,18,24,40,933,768,14,27,44,62,12590.0
26065.0,4024,2882,173,225,348,370,7025,4534,315,444,702,986,4188,2990,184,236,370,381,7188,4613,355,436,727,1012,82667.0
26067.0,1721,1099,29,41,68,478,2193,1418,50,45,131,542,1761,1134,26,44,72,479,2211,1433,45,48,134,544,20163.0
26069.0,4,4,0,0,0,0,7,7,0,0,0,0,4,4,0,0,0,0,7,7,0,0,0,0,18245.0
26071.0,428,270,5,9,25,55,523,316,8,12,27,85,434,274,6,7,28,55,532,320,8,14,27,86,6448.0
26073.0,1164,952,9,20,37,92,1607,1301,25,27,38,151,1189,974,9,22,38,92,1654,1345,23,28,40,152,19677.0
26075.0,2248,2079,32,43,41,31,3842,3349,69,114,144,128,2332,2151,33,44,50,31,3954,3446,74,115,146,134,57964.0
26077.0,4243,3493,96,133,240,274,6693,5203,175,290,473,539,4487,3662,111,157,255,294,6885,5336,180,297,491,568,77577.0
26079.0,962,697,18,31,44,77,1242,882,24,25,65,137,982,711,19,30,45,80,1256,890,24,24,68,138,12190.0
26081.0,10987,8858,191,255,477,1194,18271,13003,363,592,1021,3277,11309,9122,212,249,501,1213,18529,13240,352,588,1052,3282,175783.0
26083.0,194,147,4,7,17,17,311,238,11,7,21,29,197,148,3,7,20,17,317,240,14,8,20,30,2700.0
26085.0,199,172,1,7,7,12,287,237,7,6,15,21,206,177,2,8,6,13,292,240,8,7,15,21,5976.0
26087.0,1036,909,16,18,23,18,1578,1351,19,37,63,38,1079,949,16,17,24,20,1610,1379,18,39,62,40,33071.0
26089.0,1523,784,33,53,111,441,1797,870,33,77,141,561,1556,801,34,52,119,445,1820,880,35,73,141,574,15683.0
26091.0,1706,1323,28,33,58,251,3070,2156,64,110,194,528,1763,1332,34,39,70,275,3155,2210,67,104,198,557,40070.0
26093.0,3613,939,278,403,860,1133,5341,1258,344,553,1215,1969,3722,959,290,420,887,1166,5459,1260,362,575,1228,2031,66580.0
26095.0,238,128,4,5,9,28,293,158,2,6,13,36,240,129,3,5,10,28,301,163,2,6,15,37,6593.0
26097.0,464,381,4,4,10,53,784,656,8,13,22,58,477,392,4,5,10,53,791,660,9,14,22,58,10264.0
26099.0,17166,14286,671,794,861,552,41380,33990,1715,1955,2204,1509,19008,15879,776,879,906,565,42958,35256,1848,2027,2277,1542,239453.0
26101.0,827,700,17,21,30,52,1172,977,26,21,54,85,847,715,19,18,34,54,1192,988,30,21,53,91,14447.0
26103.0,93,77,0,0,3,13,143,118,0,3,7,15,98,82,0,0,3,13,153,128,0,2,8,15,4377.0
26105.0,543,445,8,10,35,27,918,737,21,20,39,76,568,466,9,10,33,32,927,746,18,23,38,77,14838.0
26107.0,1102,715,21,18,58,252,1494,995,22,41,83,305,1151,761,15,25,58,254,1522,1014,25,37,89,308,17959.0
26109.0,293,211,0,7,10,49,410,289,7,10,17,69,303,220,1,6,10,49,417,291,11,11,18,68,5486.0
26111.0,3513,2422,41,65,148,818,4981,3572,60,103,215,1010,3572,2477,39,69,144,824,5040,3620,66,102,220,1011,30516.0
26113.0,84,79,0,1,4,0,124,115,1,1,5,0,88,83,0,1,4,0,126,117,1,1,5,0,8860.0
26115.0,4671,4020,77,130,216,225,8083,6969,117,162,376,450,5029,4358,84,130,226,228,8440,7304,128,158,385,456,53809.0
26117.0,953,880,15,10,26,13,1445,1298,21,29,49,33,978,901,16,11,27,13,1496,1345,21,26,53,36,26373.0
26119.0,591,412,8,11,36,35,731,463,17,18,54,82,602,419,11,12,36,35,743,468,18,20,52,84,14035.0
26121.0,3581,2944,49,66,112,163,6224,5012,104,127,232,496,3745,3089,56,67,116,169,6386,5159,109,127,234,504,62735.0
26123.0,1457,892,16,36,54,446,1872,1212,31,38,80,497,1475,908,15,38,53,448,1906,1235,35,43,81,498,23623.0
26125.0,14681,10516,668,914,1453,1120,27779,18950,1461,1854,2916,2585,15661,11224,715,972,1554,1186,28888,19712,1511,1925,3045,2682,370046.0
26127.0,929,728,19,20,32,62,1450,992,25,43,98,185,953,742,18,20,38,62,1475,1004,31,38,101,193,15738.0
26133.0,229,170,3,3,10,34,335,259,3,10,5,48,237,177,3,3,8,36,337,260,4,10,5,48,6766.0
26135.0,425,247,10,13,32,107,501,284,8,19,38,132,429,247,14,12,32,108,509,290,8,19,37,134,11674.0
26137.0,461,357,9,9,32,38,615,473,10,15,27,66,486,371,10,10,31,44,632,478,16,18,27,69,13683.0
26139.0,5872,4955,109,144,271,389,9648,7549,197,261,553,1083,5971,5069,111,155,248,384,9815,7707,188,269,554,1092,77701.0
26141.0,747,552,9,7,12,40,957,704,10,13,16,62,758,561,10,7,13,40,969,714,10,14,16,62,10500.0
26143.0,811,765,6,6,7,6,1354,1283,8,14,10,9,832,783,7,7,7,6,1384,1310,9,15,10,9,23485.0
26145.0,3052,2799,47,39,67,82,5684,5236,84,89,124,128,3097,2841,48,40,68,82,5758,5304,84,91,127,129,73881.0
26147.0,3853,3337,41,57,125,291,7848,6861,87,138,253,506,4040,3511,41,59,127,300,8091,7086,91,136,268,507,54913.0
26149.0,1709,1280,40,37,105,234,2456,1811,48,64,142,375,1756,1318,41,42,107,235,2522,1866,55,70,140,375,23336.0
26151.0,1216,966,18,27,68,92,1605,1260,25,46,74,141,1246,988,19,25,71,94,1629,1272,28,43,72,154,18194.0
26155.0,1051,939,13,17,31,44,1710,1179,52,76,204,187,1077,962,13,19,31,45,1725,1181,50,77,207,197,23283.0
26157.0,841,611,9,14,28,64,1585,1125,27,32,58,168,854,620,11,13,31,64,1609,1139,29,36,56,172,24948.0
26159.0,1698,1437,27,42,76,114,2560,2007,52,60,124,309,1799,1511,31,48,75,132,2651,2082,59,52,135,315,33300.0
26161.0,3693,2613,149,203,358,365,6168,4265,250,330,623,691,3993,2828,157,225,390,387,6552,4536,252,341,686,728,97948.0
26163.0,26814,22400,785,915,1148,1550,57113,45967,2007,2511,3558,3046,29045,24483,819,955,1198,1574,60023,48551,2067,2611,3630,3130,564874.0
26165.0,46,37,0,2,1,2,81,69,0,2,3,2,49,40,0,1,2,2,84,71,1,2,3,2,1205.0
27001.0,633,409,31,35,59,96,937,599,31,50,87,162,650,414,33,39,61,98,954,608,33,54,87,164,17786.0
27003.0,6762,4173,238,323,554,1472,11738,6642,517,606,1146,2824,6850,4228,233,329,567,1491,11809,6682,484,616,1157,2867,112340.0
27005.0,1148,811,46,77,110,93,1685,1148,70,113,177,165,1183,839,47,72,118,96,1708,1158,80,109,183,166,20884.0
27007.0,669,475,43,33,75,34,1044,715,49,69,117,76,692,488,45,36,78,35,1070,729,53,67,121,82,19890.0
27009.0,950,344,24,34,58,489,1233,476,29,38,74,615,970,358,23,38,56,494,1251,479,37,42,73,619,11913.0
27011.0,79,56,3,3,7,9,133,100,5,6,9,12,79,55,4,4,7,8,135,102,5,7,8,12,2677.0
27013.0,713,525,24,26,48,89,1246,876,47,54,93,175,726,533,24,26,52,90,1274,870,49,68,91,195,24029.0
27015.0,344,263,12,16,25,23,582,425,21,30,43,55,351,266,10,21,25,24,593,436,21,30,42,56,10251.0
27017.0,242,174,4,7,20,24,388,260,9,13,41,44,260,188,6,8,17,27,396,258,16,13,42,46,13202.0
27019.0,1048,738,49,66,102,93,1672,1160,81,108,187,136,1066,749,52,69,102,94,1706,1180,82,110,198,136,31759.0
27021.0,981,600,46,48,120,164,1334,813,57,66,141,254,999,608,48,50,125,165,1355,823,52,74,145,258,24070.0
27023.0,141,99,4,6,5,9,325,204,8,26,34,27,145,103,4,6,5,9,330,206,9,24,36,29,4159.0
27025.0,886,637,43,37,69,92,1301,928,39,73,92,160,891,639,41,38,71,94,1308,933,39,72,93,162,22418.0
27027.0,843,771,12,12,18,13,1664,1479,26,45,48,31,855,778,16,13,18,13,1700,1505,28,44,52,36,21022.0
27029.0,109,56,6,9,10,24,220,137,10,8,20,32,123,65,6,8,14,26,226,139,14,5,21,34,3716.0
27031.0,415,275,10,20,41,69,532,348,16,24,51,92,421,279,12,16,43,71,538,352,17,24,51,93,5393.0
27033.0,219,170,12,10,14,11,333,268,9,15,21,18,215,167,12,9,14,11,333,268,8,16,21,18,6527.0
27035.0,1276,766,43,51,121,287,1669,926,68,102,148,415,1301,773,49,52,121,298,1698,943,71,108,146,420,17221.0
27037.0,6373,4369,295,416,609,680,11268,7313,570,724,1265,1390,6518,4462,296,426,636,694,11392,7381,579,735,1277,1414,122344.0
27039.0,244,151,13,14,28,38,354,208,13,20,41,72,244,149,15,13,29,38,355,209,13,20,41,72,7166.0
27041.0,543,400,22,27,43,37,881,631,42,41,76,76,558,410,22,26,48,38,901,648,44,41,75,78,19628.0
27043.0,162,140,7,5,7,3,273,221,8,15,21,8,162,140,7,5,7,3,274,222,8,15,21,8,5933.0
27045.0,1103,453,42,67,148,386,1349,449,51,81,163,596,1112,453,41,70,152,389,1356,443,59,78,164,603,9715.0
27047.0,520,361,26,35,59,36,815,548,38,45,83,95,529,369,26,35,58,38,818,552,36,45,82,97,12441.0
27049.0,1605,741,64,86,222,490,2013,818,71,101,279,742,1604,741,64,85,224,488,2011,814,74,100,281,740,17444.0
27051.0,148,78,6,8,28,24,208,115,8,12,27,40,152,81,6,8,28,24,209,115,8,12,25,42,2883.0
27053.0,18154,11743,789,1059,1847,2689,30505,18545,1363,1910,3263,5386,18442,11883,807,1099,1886,2740,30846,18739,1369,1931,3294,5474,316982.0
27055.0,704,340,26,36,95,204,1179,566,50,93,162,303,713,340,27,41,95,207,1184,556,55,90,167,311,7901.0
27057.0,696,466,29,51,68,77,1009,610,50,66,133,145,718,474,29,55,73,83,1044,630,55,62,134,158,14733.0
27059.0,724,255,69,117,146,134,1043,369,124,123,219,204,744,258,73,120,149,141,1052,373,126,124,219,206,17386.0
27061.0,1044,754,33,47,111,97,1492,1044,50,51,149,195,1072,775,31,49,111,104,1513,1059,49,56,146,200,26296.0
27063.0,153,96,5,16,18,15,241,158,5,5,26,43,150,93,6,15,18,15,237,154,4,6,26,43,4750.0
27065.0,195,146,6,11,14,18,250,178,7,13,22,30,198,147,8,11,14,18,256,182,7,14,23,30,5577.0
27067.0,795,585,29,43,69,62,1375,899,61,109,153,146,834,611,32,48,71,65,1400,909,68,103,155,158,17592.0
27069.0,44,36,1,0,1,1,88,67,3,2,2,2,45,37,1,0,1,1,92,69,3,2,2,2,1421.0
27071.0,526,351,20,16,38,100,764,474,24,27,53,179,540,360,20,17,40,102,794,496,21,35,54,181,7314.0
27073.0,86,78,0,5,2,1,138,118,6,6,5,3,87,79,0,5,2,1,138,117,6,7,5,3,3260.0
27075.0,764,279,21,26,67,371,935,342,28,34,97,434,778,284,22,32,67,373,960,357,30,35,98,440,7764.0
27077.0,289,158,10,13,19,55,493,232,17,15,31,140,295,160,12,11,21,56,499,236,18,16,31,140,3968.0
27079.0,566,444,16,26,39,41,943,660,44,62,101,76,579,452,15,32,39,41,956,666,46,62,104,78,11613.0
27081.0,74,52,6,5,6,5,107,71,8,12,8,8,76,53,8,5,5,5,108,72,8,12,8,8,4575.0
27083.0,342,298,9,7,6,3,590,477,23,21,30,8,345,300,9,7,6,3,603,488,23,21,32,8,7804.0
27085.0,111,89,1,4,10,6,176,138,4,7,8,16,114,91,2,3,11,6,176,136,4,9,7,17,2961.0
27087.0,82,69,4,3,1,1,131,109,3,8,3,3,86,73,5,1,2,1,135,110,6,8,3,3,1728.0
27089.0,248,212,7,3,8,7,782,626,20,33,52,20,217,182,7,3,8,7,763,605,22,33,52,20,3486.0
27091.0,330,267,15,18,24,6,571,420,27,32,66,26,329,266,14,19,24,6,570,419,26,34,65,26,7992.0
27093.0,434,347,10,19,34,21,604,466,23,23,51,37,445,355,9,19,37,22,608,469,20,23,54,37,8492.0
27095.0,382,312,8,14,19,28,541,424,20,14,34,48,391,319,9,13,20,29,559,440,20,16,34,48,11575.0
27097.0,1218,702,41,70,130,274,1964,1136,73,90,195,468,1238,712,42,70,132,281,2022,1188,67,98,191,476,16929.0
27099.0,526,391,16,26,44,45,817,581,31,34,56,108,526,390,17,25,46,44,818,582,31,31,59,108,15958.0
27101.0,46,38,4,0,1,1,131,81,7,12,14,9,46,38,4,0,1,1,131,81,7,12,13,10,2431.0
27103.0,393,269,22,14,41,47,1760,300,21,29,61,1349,410,282,22,16,42,48,1774,309,22,29,59,1355,10007.0
27105.0,41,35,1,0,2,2,74,65,1,1,3,2,39,33,1,0,2,2,74,65,1,1,3,2,3108.0
27107.0,68,63,0,1,2,1,289,236,11,12,19,3,70,65,0,0,3,1,290,237,11,12,19,3,2546.0
27109.0,2710,1624,153,176,358,398,4404,2312,191,323,612,964,2711,1623,149,181,360,397,4411,2315,188,321,618,967,50779.0
27111.0,2301,1368,103,150,255,387,3342,1898,155,232,376,625,2361,1403,106,156,263,393,3374,1910,163,238,376,631,39502.0
27113.0,184,130,4,4,9,21,336,243,4,11,13,34,106,61,2,3,10,20,168,99,3,7,11,33,7305.0
27115.0,617,408,20,40,53,83,919,582,38,49,89,140,623,411,20,42,53,84,925,582,40,50,90,142,19821.0
27117.0,0,0,0,0,0,0,1,1,0,0,0,0,0,0,0,0,0,0,1,1,0,0,0,0,106.0
27119.0,487,404,20,20,21,22,2506,1812,59,69,150,416,505,421,18,19,24,23,2520,1828,61,69,149,413,10971.0
27121.0,286,204,12,20,21,29,417,298,19,28,35,37,300,215,15,20,21,29,427,306,19,28,36,38,6200.0
27123.0,5237,4810,82,80,131,134,9538,8179,174,184,432,568,5332,4883,96,83,134,136,9612,8233,177,188,441,572,126805.0
27125.0,31,25,0,1,1,3,51,45,0,0,0,5,32,26,1,0,1,3,51,45,0,0,0,5,1279.0
27127.0,18,10,0,1,4,3,23,13,0,2,3,5,18,10,0,1,4,3,23,13,0,2,3,5,1094.0
27129.0,323,247,6,14,19,37,506,377,27,13,32,57,333,256,7,14,19,37,510,379,27,15,31,58,6398.0
27131.0,1902,1167,68,93,183,391,2453,1434,89,138,226,566,1910,1165,69,95,185,396,2461,1438,85,139,230,569,19726.0
27133.0,40,34,4,1,1,0,105,98,0,4,2,1,37,32,3,1,1,0,101,94,0,4,2,1,3056.0
27135.0,214,142,18,21,19,13,455,292,43,47,38,32,231,155,21,22,19,13,475,305,46,51,36,34,6530.0
27137.0,4238,2998,122,117,252,664,6146,4253,158,243,380,998,4342,3077,122,128,255,673,6273,4345,166,236,404,1007,93500.0
27139.0,2444,1768,128,145,234,169,4162,2826,246,308,441,341,2518,1818,131,155,240,174,4239,2865,257,313,455,349,47735.0
27141.0,2167,1599,57,69,126,313,3201,2319,88,82,199,510,2226,1651,52,75,128,317,3233,2339,88,85,208,510,29614.0
27143.0,179,116,5,6,14,26,294,192,8,11,30,37,182,118,6,6,14,26,296,191,10,12,29,38,8938.0
27145.0,3291,2437,100,132,253,353,5133,3753,150,207,372,621,3467,2592,97,135,269,358,5290,3876,153,219,379,633,53976.0
27147.0,473,371,22,28,30,19,763,593,25,39,56,44,482,377,25,28,29,20,770,598,25,38,60,43,14727.0
27149.0,70,60,2,1,4,0,139,115,8,1,6,2,72,62,1,2,4,0,140,115,9,1,6,2,2995.0
27151.0,151,137,2,1,2,6,289,256,9,8,6,6,161,146,2,1,2,6,292,259,9,8,5,7,4431.0
27153.0,329,228,16,19,25,24,496,365,8,21,46,33,344,241,14,18,27,26,502,371,8,19,48,33,11040.0
27155.0,164,81,4,7,21,34,265,156,9,13,21,42,165,81,5,7,21,34,266,157,9,13,21,42,1715.0
27157.0,915,407,36,56,92,319,1221,545,39,64,137,431,916,408,39,54,91,319,1225,546,36,71,137,430,9158.0
27159.0,207,147,4,11,16,27,383,279,10,16,23,50,214,151,4,14,15,28,387,279,12,15,24,52,5665.0
27161.0,284,232,11,14,18,9,509,383,29,39,36,22,286,233,12,14,17,10,511,384,28,40,37,22,6812.0
27163.0,3891,2653,210,203,346,479,7063,4100,368,441,815,1338,3960,2678,212,213,370,486,7125,4112,377,434,825,1376,81084.0
27165.0,167,145,5,7,5,4,246,209,8,8,12,7,173,151,4,8,5,4,252,211,10,10,12,7,5120.0
27167.0,49,46,1,2,0,0,119,114,1,1,3,0,52,49,1,2,0,0,124,119,1,1,3,0,2425.0
27169.0,2045,939,98,141,311,553,4835,1554,144,275,594,2264,2064,941,101,149,319,551,4881,1537,153,262,620,2305,14666.0
27171.0,3569,2217,137,189,286,733,4966,2949,212,309,437,1050,3611,2246,140,191,289,738,5015,2970,216,303,456,1061,48898.0
27173.0,221,142,13,8,16,35,364,234,11,21,33,51,222,140,13,11,16,35,375,243,13,16,38,51,3503.0
28001.0,370,84,46,45,71,124,514,132,58,71,103,150,412,98,46,57,82,129,545,144,57,80,103,161,10323.0
28003.0,649,456,31,33,54,73,800,517,50,42,85,103,680,480,30,33,60,75,827,526,57,49,86,106,13490.0
28005.0,337,224,13,21,23,44,379,241,10,23,40,52,349,233,14,19,27,44,393,249,12,19,42,58,12001.0
28007.0,308,187,23,24,49,25,361,215,27,28,55,36,324,193,29,26,51,25,385,235,23,31,58,38,7081.0
28009.0,192,30,16,29,48,66,235,39,16,29,51,96,196,29,15,30,52,67,240,40,15,28,53,100,4055.0
28011.0,823,278,115,105,107,191,1313,404,167,227,184,294,896,300,112,127,124,206,1372,423,178,237,199,296,15306.0
28013.0,422,354,15,18,20,15,580,434,26,38,52,30,435,360,16,22,21,16,601,447,28,40,54,32,5338.0
28015.0,91,69,1,3,6,12,110,86,2,2,7,13,94,72,1,3,6,12,112,88,2,2,6,14,1291.0
28017.0,186,103,11,22,30,20,241,134,16,24,37,30,195,109,11,23,31,21,244,136,15,22,37,34,6399.0
28019.0,53,30,0,3,13,7,58,30,1,0,14,13,53,28,2,2,14,7,58,30,0,1,13,14,1777.0
28021.0,285,43,32,38,57,115,467,56,26,43,82,260,305,52,25,42,60,126,489,63,25,38,88,275,3209.0
28023.0,286,187,16,24,23,36,541,254,31,46,108,102,333,223,20,27,24,39,565,261,25,49,102,128,5784.0
28025.0,80,36,7,8,13,16,104,53,6,6,12,27,81,36,7,6,12,20,107,53,8,7,12,27,1172.0
28027.0,170,126,13,10,7,14,241,160,23,28,12,18,176,129,14,11,8,14,251,165,28,28,12,18,1807.0
28029.0,475,114,65,79,112,99,634,116,76,102,151,182,501,122,64,87,117,105,674,126,81,107,160,193,11390.0
28031.0,122,53,3,9,17,40,137,53,5,4,25,50,126,52,5,10,16,43,140,50,7,6,22,55,6541.0
28033.0,1653,685,226,270,281,180,2390,945,294,394,454,289,1769,737,238,285,313,184,2580,1005,311,430,489,331,68323.0
28035.0,2639,1363,235,282,417,341,3763,1685,274,409,700,694,2968,1541,245,326,486,369,3985,1727,274,445,721,817,22830.0
28037.0,249,142,9,19,24,52,339,181,20,21,26,88,262,147,13,15,29,55,354,192,9,22,36,92,3976.0
28039.0,645,428,25,40,61,89,755,426,24,50,106,146,674,436,19,43,76,98,793,435,26,41,114,174,8790.0
28041.0,290,53,18,32,57,123,391,68,22,41,68,182,324,66,16,37,62,136,425,80,22,44,66,203,8281.0
28043.0,788,420,57,74,123,112,1031,516,78,99,170,166,841,444,51,90,133,121,1076,519,91,105,179,180,8370.0
28045.0,7675,2100,161,224,636,4542,9321,2177,183,295,702,5951,8655,1990,180,275,675,5523,10302,1699,169,274,835,7312,19835.0
28047.0,12888,3218,638,879,1597,6519,16996,3829,787,1024,1885,9431,16301,3591,655,963,1624,9427,23113,4424,916,1270,2701,13757,66095.0
28049.0,5846,3682,513,552,687,412,8532,4916,652,865,1230,869,6425,3994,557,637,775,462,9118,5167,711,920,1359,961,75688.0
28051.0,472,326,23,26,56,41,770,525,30,39,83,93,491,344,19,29,56,43,803,543,35,44,83,98,5843.0
28053.0,287,156,32,33,51,15,465,251,47,53,73,41,307,171,34,33,54,15,495,272,45,56,76,46,2660.0
28055.0,75,21,2,0,2,48,89,28,2,1,3,52,75,20,2,0,1,50,91,29,3,1,3,52,600.0
28057.0,364,155,24,37,77,69,415,166,24,39,90,93,372,155,25,37,82,71,427,170,28,39,89,98,8616.0
28059.0,17706,5088,627,973,2301,8663,23070,5453,822,1286,2593,12799,22032,5694,869,1176,2418,11789,28044,4603,723,1333,3479,17773,49452.0
28061.0,222,153,8,15,23,23,262,176,11,16,31,28,230,156,10,14,25,25,268,180,11,16,32,29,6772.0
28063.0,31,14,1,1,2,13,36,16,3,2,1,14,31,13,1,2,1,14,36,15,3,2,2,14,329.0
28065.0,164,73,12,15,36,28,208,85,17,24,43,39,176,80,13,17,37,29,213,84,15,20,47,47,4555.0
28067.0,1220,742,92,98,183,105,1607,930,108,155,241,173,1289,762,107,110,195,115,1692,967,116,164,251,194,21840.0
28069.0,61,8,6,11,13,22,72,11,7,11,14,28,63,10,4,9,16,23,73,11,7,9,16,29,3707.0
28071.0,1337,605,83,130,221,298,1613,637,114,175,315,372,1381,619,87,138,229,308,1668,658,109,181,321,399,20399.0
28073.0,901,336,64,108,186,204,1118,387,82,146,241,258,977,365,72,117,202,218,1186,413,86,145,254,284,18887.0
28075.0,1739,339,182,260,494,456,2280,436,214,337,653,629,1861,363,192,286,534,476,2388,445,231,350,675,676,27379.0
28077.0,283,135,14,35,36,52,371,165,23,37,49,85,300,145,15,33,37,59,394,181,19,34,54,94,5325.0
28079.0,195,40,26,36,58,34,248,58,23,45,70,49,202,43,24,36,61,37,263,63,26,48,73,50,4841.0
28081.0,1352,642,126,162,244,176,1868,885,170,213,331,267,1459,697,124,186,251,199,1958,918,183,232,339,284,28306.0
28083.0,526,379,51,49,34,13,2029,979,123,167,337,423,541,383,55,50,40,13,2233,1087,124,178,362,482,4664.0
28085.0,490,131,59,90,98,111,630,154,77,114,151,133,537,143,64,94,120,115,664,161,81,113,163,145,12711.0
28087.0,1929,669,180,234,436,381,3503,1430,274,391,648,716,2052,712,206,239,431,432,3752,1498,307,415,700,784,20286.0
28089.0,1177,627,146,152,167,84,1681,899,192,212,251,126,1276,684,150,169,179,93,1806,965,196,240,268,136,31423.0
28091.0,858,534,44,58,90,128,1256,748,53,101,132,210,939,586,57,64,82,144,1323,767,58,97,156,233,9873.0
28093.0,793,176,90,122,193,196,958,197,103,145,239,255,817,174,91,133,193,210,984,206,95,147,253,263,18351.0
28095.0,821,502,52,61,99,106,1009,562,75,84,123,164,852,517,52,68,95,119,1050,588,70,86,135,170,9404.0
28097.0,203,134,10,24,20,15,254,166,16,25,27,20,222,148,12,26,21,15,273,181,14,26,32,20,4198.0
28099.0,385,218,19,50,52,32,455,249,24,38,77,51,406,229,17,52,59,33,467,253,30,34,82,52,9799.0
28101.0,253,138,15,26,42,32,306,166,13,33,48,46,266,146,16,29,40,35,311,167,13,32,50,49,7256.0
28103.0,140,103,10,4,11,12,171,105,16,14,15,21,144,102,10,8,8,16,173,101,13,14,21,24,3417.0
28105.0,694,334,68,70,103,118,895,439,93,87,137,137,720,350,67,74,105,123,917,444,99,90,142,140,12684.0
28107.0,328,165,27,30,58,48,395,152,25,54,73,91,336,166,29,29,61,51,406,156,28,52,74,96,5361.0
28109.0,1422,724,125,131,204,213,1984,968,170,172,289,358,1543,772,138,142,221,245,2148,1012,176,219,308,405,23067.0
28111.0,412,115,35,51,89,110,565,110,59,56,113,213,439,107,44,52,103,121,600,112,55,62,120,236,4841.0
28113.0,896,502,56,61,116,143,1081,560,77,86,139,195,941,515,63,71,116,156,1127,573,79,94,139,216,20367.0
28115.0,389,193,27,61,59,47,461,204,32,71,88,64,399,193,30,57,68,49,470,209,31,66,96,66,10826.0
28117.0,339,246,14,20,29,27,401,287,12,26,34,38,349,250,16,20,29,30,412,293,13,25,38,39,14029.0
28119.0,65,49,4,3,6,2,79,54,9,6,6,3,66,49,5,3,6,2,81,54,11,6,6,3,844.0
28121.0,2599,1365,284,310,397,243,4030,1959,374,516,682,499,2791,1424,302,354,447,264,4298,2050,412,519,755,562,50884.0
28123.0,311,217,23,24,29,16,364,244,27,31,33,27,323,225,24,24,29,19,383,254,30,33,33,30,8413.0
28125.0,57,38,9,4,3,3,102,59,19,16,4,4,65,41,10,6,5,3,103,55,22,17,5,4,1430.0
28127.0,370,207,16,33,48,56,467,252,15,33,69,87,391,219,16,29,57,59,482,255,23,30,72,91,8132.0
28129.0,211,121,12,12,33,33,248,136,17,12,39,44,217,124,12,12,36,33,254,138,16,16,39,45,5627.0
28131.0,288,93,16,25,62,92,328,99,18,26,57,128,303,96,18,25,62,102,339,99,20,30,48,142,6483.0
28133.0,348,255,42,30,18,3,568,415,53,55,35,9,368,270,43,33,18,4,589,431,53,59,35,10,7393.0
28135.0,356,219,18,22,44,53,586,330,34,42,81,99,391,240,21,23,50,57,620,343,32,46,86,113,4020.0
28137.0,349,233,29,29,36,21,431,276,31,41,44,38,366,246,27,33,38,21,436,277,34,40,46,38,9526.0
28139.0,280,175,13,23,35,33,331,201,20,28,41,39,292,184,15,20,38,34,343,209,17,30,41,44,8736.0
28141.0,756,282,20,44,83,327,881,309,24,44,93,411,787,303,18,47,89,330,892,305,31,40,98,418,8645.0
28143.0,250,147,26,25,24,27,334,147,23,24,31,108,267,115,27,25,49,50,343,154,24,25,30,109,2052.0
28145.0,399,239,33,40,51,34,492,275,40,50,71,54,423,249,37,46,53,36,505,279,44,49,74,57,10631.0
28147.0,291,195,12,14,30,39,372,223,15,29,38,66,312,205,10,19,32,45,390,229,11,29,43,77,5789.0
28149.0,1296,492,59,96,195,451,1675,565,82,117,253,654,1368,514,69,88,201,492,1759,579,78,131,253,713,17249.0
28151.0,1125,882,81,72,58,31,1778,1366,144,132,81,53,1168,913,88,74,60,32,1861,1429,150,138,89,53,16818.0
28153.0,103,73,6,5,8,8,153,104,6,10,9,20,111,76,10,5,7,10,162,105,7,15,6,25,7914.0
28155.0,141,48,15,30,27,21,171,56,15,35,36,29,148,49,13,33,31,22,176,60,11,36,38,31,3859.0
28157.0,477,332,12,24,32,68,556,303,11,19,40,174,504,313,17,26,57,82,570,307,15,16,43,180,5974.0
28159.0,132,56,12,20,27,17,153,63,17,24,28,21,137,56,15,20,29,17,155,61,18,26,29,21,3741.0
28161.0,199,97,7,21,40,34,251,116,16,18,46,55,210,104,9,20,42,35,257,120,14,16,50,57,4825.0
28163.0,659,180,90,135,152,95,941,232,125,178,241,157,695,178,105,135,169,101,1042,264,131,197,259,183,8276.0
29001.0,186,123,8,16,20,19,271,182,14,17,29,29,186,123,8,16,19,20,264,174,15,18,28,29,7922.0
29003.0,409,234,14,24,39,85,518,260,16,35,66,125,415,240,12,23,41,86,521,258,18,35,66,127,7097.0
29005.0,132,90,6,8,9,19,287,143,11,17,36,80,134,91,7,7,9,20,303,149,10,19,31,93,2587.0
29007.0,29,23,1,0,3,2,36,28,1,0,3,3,29,23,1,0,3,2,38,30,1,0,3,3,810.0
29009.0,950,392,52,45,128,328,1157,465,60,60,133,434,958,394,51,47,133,328,1169,473,53,63,140,435,14708.0
29011.0,113,98,7,1,3,4,165,142,6,6,5,6,119,103,6,3,3,4,167,144,6,6,5,6,4699.0
29013.0,180,146,3,2,12,17,225,171,11,5,12,26,182,147,4,2,11,18,231,176,12,5,12,26,6556.0
29015.0,1807,466,39,57,111,1127,2003,506,38,61,136,1253,1820,469,42,51,116,1135,2012,503,40,64,135,1261,12457.0
29017.0,585,228,27,38,104,182,688,266,29,44,107,235,591,232,20,42,107,184,700,270,30,49,103,241,5686.0
29019.0,1857,1003,92,130,251,362,2431,1286,123,176,310,515,1875,1007,96,128,257,368,2439,1289,123,173,317,516,53359.0
29021.0,1747,1146,87,115,202,197,2530,1436,140,200,326,428,1778,1160,94,111,206,207,2551,1447,134,203,326,441,28406.0
29023.0,1829,1196,70,110,202,240,3178,1896,172,207,339,548,1864,1208,78,104,212,251,3263,1917,146,206,404,573,16041.0
29025.0,80,48,4,4,4,13,90,49,5,7,7,15,81,49,4,4,4,13,90,48,6,7,7,15,4093.0
29027.0,609,286,37,45,90,148,740,334,43,56,106,198,619,286,41,45,92,152,759,340,41,59,111,205,15716.0
29029.0,6149,1024,113,190,449,4304,7561,772,89,160,391,6064,6187,1012,127,196,438,4345,7588,779,87,170,390,6076,48826.0
29031.0,1844,914,107,167,315,341,2331,1144,111,211,399,466,1946,966,108,180,331,361,2402,1163,122,214,413,490,24521.0
29033.0,163,108,3,12,20,19,242,122,3,23,26,65,164,104,5,10,24,20,242,120,3,24,25,67,4132.0
29035.0,230,85,12,11,29,68,248,84,11,13,30,85,233,89,11,11,29,68,251,88,9,13,31,85,2165.0
29037.0,58,42,1,4,4,6,83,58,4,7,3,10,59,43,1,4,4,6,83,58,4,7,3,10,1598.0
29039.0,31,26,0,0,3,1,35,26,0,0,3,5,31,25,0,1,3,1,35,25,1,0,3,5,831.0
29041.0,21,8,0,0,1,9,42,20,1,1,3,11,21,8,0,0,1,9,42,18,3,1,1,13,2778.0
29043.0,1504,1179,33,46,83,157,1840,1418,41,70,91,214,1536,1210,31,43,84,162,1873,1444,35,70,101,217,28434.0
29045.0,79,52,4,5,4,13,113,59,8,2,8,35,80,52,5,4,5,13,114,58,8,3,7,37,1872.0
29047.0,752,423,39,49,96,137,1044,540,60,68,144,223,761,431,35,52,98,137,1052,548,56,67,146,226,14223.0
29049.0,109,79,2,8,10,10,129,86,3,8,14,18,113,83,2,8,10,10,129,86,3,8,14,18,3743.0
29051.0,1566,962,62,56,133,342,1921,1128,68,85,186,442,1626,995,62,70,137,351,1960,1157,64,91,187,449,24564.0
29053.0,141,65,5,12,26,33,186,84,9,15,29,49,142,64,7,11,26,34,186,84,9,16,28,49,6030.0
29055.0,675,299,34,40,79,217,753,306,30,54,97,259,677,293,33,43,84,218,762,312,29,50,98,266,9892.0
29057.0,66,39,3,3,8,11,77,43,7,2,9,14,66,38,4,1,10,11,78,44,4,5,9,14,4293.0
29059.0,205,111,10,8,31,45,229,116,12,14,29,58,209,112,8,13,30,46,231,116,12,13,29,61,6895.0
29061.0,111,69,3,5,12,22,145,76,10,12,20,27,111,69,3,5,12,22,145,76,10,11,21,27,4009.0
29063.0,48,21,1,1,6,19,52,23,1,2,3,23,48,21,1,1,6,19,52,23,1,2,3,23,1882.0
29065.0,91,40,2,8,15,26,102,45,5,2,18,31,93,42,2,5,18,26,102,44,4,4,18,31,1368.0
29067.0,480,184,30,37,75,152,513,181,23,49,78,180,480,184,25,40,77,152,516,180,23,50,79,182,6046.0
29069.0,685,569,40,39,31,6,1271,1040,79,73,63,16,744,608,48,46,34,8,1374,1114,86,85,72,17,13745.0
29071.0,1926,960,102,140,285,439,2461,1153,113,180,364,651,1985,982,103,145,301,454,2529,1185,115,188,365,676,38619.0
29073.0,79,31,5,6,7,30,108,42,3,7,9,47,86,37,4,6,9,30,109,42,2,8,9,48,851.0
29075.0,118,56,7,12,17,24,149,74,9,10,23,30,118,56,7,12,17,24,149,74,9,10,23,30,3132.0
29077.0,3232,2903,57,52,75,145,4644,4158,90,88,120,188,3452,3099,64,59,79,151,4828,4320,89,101,121,197,95723.0
29079.0,94,79,6,2,4,2,155,135,3,5,7,4,90,75,6,2,4,2,155,135,3,5,7,4,4071.0
29081.0,177,109,5,12,29,20,238,126,12,27,26,45,177,109,4,13,29,20,238,127,12,25,28,44,4668.0
29083.0,34,26,2,0,2,3,35,26,1,1,0,6,34,26,2,0,2,3,36,27,1,1,0,6,1179.0
29085.0,39,15,1,2,5,16,40,14,1,2,4,19,39,14,2,2,5,16,40,14,1,2,4,19,1246.0
29087.0,196,69,11,9,26,50,745,123,17,43,97,397,200,70,6,10,26,56,754,117,13,24,101,431,2468.0
29089.0,103,44,10,6,12,31,155,47,7,17,28,55,105,43,12,6,12,31,155,45,5,20,27,57,4008.0
29091.0,53,37,3,2,4,6,62,41,2,4,7,7,53,37,3,2,3,7,62,39,4,4,7,7,705.0
29093.0,845,385,29,58,119,227,918,392,32,59,114,293,857,383,35,52,124,236,932,394,31,60,116,302,7115.0
29095.0,10155,6084,518,798,1265,1487,13799,8175,663,1047,1774,2137,10133,6049,523,803,1270,1485,13778,8139,683,1038,1777,2138,225074.0
29097.0,1273,1073,38,46,57,53,1776,1428,62,78,100,99,1287,1082,40,44,61,54,1796,1439,67,76,102,103,41932.0
29099.0,6418,1946,364,538,1339,2213,7784,2146,406,637,1557,3015,6610,1963,382,574,1363,2309,7920,2147,403,633,1565,3147,79179.0
29101.0,604,481,15,17,39,52,703,561,17,19,49,57,606,482,16,17,38,53,711,565,18,19,50,59,15900.0
29103.0,80,46,3,4,7,11,95,57,4,3,5,17,80,46,4,3,7,11,95,58,3,3,5,17,5044.0
29105.0,450,308,27,24,41,49,535,363,27,31,47,66,462,321,23,24,45,48,538,362,25,35,48,67,12329.0
29107.0,27,22,0,0,2,2,33,21,2,2,4,3,27,22,0,0,2,2,34,22,2,2,3,4,1210.0
29109.0,251,141,11,7,35,57,283,159,12,9,34,69,254,142,11,9,36,56,287,159,14,10,35,69,5504.0
29111.0,38,29,2,1,4,1,66,32,1,4,3,24,38,30,0,2,4,1,66,32,0,3,5,24,845.0
29113.0,1467,851,70,80,154,300,1753,891,74,105,198,468,1500,842,69,78,168,331,1795,881,76,116,198,506,23648.0
29115.0,64,42,1,3,9,5,85,58,1,3,8,9,64,42,1,3,9,5,85,59,0,3,8,9,3184.0
29117.0,120,93,5,5,9,7,175,123,9,10,14,15,120,93,6,4,9,7,175,122,10,10,14,15,5790.0
29119.0,1049,311,49,67,145,476,1207,296,33,65,145,667,1051,314,50,67,143,476,1208,301,34,65,142,665,7758.0
29121.0,30,17,1,2,7,3,33,20,0,1,8,4,29,16,1,2,8,2,33,20,0,1,9,3,1063.0
29123.0,649,326,39,37,83,161,758,361,38,51,91,213,662,327,40,44,76,172,768,366,34,55,93,216,6178.0
29125.0,148,60,4,8,21,49,162,57,8,14,18,59,150,60,4,10,20,50,163,57,9,12,18,61,3266.0
29127.0,179,113,6,6,20,33,235,137,8,6,26,56,180,112,6,7,20,34,231,133,7,9,24,57,2516.0
29129.0,43,31,1,1,4,5,58,37,5,3,6,5,42,31,0,1,4,5,58,38,4,3,6,5,3042.0
29131.0,486,138,10,31,75,232,557,137,26,26,75,293,489,138,11,31,76,233,561,139,26,28,70,298,3391.0
29133.0,247,235,0,0,1,0,539,464,4,3,6,35,281,266,1,0,1,0,596,521,2,4,5,37,5618.0
29135.0,173,148,2,3,9,11,219,180,3,4,11,21,176,151,1,4,9,11,220,180,2,5,11,22,5598.0
29137.0,47,28,0,2,5,6,64,34,3,5,4,10,47,28,1,1,5,6,64,33,4,5,4,10,2476.0
29139.0,206,102,7,12,34,37,241,119,8,11,40,49,212,104,9,11,37,37,244,118,11,10,39,52,6637.0
29141.0,4923,804,112,169,428,3376,5600,661,73,130,333,4365,4959,795,117,174,415,3424,5607,659,74,136,328,4372,22369.0
29143.0,258,245,4,3,3,3,477,448,6,7,4,12,279,265,5,3,3,3,516,484,8,8,3,13,6777.0
29145.0,956,458,43,68,103,276,1059,459,49,74,146,323,961,458,46,66,105,278,1063,460,48,75,150,322,10629.0
29147.0,141,103,3,5,6,9,216,153,8,7,11,15,142,102,4,5,7,9,216,150,10,8,11,15,7922.0
29149.0,316,189,15,28,40,36,364,203,22,30,45,54,317,189,16,28,40,36,365,204,22,30,44,55,5596.0
29151.0,78,22,2,3,11,39,91,21,5,6,8,49,78,21,3,3,11,39,91,20,6,5,8,50,558.0
29153.0,311,102,14,20,37,138,344,99,15,19,51,160,313,102,10,23,40,138,345,101,13,18,52,161,4431.0
29155.0,56,51,1,1,0,3,93,85,1,3,0,4,62,56,1,2,0,3,101,91,2,3,0,4,992.0
29157.0,461,271,12,25,53,97,566,328,11,20,59,145,489,289,17,19,55,106,582,333,16,23,57,150,6532.0
29159.0,461,347,23,33,31,27,581,444,23,28,48,38,461,347,22,30,35,27,581,444,23,28,48,38,14715.0
29161.0,850,453,46,55,111,181,1118,620,61,73,119,240,884,482,44,56,113,184,1146,634,65,78,120,244,13620.0
29163.0,275,136,8,20,44,67,308,133,13,23,42,97,280,136,7,22,43,72,312,129,14,25,45,99,2323.0
29165.0,1304,631,59,98,195,321,1670,763,83,118,247,459,1311,631,58,101,194,327,1685,764,91,119,250,461,30982.0
29167.0,207,129,8,16,27,26,234,140,9,15,31,36,210,129,11,12,31,26,238,140,12,13,32,37,5543.0
29169.0,550,219,29,43,75,184,647,241,30,48,86,242,558,224,27,42,79,186,647,238,30,47,85,247,8028.0
29171.0,129,71,6,8,17,25,166,91,6,7,24,36,126,71,5,8,17,23,165,92,7,7,22,35,3619.0
29173.0,266,149,12,17,40,48,311,150,18,22,47,74,267,150,11,16,43,47,315,153,17,20,53,72,4192.0
29175.0,298,212,15,17,20,32,393,277,23,25,29,37,298,212,15,17,20,32,394,278,24,25,28,37,9510.0
29177.0,341,237,10,21,34,39,600,427,21,37,45,70,347,245,8,21,32,41,628,457,14,35,51,71,8756.0
29179.0,932,355,38,65,125,328,1015,349,29,65,144,406,936,360,31,64,129,331,1025,359,27,57,145,415,5161.0
29181.0,449,171,7,24,36,129,529,212,10,18,44,157,454,178,6,20,37,131,537,215,16,15,43,159,6882.0
29183.0,8190,4511,400,528,1134,1614,11273,5688,520,735,1516,2810,8524,4626,421,556,1185,1733,11546,5755,522,764,1509,2992,132730.0
29185.0,36,17,3,4,3,9,40,18,3,3,5,11,36,17,3,4,3,9,40,18,3,3,4,12,1741.0
29186.0,235,85,5,18,41,71,263,92,9,17,48,82,239,86,5,19,38,76,270,96,9,18,47,85,2926.0
29187.0,435,248,22,27,61,72,484,255,22,32,64,106,445,245,27,31,59,78,496,259,25,29,65,113,7075.0
29189.0,16037,13008,349,510,823,1334,22538,17824,476,649,1234,2340,16879,13700,364,507,890,1404,23198,18340,486,684,1268,2405,326561.0
29195.0,194,128,8,12,27,14,266,171,10,19,32,29,194,128,8,11,28,14,269,173,9,17,36,29,8750.0
29197.0,28,15,0,2,2,9,42,24,1,1,7,9,28,15,1,1,2,9,42,24,1,1,7,9,1887.0
29199.0,57,52,0,1,1,3,72,61,1,1,4,4,57,52,0,1,1,3,72,61,1,1,4,4,2585.0
29201.0,1204,996,27,59,73,46,1879,1556,59,73,113,75,1296,1081,27,60,78,47,1965,1628,56,85,114,79,12611.0
29203.0,574,273,33,45,72,150,616,260,35,43,95,182,578,273,33,47,73,151,618,259,37,44,93,184,3686.0
29205.0,23,15,1,2,1,2,26,13,2,1,2,6,23,15,1,2,1,2,27,14,2,1,2,6,1772.0
29207.0,204,144,8,10,20,12,310,212,5,15,36,30,211,150,9,9,21,12,322,223,3,16,36,31,3264.0
29209.0,203,54,7,13,16,113,250,84,5,5,23,133,208,58,6,11,19,114,255,87,5,5,24,134,5756.0
29211.0,1,1,0,0,0,0,3,2,0,0,1,0,1,1,0,0,0,0,3,2,0,0,1,0,73.0
29213.0,1871,325,36,67,136,1298,2096,272,51,99,160,1504,1883,330,38,70,133,1303,2099,264,50,108,160,1507,23956.0
29215.0,135,80,5,8,17,25,150,84,7,7,21,31,136,80,5,7,19,25,151,83,6,9,20,33,2669.0
29217.0,150,107,8,5,7,23,192,130,9,16,9,27,156,111,8,7,7,23,193,131,8,16,9,28,8094.0
29219.0,374,186,8,16,45,88,430,189,20,16,51,117,378,186,10,12,47,90,437,184,26,18,53,117,7932.0
29221.0,785,342,33,58,115,233,836,323,33,66,123,286,800,348,31,60,115,242,847,331,32,58,125,296,7356.0
29223.0,350,124,14,34,59,104,383,123,16,26,68,135,355,126,15,27,66,106,385,123,12,29,67,139,3342.0
29225.0,564,312,34,32,76,110,639,354,37,42,76,130,571,318,32,35,74,112,665,366,41,43,82,133,12558.0
29227.0,10,9,1,0,0,0,14,11,2,0,1,0,10,8,2,0,0,0,14,10,3,0,1,0,1130.0
29229.0,327,185,12,33,43,54,366,209,15,27,44,71,336,192,11,34,43,56,374,215,16,27,45,71,6902.0
29510.0,4407,2314,193,215,518,1167,6548,3164,244,343,717,2080,4661,2472,186,234,526,1243,6778,3267,275,329,738,2169,70475.0
30001.0,1380,1130,22,38,51,136,1853,1397,43,46,109,255,1421,1146,26,33,66,147,1917,1439,40,46,105,284,4095.0
30003.0,318,197,9,14,31,65,457,267,14,20,38,116,326,200,12,14,30,68,468,271,14,18,40,123,2327.0
30005.0,183,123,3,11,16,30,392,286,11,10,35,50,189,125,4,10,20,30,462,343,18,12,31,58,1705.0
30007.0,737,617,7,11,28,74,971,797,19,19,29,107,761,637,7,10,32,75,984,803,17,20,33,111,2812.0
30009.0,1476,598,40,73,170,591,2017,675,56,79,177,1026,1557,607,41,84,157,664,2098,656,61,86,199,1092,5552.0
30011.0,140,92,8,12,10,18,200,125,8,8,25,34,145,97,8,10,12,18,203,127,8,6,27,35,652.0
30013.0,4051,1705,100,147,389,1709,5380,1589,98,158,397,3137,4161,1731,105,159,382,1783,5503,1643,87,159,402,3211,27989.0
30015.0,682,265,22,37,57,298,878,310,22,35,92,416,694,266,21,32,63,309,895,312,21,37,90,431,2362.0
30017.0,691,300,16,24,76,271,1351,607,54,54,147,483,753,347,8,29,72,293,1450,658,46,77,141,522,4393.0
30019.0,20,13,2,0,2,2,37,25,1,2,4,4,20,13,2,0,2,2,37,25,1,2,3,5,1043.0
30021.0,195,136,8,10,22,19,318,170,13,11,48,76,201,139,8,8,25,21,332,182,11,13,41,85,3479.0
30023.0,1143,868,30,39,46,159,1642,1178,29,48,153,231,1186,878,38,54,51,163,1716,1229,30,52,144,258,4319.0
30025.0,51,32,3,2,6,8,71,36,3,4,8,20,52,29,6,3,5,9,71,35,3,4,9,20,1303.0
30027.0,1066,542,37,93,144,246,1406,532,60,96,203,509,1107,547,43,70,170,273,1443,531,60,89,209,548,5142.0
30029.0,5809,3269,196,249,553,1542,9972,4780,335,467,1050,3340,6332,3520,246,284,583,1699,10407,4844,353,497,1060,3653,42430.0
30031.0,3926,2562,183,237,343,601,6509,3910,250,390,724,1235,4199,2723,169,272,385,650,6838,3981,309,420,735,1393,33271.0
30033.0,121,94,3,5,9,10,158,88,7,21,22,20,123,95,4,5,9,10,161,88,6,23,23,21,730.0
30035.0,207,157,5,11,12,21,279,199,7,7,26,39,214,159,9,8,14,23,281,198,5,10,24,43,2316.0
30037.0,47,24,3,5,7,8,63,31,1,2,7,22,49,24,2,5,8,10,70,37,0,3,7,23,442.0
30039.0,543,228,27,30,48,210,649,240,20,31,57,301,558,233,19,28,57,221,661,241,22,30,59,309,2214.0
30041.0,533,397,11,29,47,47,986,655,32,22,57,218,572,429,8,30,54,49,1003,665,26,28,59,223,4939.0
30043.0,1182,579,41,76,119,367,1558,602,59,70,179,646,1231,591,47,71,134,388,1606,593,56,77,166,712,5092.0
30045.0,199,89,6,14,22,68,259,108,4,12,30,105,201,87,4,14,27,69,272,115,6,13,28,110,1561.0
30047.0,1620,957,57,85,144,376,2253,1269,72,116,214,581,1714,1000,61,104,153,395,2370,1320,77,123,226,623,11787.0
30049.0,3579,2025,106,127,290,1031,5813,3229,206,266,510,1602,3808,2185,122,132,293,1076,6134,3360,250,307,520,1697,23515.0
30051.0,164,127,9,3,12,13,203,95,12,25,39,32,166,123,12,5,13,13,206,97,7,23,45,34,782.0
30053.0,2615,1305,76,103,228,900,3540,1489,108,130,272,1538,2783,1378,70,117,234,981,3662,1479,95,152,290,1643,9155.0
30055.0,82,62,5,0,7,8,122,80,4,11,13,14,85,65,4,1,7,8,126,81,6,9,17,13,929.0
30057.0,1225,741,28,54,99,300,1591,795,53,84,178,478,1259,752,30,52,100,322,1639,798,59,80,184,515,5817.0
30059.0,223,99,8,5,24,87,275,94,6,10,27,138,228,101,3,9,25,90,276,93,6,8,29,140,1329.0
30061.0,681,144,14,10,28,483,814,174,11,21,48,558,701,150,14,15,23,497,837,177,10,18,52,578,1972.0
30063.0,7033,4259,229,283,494,1761,9731,5146,306,495,944,2832,7475,4502,226,341,524,1875,10230,5380,346,470,990,3036,35305.0
30065.0,288,127,16,8,37,97,419,162,13,17,48,176,293,123,15,13,40,99,431,165,9,13,55,186,2280.0
30067.0,1732,831,46,79,170,605,2475,1118,73,115,238,929,1806,866,52,80,172,635,2545,1145,72,109,256,961,7786.0
30069.0,38,27,0,1,3,7,74,53,3,2,5,11,41,30,0,1,3,7,79,58,1,2,6,12,298.0
30071.0,164,126,2,7,7,22,341,279,8,6,10,34,169,131,2,5,7,24,344,280,10,7,10,33,1883.0
30073.0,98,87,1,1,6,3,147,110,12,6,8,10,104,89,3,3,6,3,157,114,11,11,7,13,2089.0
30075.0,98,56,5,7,8,22,150,78,3,9,19,41,101,57,5,7,10,22,153,80,3,7,21,42,762.0
30077.0,485,296,23,22,42,100,670,336,22,26,71,213,508,290,20,38,54,104,697,344,17,34,64,236,2692.0
30079.0,35,17,4,0,4,10,52,27,1,1,8,15,35,17,3,1,4,10,52,26,0,3,8,15,716.0
30081.0,2413,1572,75,94,238,434,3646,2270,103,140,294,839,2538,1638,74,107,243,476,3886,2439,105,141,299,902,17383.0
30083.0,223,159,8,14,16,26,440,313,13,28,38,48,236,167,11,12,17,29,461,328,16,23,41,53,3969.0
30085.0,76,59,1,6,4,5,135,99,3,6,15,11,80,58,6,6,3,6,139,101,4,6,15,12,2295.0
30087.0,344,192,8,9,27,104,942,211,13,30,113,570,360,201,10,12,27,106,953,207,16,23,95,607,2345.0
30089.0,1525,581,41,57,120,724,2094,666,58,73,161,1134,1637,641,38,79,117,760,2182,680,56,71,169,1204,5649.0
30091.0,196,169,10,3,4,9,263,154,12,34,42,19,199,172,8,5,4,9,267,155,14,33,42,21,1852.0
30093.0,946,676,31,38,85,115,1731,1209,53,62,118,286,1055,751,42,42,71,148,1837,1265,50,74,128,317,13559.0
30095.0,1065,381,45,56,135,448,1438,358,23,41,121,894,1121,365,35,66,134,521,1476,349,23,42,96,965,4210.0
30097.0,222,76,4,13,24,104,277,76,9,10,28,153,228,72,5,13,26,111,282,76,5,12,27,161,1668.0
30099.0,449,409,5,10,10,14,781,696,17,14,20,32,483,441,5,9,11,16,797,701,17,21,21,35,2621.0
30101.0,61,42,7,3,0,9,208,163,8,9,13,15,77,51,9,6,2,9,222,175,8,7,16,16,1974.0
30103.0,61,43,5,1,3,9,100,54,1,6,14,24,63,42,6,3,2,10,106,59,1,3,13,29,373.0
30105.0,237,133,7,12,27,57,567,319,21,37,61,127,242,135,9,10,28,59,582,320,21,33,68,138,3244.0
30107.0,109,75,4,9,12,9,185,95,6,10,25,48,127,80,10,8,13,15,193,97,10,7,22,56,1015.0
30109.0,74,56,2,4,8,4,114,86,3,4,6,15,75,57,2,4,8,4,114,86,2,5,5,16,459.0
30111.0,3958,3217,53,77,174,436,8010,6307,181,206,511,803,4331,3524,79,78,186,463,8450,6626,187,246,525,864,57211.0
31001.0,521,346,30,37,71,37,704,378,35,51,93,147,497,324,25,40,70,38,689,364,34,51,92,148,10623.0
31003.0,244,187,7,15,18,16,371,279,13,20,28,28,241,187,6,14,18,15,370,278,14,19,28,28,3130.0
31005.0,48,30,1,2,4,11,64,36,3,0,7,18,46,29,1,1,4,11,64,37,2,1,7,17,203.0
31007.0,23,20,0,0,3,0,30,25,1,0,2,2,23,20,0,0,3,0,30,25,1,0,2,2,258.0
31009.0,21,16,0,1,0,4,32,27,0,0,1,4,21,16,0,1,0,4,32,27,0,0,1,4,215.0
31011.0,80,63,5,4,2,5,162,132,2,6,11,10,79,63,4,4,2,5,161,131,3,5,12,9,2450.0
31013.0,99,75,7,10,5,2,165,103,8,19,20,15,91,71,4,9,6,1,155,100,14,7,23,11,4014.0
31015.0,99,67,4,5,9,13,139,80,4,9,10,35,99,68,2,6,8,14,135,77,6,7,11,33,1141.0
31017.0,124,51,1,3,3,65,155,72,7,5,3,67,124,51,1,3,3,65,152,69,7,5,3,67,1758.0
31019.0,480,430,10,9,14,17,885,780,21,32,22,29,459,412,9,6,15,17,855,756,19,29,23,27,14804.0
31021.0,545,357,43,52,57,36,675,399,37,62,107,70,544,356,41,54,56,37,677,401,36,64,106,70,3067.0
31023.0,261,242,3,5,7,4,373,345,4,6,10,8,265,245,4,4,8,4,380,352,4,6,10,8,3515.0
31025.0,1333,509,54,88,187,488,1543,426,64,76,158,812,1331,502,52,90,188,492,1546,427,61,76,156,819,10872.0
31027.0,402,244,19,25,83,30,537,309,29,27,92,79,403,245,19,25,84,29,540,309,30,25,96,79,3658.0
31029.0,93,64,3,4,12,10,145,97,5,10,11,22,87,59,3,5,11,9,138,92,6,8,12,20,1743.0
31031.0,212,165,5,3,9,29,323,262,6,7,12,35,210,164,4,4,8,29,321,260,6,7,12,35,2576.0
31033.0,200,171,14,6,6,3,459,373,47,23,10,6,178,152,13,4,6,3,449,366,44,24,9,6,4016.0
31035.0,104,85,6,0,6,6,203,144,4,17,16,21,102,84,4,1,6,6,201,139,6,16,18,21,2960.0
31037.0,1441,1062,92,95,122,64,1611,1069,115,102,178,140,1470,1053,109,95,142,65,1640,1057,127,117,180,151,3444.0
31039.0,199,146,17,16,15,4,312,232,13,24,31,11,201,148,15,16,17,4,333,250,14,25,31,12,3716.0
31041.0,614,490,24,38,28,30,804,613,33,48,61,45,594,478,23,33,26,30,782,595,33,50,60,40,5222.0
31043.0,794,542,25,30,72,125,1534,997,50,70,121,295,790,536,26,30,71,127,1583,1030,63,59,124,306,5558.0
31045.0,218,167,5,8,19,16,373,299,8,10,24,28,216,165,5,7,21,15,370,297,7,12,23,27,3254.0
31047.0,465,416,13,10,11,13,1346,1267,17,19,21,18,422,377,9,10,12,12,1280,1207,12,19,20,18,8324.0
31049.0,128,105,4,5,7,7,194,161,3,10,11,9,126,104,3,5,7,7,191,159,6,7,11,8,981.0
31051.0,284,200,5,16,21,42,369,259,9,14,23,64,283,199,5,15,23,41,367,257,11,13,23,63,2347.0
31053.0,1922,1326,144,157,204,87,4482,3042,277,343,560,255,1982,1367,149,161,212,89,4583,3102,285,346,578,267,12658.0
31055.0,7113,5343,356,390,617,407,11026,7657,594,739,1053,981,7126,5350,351,394,622,409,11040,7643,603,744,1065,983,168136.0
31057.0,119,83,5,9,10,12,150,100,8,13,13,16,117,81,5,9,10,12,148,101,5,13,13,16,1088.0
31059.0,86,71,2,4,6,3,135,116,3,2,8,6,85,70,2,5,5,3,134,115,3,2,8,6,2587.0
31061.0,68,55,4,2,6,1,114,76,7,7,13,11,65,54,3,2,6,0,113,79,4,6,13,10,1684.0
31063.0,23,9,0,1,6,7,35,17,2,2,5,9,23,9,0,1,6,7,35,17,3,1,6,8,1193.0
31065.0,94,78,2,5,1,8,205,186,1,6,4,8,92,77,1,4,2,8,197,178,1,5,5,8,2454.0
31067.0,350,315,7,6,10,10,487,428,5,7,17,25,347,313,5,7,10,10,484,425,6,5,18,25,8842.0
31069.0,316,258,9,19,20,10,434,362,5,13,35,19,310,253,17,12,18,10,430,359,4,14,34,19,1203.0
31071.0,77,56,3,6,8,4,129,82,10,15,15,7,76,55,3,6,8,4,128,81,10,16,14,7,938.0
31073.0,12,7,0,1,2,2,25,18,0,1,2,4,12,7,1,1,1,2,23,16,0,1,2,4,1120.0
31075.0,27,18,1,2,0,6,36,20,2,3,2,9,26,18,1,2,1,4,35,19,1,4,2,9,284.0
31077.0,46,42,0,0,1,2,66,58,0,1,1,5,46,42,0,1,0,2,64,56,0,1,2,4,1145.0
31079.0,948,922,9,8,6,2,2858,2794,13,25,16,9,919,894,8,8,6,2,2911,2845,14,25,17,9,19029.0
31081.0,169,125,5,7,24,8,307,195,12,26,43,30,171,127,5,8,23,8,309,198,12,23,45,30,3777.0
31083.0,44,21,8,5,5,5,63,25,11,12,9,6,42,20,6,6,6,4,61,25,9,13,8,6,1822.0
31085.0,33,22,0,2,2,6,47,27,1,4,4,10,32,21,1,1,3,5,47,28,1,4,4,9,483.0
31087.0,53,44,1,1,5,2,79,67,0,2,3,7,52,45,0,1,4,2,70,58,0,2,3,7,1470.0
31089.0,86,79,0,3,2,0,151,140,2,2,4,1,84,77,0,3,2,0,149,137,4,1,4,1,3419.0
31091.0,86,57,2,4,9,13,105,61,3,9,9,22,87,58,2,4,9,13,105,60,3,10,9,22,384.0
31093.0,190,161,3,8,8,9,347,289,13,10,16,15,188,159,3,8,9,8,338,282,11,12,14,15,2789.0
31095.0,110,95,5,1,7,2,171,145,5,5,11,5,110,95,5,1,7,2,171,146,4,5,11,5,3542.0
31097.0,102,59,0,6,13,24,134,76,7,4,12,35,102,58,1,6,12,25,134,76,7,4,12,35,1967.0
31099.0,92,71,2,6,8,5,143,101,9,9,16,8,91,71,3,4,9,4,137,96,12,7,14,8,2654.0
31101.0,236,189,10,10,10,17,458,389,11,18,18,22,212,168,8,8,13,15,414,352,5,19,17,21,4138.0
31103.0,40,23,0,4,2,10,58,39,2,1,5,10,40,23,0,3,3,10,58,39,1,2,4,11,514.0
31105.0,60,50,0,3,4,3,98,81,3,3,7,4,60,50,0,3,4,3,98,81,3,3,7,4,1792.0
31107.0,384,223,17,19,35,89,497,248,23,33,48,144,390,227,19,15,36,92,495,246,22,30,53,143,4180.0
31109.0,3402,2626,189,205,226,156,6045,3887,325,462,622,749,3418,2622,188,218,230,160,6066,3887,315,464,635,765,91028.0
31111.0,534,301,27,53,49,103,1052,651,69,87,104,139,497,273,27,52,43,102,991,605,56,90,100,138,12999.0
31113.0,21,19,0,0,0,2,29,26,0,1,0,2,19,17,0,0,0,2,28,25,0,1,0,2,356.0
31115.0,48,27,4,3,5,9,53,28,4,3,8,10,48,27,4,3,5,9,53,28,3,5,7,10,470.0
31117.0,27,14,1,1,8,3,37,18,2,2,7,8,27,15,0,2,7,3,36,17,2,4,5,8,201.0
31119.0,610,520,14,33,23,17,2096,1768,85,79,105,54,618,526,17,32,23,17,2119,1780,88,85,106,55,11814.0
31121.0,187,175,3,3,5,0,589,563,4,9,9,3,188,176,3,3,5,0,592,565,6,8,9,3,3429.0
31123.0,159,138,2,5,3,9,242,208,7,5,6,14,156,137,2,4,3,8,244,212,4,6,7,13,2205.0
31125.0,56,38,1,2,11,4,70,43,3,3,11,10,53,35,1,3,10,4,71,43,3,3,12,10,1631.0
31127.0,103,76,3,3,7,14,119,84,4,8,6,17,105,78,3,3,8,13,121,84,6,7,7,17,2974.0
31129.0,63,50,0,0,7,6,90,62,3,4,9,11,61,48,0,1,6,6,87,60,2,4,9,11,2279.0
31131.0,192,119,5,7,23,38,243,146,10,15,27,45,194,120,7,6,23,38,246,149,11,14,26,46,6423.0
31133.0,43,33,0,2,3,5,55,40,1,4,2,8,44,34,0,0,5,5,55,40,1,4,2,8,1496.0
31135.0,51,48,0,1,1,1,83,77,1,1,2,2,48,45,1,0,1,1,79,74,0,1,2,2,1338.0
31137.0,44,36,5,0,1,1,85,70,3,5,5,1,43,36,4,0,1,1,82,68,2,5,5,1,3625.0
31139.0,427,402,6,7,3,8,644,525,44,17,29,28,433,406,7,7,4,8,647,527,45,16,30,28,3117.0
31141.0,2901,2732,31,48,50,35,3964,3616,77,61,115,88,3002,2823,34,49,51,40,3992,3633,80,61,119,92,11678.0
31143.0,167,128,8,10,14,5,261,198,9,8,26,17,171,131,7,11,15,5,267,202,10,9,25,18,2333.0
31145.0,55,27,8,5,5,9,109,55,18,13,10,12,52,24,9,4,5,9,101,53,14,11,11,11,4391.0
31147.0,115,58,5,10,13,29,137,72,6,7,12,40,115,56,7,9,13,30,140,74,7,7,12,40,4037.0
31149.0,27,21,1,1,3,1,38,32,0,0,5,1,27,21,1,1,3,1,39,33,0,0,5,1,852.0
31151.0,363,262,16,26,45,14,687,528,24,28,68,38,364,263,16,26,45,14,698,539,24,27,69,38,4983.0
31153.0,2512,1930,55,82,166,275,3477,2618,67,96,239,453,2507,1914,57,78,165,289,3475,2617,63,93,236,462,57991.0
31155.0,534,327,20,38,64,84,787,417,37,60,102,170,541,326,25,39,65,85,794,418,39,58,107,171,9131.0
31157.0,1214,1168,10,5,14,14,1827,1721,32,23,26,20,1235,1189,10,5,14,14,1868,1757,33,27,26,20,13204.0
31159.0,240,170,9,9,22,30,405,251,22,29,45,58,240,170,9,9,22,30,403,247,23,29,43,61,6059.0
31161.0,267,220,5,15,7,20,358,285,12,15,23,23,270,223,5,16,6,20,357,284,12,15,23,23,2524.0
31163.0,71,53,1,3,6,8,116,84,3,10,7,12,69,51,1,4,5,8,113,83,3,9,7,11,1490.0
31165.0,53,27,4,1,9,12,73,41,1,4,8,19,53,27,4,1,9,12,75,43,1,4,9,18,741.0
31167.0,123,101,3,5,5,9,224,148,14,18,30,14,125,101,5,5,5,9,229,151,13,18,32,15,2295.0
31169.0,76,54,5,4,6,6,148,95,7,6,18,21,75,53,3,6,6,6,148,93,9,6,18,21,2677.0
31171.0,60,42,1,1,3,12,79,50,4,6,4,14,60,42,1,1,3,12,79,52,1,7,4,14,419.0
31173.0,147,89,12,15,17,12,180,102,9,11,28,28,146,89,13,12,18,12,179,102,7,12,29,27,1546.0
31175.0,94,73,3,1,4,13,181,143,0,11,8,16,95,74,3,1,4,13,174,137,1,10,8,16,1926.0
31177.0,418,342,6,12,19,38,578,450,14,16,35,62,419,342,5,12,20,39,586,455,16,16,37,61,7486.0
31179.0,144,105,6,13,11,9,203,151,13,10,18,11,146,105,8,13,11,9,204,152,13,10,18,11,3072.0
31181.0,50,43,1,2,2,2,74,62,1,4,4,3,50,43,1,2,2,2,74,63,1,3,4,3,1794.0
31183.0,29,22,1,1,1,4,38,25,0,1,6,6,27,20,1,1,1,4,37,24,0,2,5,6,538.0
31185.0,196,148,3,8,21,16,451,343,22,21,36,29,196,148,3,10,19,16,455,344,26,20,36,29,5220.0
32001.0,195,172,4,3,2,9,445,383,8,18,15,13,196,173,6,1,2,9,440,374,12,16,17,13,8156.0
32003.0,21624,18633,440,590,898,1037,64776,58117,1097,1360,2010,2147,24862,21594,489,612,996,1141,71681,64249,1264,1528,2233,2360,597855.0
32005.0,2273,2079,23,31,40,96,3663,3154,54,147,116,188,2301,2095,24,33,46,99,3680,3156,65,138,123,194,21705.0
32007.0,916,629,42,47,69,117,1439,934,49,71,161,204,972,669,32,58,74,126,1510,974,55,84,156,219,16665.0
32009.0,28,20,1,1,0,2,45,32,0,2,1,3,29,21,0,2,0,2,45,31,1,2,1,3,724.0
32011.0,114,58,1,5,10,34,184,108,2,5,13,47,116,58,2,4,8,38,190,111,3,3,15,48,893.0
32013.0,152,111,2,3,22,5,340,282,6,7,5,30,178,137,2,4,22,4,413,353,8,3,9,29,6034.0
32015.0,170,128,2,6,6,22,435,368,3,4,14,38,169,126,2,5,8,22,436,367,4,5,11,41,2299.0
32017.0,610,416,24,34,37,86,739,379,41,56,105,145,632,435,23,30,45,86,751,388,43,52,113,142,2179.0
32019.0,1690,1539,8,13,43,81,4578,4257,33,43,65,168,1809,1655,8,14,35,92,4882,4524,45,40,84,175,21819.0
32021.0,36,32,1,0,1,1,54,39,2,2,5,4,38,33,2,0,1,1,53,38,2,2,5,4,2069.0
32023.0,2238,2131,10,10,21,38,4622,4405,24,46,35,62,2366,2251,14,12,21,39,4904,4674,29,48,39,62,22606.0
32027.0,41,27,0,1,1,10,82,63,0,2,1,11,45,31,0,1,1,10,87,66,1,2,1,11,1875.0
32029.0,284,133,15,16,26,94,360,143,8,20,39,150,295,133,15,19,28,100,366,141,8,18,36,163,1982.0
32031.0,12973,10484,379,438,884,784,24180,17956,1204,1324,1463,2225,14071,11346,431,488,967,834,25412,18413,1565,1452,1609,2365,150341.0
32033.0,493,289,14,19,59,108,639,335,24,37,67,171,517,301,20,19,51,122,658,350,20,32,71,180,3960.0
32510.0,1487,1334,11,16,41,85,2873,2534,61,58,93,126,1565,1408,13,14,42,88,2949,2599,59,67,94,129,16586.0
33001.0,2695,1684,105,116,261,526,3351,1909,86,132,367,854,2792,1736,93,131,276,553,3453,1942,101,140,362,905,22636.0
33003.0,3270,666,216,323,615,1449,4394,772,263,362,795,2201,3417,676,234,322,642,1542,4543,783,225,374,826,2334,28061.0
33005.0,2004,1324,52,76,148,404,2679,1596,87,104,249,643,2075,1364,54,83,152,422,2762,1626,85,114,254,683,23111.0
33007.0,1430,221,78,128,249,754,1839,238,87,179,305,1030,1491,235,81,143,246,786,1898,240,97,152,324,1085,11398.0
33009.0,2874,582,131,207,499,1453,3661,724,148,232,529,2026,2963,588,128,217,495,1533,3758,723,159,241,533,2100,27407.0
33011.0,7453,4894,147,223,476,1703,9668,5797,203,340,564,2751,7763,5001,168,252,472,1860,9998,5945,186,339,592,2923,90072.0
33013.0,2094,1300,49,74,149,520,2755,1648,60,93,175,776,2170,1337,54,81,148,548,2844,1694,56,99,180,812,36476.0
33015.0,6040,1542,426,619,1274,2178,8439,1958,504,787,1663,3526,6562,1618,405,601,1246,2691,8965,2033,504,782,1685,3959,84121.0
33017.0,1347,414,119,138,245,431,1874,435,138,191,366,744,1437,421,128,145,276,467,1957,465,126,211,362,793,30265.0
33019.0,885,148,41,76,183,437,1199,180,63,112,225,619,920,149,48,84,189,450,1240,185,61,111,242,641,11452.0
34001.0,17948,12134,1167,1682,2245,713,21826,10819,1296,2171,4964,2565,21519,9101,1198,2165,5474,3572,24963,8268,892,1711,5084,8996,86262.0
34003.0,17929,9809,643,907,1907,4661,26261,12347,1118,1778,3389,7626,19139,10480,714,961,2012,4970,27279,12620,1108,1788,3578,8182,251761.0
34005.0,10149,6861,465,604,928,1287,16086,7108,438,657,1538,6338,11267,6763,632,780,1286,1802,17304,7360,492,683,1523,7239,144633.0
34007.0,5346,4043,219,301,450,328,12856,7043,422,570,1217,3596,6480,4567,292,473,575,567,14777,7342,546,768,1539,4574,149795.0
34009.0,35876,18368,2012,3324,7538,4625,42282,16499,1968,3278,8767,11760,42613,15475,1957,3192,8890,13089,48827,13672,1567,2810,8377,22391,78615.0
34011.0,2443,1734,100,129,235,231,3631,2410,135,171,321,578,2867,1915,106,144,287,401,4042,2487,150,213,365,810,41998.0
34013.0,9854,6121,418,559,962,1790,14433,8108,588,837,1506,3390,10439,6390,448,597,1051,1949,14932,8250,631,834,1568,3645,131410.0
34015.0,2093,1435,73,91,171,321,3213,2152,116,145,266,529,2355,1582,77,113,183,397,3854,2574,130,188,322,635,86929.0
34017.0,6141,3986,287,461,661,744,11609,7588,535,847,1329,1308,10230,7079,475,702,983,989,15934,8355,871,1436,2767,2503,96119.0
34019.0,3420,1107,99,182,359,1672,3992,932,95,168,348,2448,3583,1074,126,188,392,1802,4093,944,100,149,346,2553,43764.0
34021.0,6242,3974,238,344,564,1121,10274,5675,360,526,918,2794,6856,4288,257,374,665,1271,10832,5884,368,551,966,3062,104414.0
34023.0,5599,4074,233,291,456,536,8987,6207,330,475,819,1142,6089,4425,247,295,515,598,9489,6509,387,472,837,1270,204386.0
34025.0,13778,7751,685,1048,2284,2008,18842,8789,924,1414,3145,4568,16893,7654,793,1220,2764,4460,21641,8303,933,1470,3115,7818,203439.0
34027.0,8845,5524,390,545,963,1423,12342,6647,596,853,1744,2502,9296,5711,448,564,1079,1494,12825,6729,623,893,1849,2731,143988.0
34029.0,61537,20977,2908,4997,14847,17792,67529,18703,2358,4464,14585,27402,67178,15596,1995,3656,12353,33562,72640,15503,1550,2734,9281,43555,247904.0
34031.0,7889,4555,366,498,955,1511,10916,5797,502,701,1285,2626,8310,4787,358,542,986,1633,11345,5946,526,735,1325,2808,102867.0
34033.0,2810,1904,128,203,321,243,4413,2315,208,297,651,927,3654,2096,190,229,538,588,5428,2250,223,338,890,1712,20494.0
34035.0,2587,1814,122,151,255,239,4612,2657,188,266,492,1003,2775,1938,119,163,285,264,4933,2834,199,283,505,1106,102267.0
34037.0,3647,1808,197,236,493,906,4560,2153,214,350,627,1209,3782,1868,178,273,516,940,4673,2177,218,356,653,1262,52997.0
34039.0,8420,6102,341,467,727,772,13861,8799,577,846,1469,2158,9013,6488,366,497,780,871,14472,9075,611,830,1585,2359,120825.0
34041.0,3180,1283,98,162,312,1319,3903,1528,112,175,341,1741,3291,1304,113,161,312,1395,4001,1552,126,190,335,1791,35868.0
35001.0,5586,1841,778,910,1165,890,22109,4454,1561,2505,5124,8435,6033,1932,857,999,1286,957,22749,4471,1599,2423,5009,9215,88961.0
35005.0,1089,777,98,83,90,40,2459,1771,165,193,198,130,1118,824,97,75,82,39,2466,1806,167,190,182,119,22144.0
35006.0,675,278,56,80,126,106,939,349,59,94,173,217,688,276,62,85,124,111,970,364,59,88,187,224,6378.0
35007.0,358,55,36,36,85,146,478,97,43,49,98,191,360,59,34,35,83,149,478,101,39,48,95,195,5595.0
35009.0,199,128,20,21,11,18,358,204,39,47,45,22,203,130,22,20,12,18,357,207,31,51,45,22,9179.0
35011.0,30,14,5,4,5,1,36,13,9,3,8,2,29,14,4,4,5,1,36,14,8,3,8,2,856.0
35013.0,5970,1448,1076,561,660,2223,11070,3432,2053,1244,1340,2996,5921,1467,1044,542,650,2216,10916,3423,2024,1187,1295,2983,63114.0
35015.0,417,230,50,54,46,37,656,370,60,73,85,68,408,229,55,46,43,35,647,370,57,73,80,67,5091.0
35017.0,1162,555,70,81,154,277,1406,638,55,90,204,382,1163,555,71,81,154,277,1405,635,56,90,206,381,14393.0
35019.0,1,0,0,1,0,0,2,1,0,0,0,1,1,0,0,0,1,0,2,1,0,0,0,1,21.0
35021.0,11,2,0,2,1,2,12,2,0,1,2,3,11,2,1,1,1,2,12,2,0,1,2,3,474.0
35023.0,43,35,3,3,0,1,97,72,11,9,2,1,44,36,3,2,1,1,92,67,11,9,2,1,693.0
35025.0,3309,2299,339,300,257,96,4378,2156,537,697,715,249,3336,2275,359,308,272,102,4416,2119,520,725,763,265,9611.0
35027.0,191,28,8,10,23,86,222,20,19,10,30,105,187,23,9,10,24,85,221,20,17,11,30,105,5444.0
35028.0,124,22,12,18,27,45,195,52,13,22,36,72,132,25,14,18,28,47,203,63,15,20,35,70,7127.0
35029.0,80,53,8,8,7,2,653,589,9,24,23,6,84,58,8,8,6,2,681,615,14,20,24,6,3185.0
35031.0,409,100,50,50,49,121,591,155,53,63,102,162,410,98,53,49,50,121,590,152,53,64,103,162,5998.0
35035.0,2167,846,141,201,266,713,3056,1373,225,268,374,815,2165,865,141,192,263,704,3036,1373,219,264,375,804,23454.0
35039.0,311,71,35,32,56,96,489,101,47,48,83,183,319,76,34,37,56,95,495,105,46,49,82,186,4288.0
35041.0,284,117,32,29,40,62,525,254,55,45,44,122,296,126,24,35,41,66,534,255,53,46,49,126,1710.0
35043.0,4190,987,399,597,1161,1039,7333,1428,606,732,1329,3225,4394,1045,400,619,1174,1149,7566,1422,603,800,1354,3373,47076.0
35045.0,1891,417,154,197,375,725,2832,564,185,278,492,1275,1936,446,169,189,380,728,2876,577,205,260,522,1273,31417.0
35047.0,556,69,42,56,76,273,667,85,40,76,100,322,551,67,45,53,78,267,667,90,35,79,100,319,9988.0
35049.0,2257,536,202,323,502,660,3458,867,313,477,771,990,2291,560,203,324,497,672,3519,903,322,485,773,996,58538.0
35051.0,236,75,6,14,19,116,303,95,10,15,31,145,233,74,6,14,18,115,299,95,9,15,29,145,1300.0
35053.0,102,38,15,15,21,12,225,59,16,42,70,37,102,33,17,17,20,14,229,59,16,43,67,43,1018.0
35055.0,414,88,24,45,53,202,527,107,35,49,79,254,426,99,26,39,57,203,537,109,36,51,77,261,2796.0
35057.0,153,73,19,14,16,22,200,89,34,17,24,27,160,78,19,14,16,24,208,90,34,23,24,27,2401.0
35059.0,28,7,4,2,8,6,36,6,3,2,10,11,26,7,2,3,8,5,36,7,3,1,11,10,1184.0
35061.0,1640,1182,81,102,212,41,3178,1734,312,370,436,287,1878,1372,109,98,226,49,3294,1766,321,373,479,316,10400.0
36001.0,6494,2559,457,578,978,1905,8810,3408,645,747,1274,2717,6698,2606,473,577,1021,2004,9159,3546,661,787,1302,2844,75157.0
36003.0,3636,1565,174,261,543,1065,4416,1717,184,281,595,1608,3664,1574,171,250,553,1087,4469,1736,166,308,588,1640,20992.0
36005.0,2402,1449,80,136,190,547,3385,1817,146,288,379,755,2710,1499,99,173,292,647,3727,1799,142,225,606,955,22477.0
36007.0,9901,2704,473,774,1347,4548,14287,2708,478,639,1483,8913,10364,2710,456,818,1414,4906,14739,2734,482,634,1473,9349,56013.0
36009.0,5289,2588,271,327,720,1362,7662,3807,315,460,865,2191,5354,2585,291,344,727,1386,7778,3770,317,483,921,2261,32668.0
36011.0,2913,1186,156,230,414,923,3662,1314,178,282,499,1384,3005,1220,165,237,408,971,3720,1310,179,286,516,1424,26352.0
36013.0,5274,3177,231,317,582,935,7146,4026,284,461,897,1440,5438,3271,256,314,595,969,7277,4055,294,460,916,1513,49833.0
36015.0,5736,3692,319,322,472,919,9550,4734,426,624,1122,2625,5873,3771,315,343,493,939,9782,4744,418,634,1150,2817,26271.0
36017.0,3126,976,150,235,503,1238,4041,1130,172,289,566,1857,3216,1006,164,225,509,1288,4162,1149,167,313,559,1947,19405.0
36019.0,1648,737,99,125,244,439,2517,1098,140,172,313,789,1688,760,101,120,246,457,2582,1122,146,170,322,817,26019.0
36021.0,2546,1238,122,153,321,705,3157,1394,153,213,391,997,2610,1258,130,165,315,735,3232,1421,150,218,400,1034,23437.0
36023.0,3145,1085,237,322,476,1012,3902,1113,238,342,665,1529,3227,1098,246,327,494,1049,3944,1096,246,343,677,1567,13813.0
36025.0,5244,1145,215,303,611,2864,6204,1275,219,321,657,3609,5326,1140,225,307,624,2921,6336,1297,221,329,681,3684,25363.0
36027.0,6391,2846,350,565,1098,1532,8933,3898,453,742,1452,2388,6768,3025,403,580,1159,1601,9276,4038,453,790,1498,2497,79801.0
36029.0,18887,13320,705,1021,1241,2600,39098,24132,1500,2237,4396,6833,21599,15488,832,957,1558,2764,40514,24198,1977,2189,4703,7447,242087.0
36031.0,2389,687,101,148,340,1095,2954,758,120,193,382,1481,2416,698,92,154,344,1110,3006,780,112,202,383,1509,20201.0
36033.0,1835,620,105,161,315,620,2400,718,131,191,405,940,1876,612,120,170,305,655,2459,741,122,193,402,986,18544.0
36035.0,1988,466,169,198,370,778,2571,564,177,231,451,1140,2033,473,172,199,378,804,2665,616,177,217,469,1178,19586.0
36037.0,825,470,61,65,114,113,1697,936,119,119,207,312,840,471,65,69,107,126,1842,992,104,138,210,394,17565.0
36039.0,2972,1310,104,159,340,1035,3583,1451,118,176,366,1445,3038,1314,122,147,352,1078,3666,1465,124,175,384,1490,22510.0
36041.0,1340,467,72,100,182,507,1634,473,76,120,203,745,1351,459,78,99,186,517,1659,476,56,132,205,773,6913.0
36043.0,4257,1247,234,358,692,1710,5224,1457,277,316,802,2355,4331,1247,256,344,712,1756,5335,1487,284,330,802,2415,24411.0
36045.0,4171,1096,275,345,629,1812,5368,1308,301,443,867,2432,4329,1130,259,357,652,1916,5549,1321,312,448,864,2587,38366.0
36047.0,8211,4411,245,356,863,2336,13153,7833,397,653,1139,3131,9565,4925,292,378,910,3060,14665,8331,466,731,1200,3937,67556.0
36049.0,1862,472,108,205,349,720,2394,552,150,193,395,1095,1891,475,109,198,359,742,2441,546,152,199,398,1137,13915.0
36051.0,2167,1328,118,140,256,324,2964,1521,135,189,432,686,2218,1365,119,143,260,330,3007,1486,147,179,415,779,19881.0
36053.0,3134,1394,168,231,501,824,4179,1760,249,338,657,1155,3218,1419,181,241,509,853,4304,1824,250,345,684,1181,23802.0
36055.0,13845,7542,1066,1238,1857,2134,19897,10501,1689,1773,2460,3465,14240,7694,1118,1251,1925,2244,20530,10818,1754,1814,2466,3668,213996.0
36057.0,1866,373,69,114,211,1088,2390,450,82,122,245,1478,1920,367,70,114,217,1141,2443,451,87,121,238,1533,14219.0
36059.0,29789,22297,1399,1732,2661,1680,50726,34940,2396,3341,5606,4420,39326,25963,1794,2741,5255,3553,62121,39235,2528,3675,8089,8570,337668.0
36061.0,276,114,9,19,22,112,453,181,9,25,57,181,358,137,10,28,46,137,546,201,10,30,74,231,7917.0
36063.0,8046,6745,258,275,382,381,16502,12815,608,1082,1185,804,8922,7487,297,320,407,406,17163,13190,642,952,1483,888,66066.0
36065.0,6137,2475,534,555,968,1579,9192,3491,697,868,1561,2542,6342,2546,561,573,1000,1636,9454,3563,712,844,1617,2684,66028.0
36067.0,10190,4883,616,805,1469,2415,15639,7153,864,1309,2090,4221,10640,5032,650,835,1546,2575,16372,7542,897,1338,2164,4429,133320.0
36069.0,3432,1907,224,289,498,509,4369,2124,301,446,606,886,3496,1940,237,282,496,536,4464,2150,296,458,634,920,36510.0
36071.0,6219,2669,311,454,874,1904,8307,3408,392,593,1127,2779,6469,2753,300,462,921,2025,8625,3532,405,608,1167,2905,90953.0
36073.0,671,324,36,55,89,165,934,461,47,58,101,265,688,335,34,54,85,178,965,472,44,66,110,271,13066.0
36075.0,3305,1541,207,224,401,928,4456,1968,226,269,601,1387,3416,1584,221,236,401,970,4546,1961,232,291,612,1445,41707.0
36077.0,3516,897,293,356,663,1283,4372,966,268,431,808,1870,3577,885,297,370,674,1325,4485,974,259,457,808,1957,23529.0
36079.0,2109,1170,81,98,209,546,2664,1429,94,128,260,748,2203,1228,84,100,214,572,2733,1442,114,120,270,782,30460.0
36081.0,18836,10278,1815,773,1613,4357,27526,14410,1580,1533,2549,7454,20613,10955,509,2004,1585,5560,29155,14853,1573,1650,2298,8781,154155.0
36083.0,4426,1675,186,297,634,1622,5608,1911,229,339,752,2363,4548,1625,222,307,663,1719,5815,1914,239,377,792,2479,39984.0
36085.0,6602,3923,318,418,806,1136,9612,5472,452,666,1209,1812,7405,4117,360,507,890,1530,10584,5754,421,677,1351,2380,77241.0
36087.0,4607,1093,424,645,1077,1362,6823,1398,590,827,1604,2398,4934,1162,449,700,1140,1477,7160,1425,612,873,1661,2583,72156.0
36089.0,4189,817,151,245,517,2450,5650,1040,207,296,646,3451,4404,873,163,234,526,2599,5903,1084,219,293,692,3604,42156.0
36091.0,5152,2122,324,435,646,1600,7437,2801,475,658,1030,2439,5404,2229,332,446,691,1678,7670,2840,475,658,1099,2563,71913.0
36093.0,3221,1210,239,335,516,921,5012,1873,356,404,807,1572,3374,1247,237,342,552,996,5296,1956,353,396,823,1768,40732.0
36095.0,1965,760,65,132,285,711,2524,918,102,143,345,1001,2014,784,74,130,282,732,2593,933,98,146,366,1035,13814.0
36097.0,1353,628,66,74,156,415,1636,698,70,84,195,575,1364,624,69,76,161,420,1654,701,71,89,184,595,8253.0
36099.0,932,372,49,73,93,337,1204,490,58,86,146,413,938,371,46,77,98,338,1218,491,47,106,143,420,11876.0
36101.0,6922,3087,360,461,906,2082,9532,2681,421,637,1324,4440,6976,3070,371,467,914,2128,9679,2644,380,663,1322,4640,36597.0
36103.0,44704,34634,1293,1911,3421,3363,64601,46678,1937,2880,5936,7051,50762,36383,1543,2384,4922,5435,70398,46545,2121,3338,7103,11167,439499.0
36105.0,3951,1571,170,196,501,1501,4666,1777,152,238,527,1960,4034,1594,159,211,510,1548,4749,1786,160,253,519,2019,35602.0
36107.0,3413,817,187,272,583,1532,4566,974,237,284,631,2417,3528,803,187,291,569,1655,4663,923,236,290,645,2546,17243.0
36109.0,3249,1552,92,141,363,1099,3814,1613,99,129,350,1621,3277,1541,107,132,344,1151,3859,1630,107,132,344,1644,22053.0
36111.0,5721,2514,258,286,647,1987,7254,2994,285,390,783,2762,5896,2585,250,306,661,2065,7492,3102,288,415,777,2870,56996.0
36113.0,3574,1427,170,244,418,1307,4715,1865,240,318,568,1713,3678,1477,168,256,424,1346,4848,1909,266,311,582,1770,27975.0
36115.0,3012,713,150,249,519,1351,3731,855,150,251,545,1889,3091,712,159,248,528,1412,3822,879,154,257,539,1952,23012.0
36117.0,1206,543,58,76,187,340,1675,756,98,124,202,491,1242,559,63,84,180,354,1724,760,95,141,216,508,27759.0
36119.0,13808,4207,947,1397,2708,4546,17538,4833,1114,1714,3393,6481,14427,4342,966,1414,2861,4841,18100,4874,1175,1739,3495,6814,169913.0
36121.0,1276,754,52,82,152,230,1657,919,76,97,223,336,1290,760,56,81,155,232,1676,924,81,100,219,346,14057.0
36123.0,1271,347,80,94,214,526,1579,439,99,124,238,668,1276,347,78,97,210,534,1608,458,96,125,244,673,10621.0
37001.0,2341,1936,46,65,115,170,2761,2203,54,87,150,257,2451,2023,51,65,115,188,2884,2301,58,76,161,278,54912.0
37003.0,1026,135,27,50,122,691,1133,148,34,45,108,797,1055,139,30,48,115,722,1158,155,37,45,113,807,13378.0
37005.0,701,235,21,40,62,340,770,267,20,30,76,374,713,239,22,33,72,344,776,265,19,28,81,380,6570.0
37007.0,169,108,12,9,23,15,203,118,15,17,30,21,186,114,15,11,27,17,209,121,12,22,30,22,9611.0
37009.0,4453,379,79,178,404,3408,4750,376,81,171,381,3736,4545,393,81,173,412,3481,4817,381,86,159,397,3789,15064.0
37011.0,2395,376,55,109,269,1559,2576,369,64,114,272,1729,2436,375,68,96,277,1592,2639,375,62,111,279,1784,17137.0
37013.0,6811,1507,194,296,632,4176,10401,1025,147,271,714,8237,7726,1534,178,282,641,5085,10943,718,101,154,395,9568,18474.0
37015.0,495,422,3,10,12,25,674,544,6,7,27,63,515,430,3,13,14,32,716,567,9,5,29,78,7382.0
37017.0,1115,661,98,117,124,111,1531,865,140,139,225,158,1170,696,94,119,143,114,1595,894,139,144,240,174,13071.0
37019.0,19052,13398,460,663,1531,2999,23411,14082,463,787,1761,6314,20721,12891,493,700,1667,4968,25358,13795,425,762,1625,8746,80651.0
37021.0,3309,1559,98,156,295,1201,3654,1600,101,154,306,1493,3421,1587,99,145,322,1268,3760,1643,94,170,316,1537,23754.0
37023.0,1305,590,51,68,138,458,1627,700,53,90,165,619,1338,591,58,73,140,476,1676,716,62,85,168,645,31529.0
37025.0,2737,1185,213,271,471,587,3578,1455,241,376,652,844,2988,1282,233,293,542,628,3750,1514,244,374,692,916,85082.0
37027.0,2867,542,93,157,392,1662,3383,584,114,185,444,2035,2985,563,99,152,413,1737,3500,611,125,185,458,2100,33837.0
37029.0,1264,948,35,59,122,100,1820,1097,48,100,194,381,1679,892,65,85,198,439,2394,1060,50,90,200,994,4143.0
37031.0,16327,5681,498,903,2192,7036,20417,5359,439,742,1895,11958,19327,5102,401,733,1925,11144,23581,4873,404,626,1624,16021,41725.0
37033.0,71,41,1,8,6,14,97,57,1,9,12,17,73,40,3,7,8,14,97,54,3,8,14,17,10613.0
37035.0,2350,1588,43,77,123,506,3133,2103,62,99,166,689,2499,1694,51,76,138,527,3301,2204,76,105,189,713,58748.0
37037.0,1079,399,64,106,190,320,1189,423,75,120,199,372,1110,405,65,113,187,340,1238,448,77,127,203,383,28884.0
37039.0,2871,574,56,115,356,1770,3130,563,60,126,339,2042,2921,577,58,117,358,1811,3171,572,69,126,347,2057,15654.0
37041.0,632,400,29,44,61,97,1268,503,51,70,150,493,862,447,38,57,91,228,2371,905,76,127,215,1047,5929.0
37043.0,53,10,1,3,5,34,56,8,1,6,5,36,53,9,2,3,5,34,56,7,1,4,7,37,318.0
37045.0,954,373,53,94,171,263,1191,445,85,114,212,335,1019,397,65,97,182,278,1250,470,78,130,227,345,36338.0
37047.0,1876,1077,151,181,260,207,2512,1436,167,238,378,293,1989,1142,160,196,275,216,2673,1519,197,249,397,311,17657.0
37049.0,8101,4054,375,592,1061,2004,13371,3712,416,609,1276,7327,9967,3737,387,579,1154,4090,15946,3548,389,589,1194,10191,38786.0
37051.0,7487,5332,289,430,700,735,10528,7342,389,621,997,1177,8028,5696,291,485,770,785,11036,7657,420,645,1056,1256,103648.0
37053.0,2929,2006,94,129,296,402,4343,2656,101,180,438,966,3895,2463,105,162,362,801,5785,3165,114,173,509,1822,8117.0
37055.0,13820,4363,825,1273,2898,4461,18576,3378,806,1330,3063,9999,16801,3650,702,1016,2429,9004,21106,2116,463,732,2016,15779,28487.0
37057.0,3285,1086,176,255,483,1285,3897,1127,192,255,561,1762,3445,1118,167,266,507,1387,4018,1140,183,275,566,1854,64639.0
37059.0,382,144,16,37,60,125,460,179,23,39,68,151,418,161,22,41,66,128,472,174,26,44,64,164,16476.0
37061.0,909,573,53,71,120,92,1331,809,90,113,166,153,947,588,65,75,123,96,1387,845,95,110,171,166,15514.0
37063.0,3957,1341,283,425,820,1087,4909,1602,339,550,1037,1380,4329,1477,297,481,884,1189,5122,1680,331,567,1096,1447,89230.0
37065.0,1077,689,60,91,102,130,1667,1058,102,130,174,196,1113,714,60,92,100,142,1723,1086,119,128,178,204,16859.0
37067.0,4223,2137,187,290,581,1022,5096,2421,226,364,726,1352,4499,2230,221,296,628,1118,5455,2601,238,366,793,1450,126601.0
37069.0,566,449,20,21,33,42,697,556,24,23,42,51,600,479,20,21,37,42,718,570,26,26,43,52,23782.0
37071.0,3591,1004,158,237,483,1709,4479,1119,195,280,588,2297,3798,1043,192,249,496,1818,4692,1195,197,305,618,2377,78412.0
37073.0,234,203,9,7,13,2,324,263,14,7,21,19,240,205,5,9,14,7,358,268,17,13,23,36,4500.0
37075.0,1668,316,45,57,121,1126,1819,309,40,63,137,1267,1689,314,39,65,124,1144,1836,309,31,67,144,1282,4624.0
37077.0,541,348,23,27,61,82,628,366,39,31,79,113,555,345,27,36,61,86,660,383,42,33,80,122,20121.0
37079.0,184,174,4,3,1,2,295,280,3,2,6,4,188,178,3,4,1,2,305,288,2,4,7,4,5736.0
37081.0,5345,3300,306,367,633,739,6705,3967,377,476,844,1041,5826,3581,332,407,692,814,7123,4210,411,493,892,1117,155014.0
37083.0,871,739,7,11,21,81,1175,999,14,20,26,102,912,774,11,9,23,83,1235,1049,10,20,38,104,27833.0
37085.0,1933,1050,141,183,279,279,2418,1235,196,233,351,401,2012,1076,160,195,281,299,2532,1280,199,254,368,429,43580.0
37087.0,6812,1063,230,361,952,4180,7436,991,239,382,940,4854,6967,1043,245,362,953,4338,7615,1005,237,385,945,5011,29016.0
37089.0,3592,1802,133,192,374,1047,4241,2026,160,247,460,1302,3748,1864,140,203,393,1104,4418,2087,158,267,485,1373,45685.0
37091.0,380,334,4,6,15,20,537,466,6,8,8,45,392,341,4,7,13,25,554,477,5,11,9,48,8460.0
37093.0,1002,728,54,66,93,61,1312,939,66,92,119,96,1066,780,52,71,96,67,1375,979,70,98,128,100,17534.0
37095.0,2240,1033,40,77,149,941,2508,735,80,95,187,1411,2499,832,58,94,173,1342,2526,311,58,67,132,1958,2636.0
37097.0,1652,647,92,143,286,484,2729,1216,147,244,443,679,1781,703,115,151,304,508,2948,1306,183,248,479,732,71378.0
37099.0,3557,981,86,126,297,2066,3826,948,83,127,324,2343,3640,981,91,122,318,2127,3903,959,73,136,317,2417,16350.0
37101.0,2206,1295,168,188,293,262,2966,1719,203,262,380,402,2341,1376,171,206,299,289,3147,1834,207,273,408,425,73359.0
37103.0,305,221,11,16,31,17,487,313,33,26,57,45,316,227,12,16,35,17,541,318,32,34,62,80,4113.0
37105.0,1131,815,36,48,94,134,1300,896,43,58,103,196,1177,837,40,51,97,148,1352,919,40,65,109,213,22894.0
37107.0,1195,1104,17,19,38,14,1846,1660,28,45,69,40,1222,1125,19,20,40,15,1892,1697,31,47,69,44,20011.0
37109.0,774,135,53,86,215,284,1046,208,83,111,277,366,828,151,53,91,234,298,1147,228,99,124,306,389,36182.0
37111.0,2192,381,79,150,328,1240,2454,373,93,139,370,1459,2265,392,94,144,333,1286,2506,376,96,140,381,1492,18339.0
37113.0,3947,601,112,172,467,2595,4327,628,120,196,459,2924,4041,596,110,184,475,2676,4413,629,120,194,456,3014,23717.0
37115.0,2843,235,41,77,218,2270,2995,231,35,72,211,2444,2886,233,34,84,226,2307,3034,234,43,60,208,2486,8986.0
37117.0,144,79,6,8,10,15,182,93,5,11,20,21,146,81,4,8,12,15,186,94,4,12,21,22,7055.0
37119.0,14197,8521,603,871,1528,2666,17933,10198,745,1115,2051,3814,15315,9074,639,956,1691,2946,18993,10730,781,1201,2179,4092,304789.0
37121.0,1549,402,39,60,148,889,1648,408,35,57,162,974,1575,418,32,57,153,904,1681,422,31,60,162,994,5853.0
37123.0,865,487,21,31,52,247,1119,538,23,34,85,410,908,478,24,33,70,275,1165,559,26,34,75,441,14744.0
37125.0,2053,842,119,220,408,464,2383,885,181,218,459,640,2144,853,146,211,420,514,2481,904,182,241,468,686,38412.0
37127.0,1382,1112,33,47,92,98,1963,1531,52,72,121,187,1445,1163,31,54,93,104,2042,1581,62,74,129,196,32343.0
37129.0,17386,9725,1040,1343,2080,3192,23442,10339,1416,1845,3305,6530,19236,9563,1187,1550,2605,4325,25816,10126,1361,1916,3206,9199,78968.0
37131.0,539,374,31,36,38,59,817,566,25,51,79,94,605,429,26,44,41,64,866,588,29,51,85,111,10436.0
37133.0,6693,2229,262,418,828,2955,8241,2572,333,583,775,3977,7216,2228,264,362,674,3687,8892,2586,357,599,819,4530,60410.0
37135.0,1749,1082,74,88,200,303,2053,1215,99,100,252,383,1842,1135,80,92,210,323,2138,1263,95,111,253,412,39722.0
37137.0,3668,1095,95,179,459,1837,4176,318,33,61,181,3580,4005,518,51,91,334,3008,4279,110,16,20,69,4061,6035.0
37139.0,3430,2964,54,80,134,197,5936,4640,165,204,400,526,5389,4068,154,226,405,535,8412,4666,283,491,1162,1809,13941.0
37141.0,6486,4248,194,331,602,1087,7808,3947,192,348,768,2524,6862,3881,217,347,679,1712,8201,3510,229,350,722,3359,27390.0
37143.0,43,36,0,0,2,5,124,93,1,4,9,17,63,50,2,2,2,7,170,100,10,6,22,32,434.0
37145.0,342,242,15,20,26,39,415,290,17,23,32,53,355,251,11,25,29,39,430,299,18,25,32,56,15260.0
37147.0,3232,2248,162,226,320,259,5142,3538,299,312,517,450,3401,2375,174,237,327,271,5462,3781,292,347,537,477,54455.0
37149.0,695,346,20,33,51,245,757,349,26,36,58,288,709,353,21,35,49,251,767,354,25,36,60,292,7575.0
37151.0,1593,1176,42,75,123,175,1883,1346,53,76,167,238,1724,1254,44,77,152,195,1980,1415,55,75,175,257,52793.0
37153.0,308,213,8,14,24,46,371,255,10,12,25,66,330,231,8,12,27,49,378,258,10,11,27,69,9830.0
37155.0,3969,3367,182,173,166,78,5986,4786,348,332,366,147,4329,3653,209,191,187,84,6299,4990,343,370,419,170,32079.0
37157.0,1430,348,49,90,167,242,1704,403,62,114,209,310,1493,368,54,88,177,257,1755,410,68,114,216,323,44836.0
37159.0,1669,665,106,151,263,484,2152,763,137,163,311,778,1796,682,113,147,284,570,2299,804,163,183,336,813,49712.0
37161.0,1270,445,35,67,156,567,1482,481,45,62,190,704,1310,446,38,67,165,594,1530,489,43,61,203,734,25461.0
37163.0,1193,1111,15,17,28,21,1568,1424,26,26,42,49,1252,1164,15,18,32,22,1618,1469,21,30,41,56,19942.0
37165.0,1101,793,78,84,106,38,1483,1018,108,127,164,63,1185,846,79,103,115,40,1554,1052,116,132,180,71,12760.0
37167.0,1077,678,40,47,85,227,1479,873,52,77,131,346,1207,758,40,48,100,261,1578,905,63,85,142,383,24473.0
37169.0,358,212,12,16,30,87,417,248,9,24,34,101,376,224,11,20,29,91,429,254,12,22,35,105,17982.0
37171.0,645,202,29,45,96,273,759,223,30,54,114,338,674,211,33,46,102,282,781,234,36,49,109,353,24598.0
37173.0,1890,212,29,56,123,1469,2011,201,19,48,123,1619,1912,216,20,58,130,1487,2039,200,24,49,127,1638,6363.0
37175.0,2211,525,91,125,341,1095,2545,575,95,164,351,1322,2299,551,95,124,348,1145,2605,585,82,160,368,1369,16343.0
37177.0,1256,974,32,41,111,52,1660,984,48,98,214,253,1417,896,50,98,157,164,1803,774,55,81,249,575,2301.0
37179.0,2982,2180,128,148,272,250,3686,2606,163,216,323,374,3179,2311,140,165,288,271,3886,2738,164,229,339,412,79618.0
37181.0,391,194,31,36,75,55,484,240,40,42,87,75,418,204,34,42,78,60,508,250,42,46,91,79,14867.0
37183.0,13806,10871,364,482,774,1306,17610,13505,444,611,1103,1936,15117,11840,388,548,896,1436,18468,14092,458,682,1135,2089,328197.0
37185.0,820,553,36,55,97,75,1033,523,50,89,167,199,858,544,48,58,112,92,1082,526,45,75,196,235,8327.0
37187.0,620,437,39,45,67,30,1298,680,78,95,180,263,805,510,52,64,77,100,1772,720,106,103,234,607,5893.0
37189.0,4255,559,92,174,491,2932,4578,570,83,160,496,3261,4328,551,93,151,515,3011,4654,556,98,147,512,3332,22881.0
37191.0,2270,1580,133,178,186,122,3305,2253,237,217,299,216,2389,1665,149,172,202,127,3406,2310,251,225,308,228,60317.0
37193.0,1102,189,36,65,153,650,1223,191,37,73,161,750,1138,192,35,76,143,683,1266,204,39,70,166,776,23856.0
37195.0,1109,738,73,77,108,110,1728,1138,105,135,170,176,1169,768,83,86,114,115,1796,1178,107,148,178,181,27542.0
37197.0,257,174,10,14,21,38,290,184,11,18,26,51,267,179,13,11,25,39,294,185,8,19,29,53,13837.0
37199.0,2856,646,52,93,220,1823,3018,637,43,88,240,1988,2903,649,51,95,229,1857,3069,651,50,79,247,2019,9277.0
38001.0,0,0,0,0,0,0,1,1,0,0,0,0,0,0,0,0,0,0,1,1,0,0,0,0,12.0
38003.0,28,23,0,0,2,3,41,31,1,2,3,4,28,23,0,0,2,3,41,31,1,2,3,4,916.0
38007.0,22,9,1,2,2,8,24,6,2,1,4,11,22,8,2,2,2,8,24,5,2,1,4,12,105.0
38009.0,4,2,0,1,0,1,5,2,1,0,1,1,4,2,0,1,0,1,5,2,1,0,1,1,74.0
38011.0,13,9,1,0,1,0,17,12,0,0,1,2,13,8,1,1,1,0,17,12,0,0,1,2,352.0
38013.0,0,0,0,0,0,0,1,1,0,0,0,0,0,0,0,0,0,0,1,1,0,0,0,0,57.0
38015.0,1405,1184,46,49,71,55,2555,1904,101,145,225,180,1485,1247,52,54,75,57,2646,1957,88,157,243,201,27751.0
38017.0,1473,1324,43,44,35,11,2767,2324,91,102,137,52,1533,1376,40,50,38,13,2820,2366,97,104,140,52,27013.0
38019.0,5,4,0,0,0,1,8,7,0,0,0,1,5,4,0,0,0,1,8,7,0,0,0,1,293.0
38021.0,2,0,1,0,1,0,2,0,0,1,0,1,2,0,1,0,1,0,2,0,0,1,0,1,39.0
38023.0,1,1,0,0,0,0,2,2,0,0,0,0,1,1,0,0,0,0,2,2,0,0,0,0,66.0
38025.0,40,24,1,2,5,8,45,25,2,3,4,11,40,24,1,2,5,8,45,25,2,3,3,12,307.0
38027.0,0,0,0,0,0,0,1,1,0,0,0,0,0,0,0,0,0,0,1,1,0,0,0,0,18.0
38029.0,1,0,0,1,0,0,2,1,0,0,1,0,1,0,0,1,0,0,2,1,0,0,0,1,43.0
38031.0,5,4,1,0,0,0,6,5,0,1,0,0,5,4,1,0,0,0,6,5,0,1,0,0,146.0
38033.0,2,1,0,0,0,1,2,1,0,0,0,1,2,1,0,0,0,1,2,1,0,0,0,1,35.0
38035.0,203,170,5,3,10,14,1537,1370,32,30,48,54,228,194,5,3,10,15,1554,1382,32,33,48,56,12097.0
38037.0,1,0,0,0,1,0,1,0,0,0,0,1,1,0,0,0,1,0,1,0,0,0,0,1,15.0
38039.0,4,3,0,0,1,0,6,5,0,0,0,1,4,3,0,0,1,0,7,6,0,0,0,1,174.0
38041.0,2,1,1,0,0,0,3,0,0,0,2,0,2,1,1,0,0,0,3,0,0,0,2,0,20.0
38043.0,5,3,0,0,0,2,7,5,0,0,0,2,5,3,0,0,0,2,7,5,0,0,0,2,114.0
38049.0,1,0,0,0,0,0,3,2,0,0,0,0,1,0,0,0,0,0,4,3,0,0,0,0,37.0
38051.0,7,5,0,1,0,1,11,7,1,0,1,1,7,5,0,1,0,1,12,8,1,0,1,1,181.0
38053.0,20,18,0,0,0,2,32,29,0,1,0,2,21,19,0,0,0,2,36,33,0,1,0,2,505.0
38055.0,291,242,7,6,18,16,510,386,20,24,38,38,293,244,7,6,18,16,512,385,22,24,39,38,4283.0
38057.0,10,4,0,1,2,2,16,9,0,2,0,4,10,4,0,1,2,2,16,9,0,2,0,4,159.0
38059.0,108,96,2,3,3,3,178,139,12,10,8,8,112,100,2,3,3,3,189,149,13,9,9,8,1351.0
38061.0,24,18,0,2,0,3,31,21,1,1,3,3,24,18,0,2,0,3,32,21,2,1,2,4,764.0
38065.0,39,23,2,2,6,6,46,24,0,4,3,15,41,25,2,2,6,6,46,24,0,4,3,15,265.0
38067.0,0,0,0,0,0,0,3,3,0,0,0,0,1,1,0,0,0,0,3,3,0,0,0,0,61.0
38071.0,78,55,6,2,8,4,149,106,7,6,9,14,83,58,7,2,9,4,154,111,6,6,10,14,3710.0
38073.0,13,7,1,1,1,3,21,13,1,1,3,3,13,7,1,1,1,3,21,13,1,1,3,3,402.0
38075.0,11,11,0,0,0,0,40,31,0,1,1,0,11,11,0,0,0,0,45,36,0,1,1,0,654.0
38077.0,1,1,0,0,0,0,9,9,0,0,0,0,2,2,0,0,0,0,10,10,0,0,0,0,122.0
38087.0,1,1,0,0,0,0,2,1,0,0,0,1,1,1,0,0,0,0,2,1,0,0,0,1,5.0
38089.0,646,328,29,41,86,147,928,499,36,31,102,241,668,345,26,39,95,148,956,518,29,41,100,248,9711.0
38091.0,1,0,0,0,0,1,2,0,0,1,0,1,1,0,0,0,0,1,2,0,0,1,0,1,14.0
38093.0,4,2,0,0,1,1,5,3,0,0,0,2,4,2,0,0,1,1,5,3,0,0,0,2,96.0
38095.0,0,0,0,0,0,0,0,0,0,0,0,0,0,0,0,0,0,0,0,0,0,0,0,0,7.0
38097.0,0,0,0,0,0,0,2,2,0,0,0,0,0,0,0,0,0,0,2,2,0,0,0,0,88.0
38099.0,1,0,0,0,1,0,3,2,0,0,1,0,1,0,0,0,1,0,3,2,0,0,1,0,17.0
38101.0,396,216,12,14,42,75,817,452,19,37,73,151,429,239,13,17,41,77,838,466,18,38,75,154,14074.0
38103.0,13,9,1,1,0,2,15,10,1,2,0,2,13,9,1,1,0,2,15,10,1,2,0,2,344.0
38105.0,292,220,17,18,13,18,467,350,12,20,46,32,315,236,16,21,16,20,485,365,10,22,48,33,10304.0
39001.0,1062,620,32,39,91,263,1586,615,34,49,158,703,1110,646,39,42,90,273,1604,621,31,47,141,737,12225.0
39003.0,1167,766,87,95,133,84,1974,1286,118,152,243,171,1294,849,94,111,143,95,2106,1368,125,157,267,185,33663.0
39005.0,819,647,14,29,49,77,1058,823,28,29,66,109,854,672,16,28,51,84,1075,830,31,35,65,111,17428.0
39007.0,1231,944,30,39,42,166,1683,1294,40,42,76,219,1298,998,28,41,50,169,1756,1356,33,51,78,224,39503.0
39009.0,3991,1268,97,140,350,2132,4934,1264,96,149,352,3069,4082,1298,103,155,355,2167,5004,1280,110,145,354,3111,16669.0
39011.0,649,555,5,9,19,57,1095,946,12,19,28,85,684,585,8,9,20,57,1156,999,17,21,26,88,16536.0
39013.0,5430,1946,106,197,521,2631,6968,1826,122,206,485,4298,5491,1969,108,189,505,2691,7016,1826,138,196,474,4351,28940.0
39015.0,1530,947,39,57,113,354,1957,1053,41,69,139,631,1561,963,43,52,117,365,1991,1052,47,63,158,647,18124.0
39017.0,5123,4268,88,88,236,435,8347,6637,113,156,374,1059,5849,4947,83,109,244,458,8982,7191,115,186,384,1098,116343.0
39019.0,1139,803,43,40,90,152,1408,928,54,75,139,201,1171,833,39,44,95,149,1448,954,57,77,142,207,13254.0
39021.0,931,861,7,11,23,27,1227,1100,18,21,41,45,961,884,10,10,28,27,1265,1132,18,23,43,47,14704.0
39023.0,1522,1401,11,15,28,64,2339,2136,25,30,36,108,1664,1534,15,17,28,67,2449,2241,22,35,36,111,44746.0
39025.0,2711,1553,54,73,122,908,3267,1818,62,70,172,1144,2821,1624,70,65,144,917,3384,1909,64,82,166,1162,67244.0
39027.0,590,505,13,15,20,35,730,599,17,18,30,64,610,519,12,17,21,39,754,619,15,19,31,67,13755.0
39029.0,2574,1442,55,79,170,812,3386,1679,74,106,261,1247,2702,1499,70,71,204,841,3487,1713,79,107,253,1316,38739.0
39031.0,1790,1166,46,68,162,295,2301,1412,49,85,232,458,1872,1227,44,77,165,305,2340,1434,56,78,246,461,14582.0
39033.0,709,606,8,13,24,45,1047,892,10,19,28,79,762,651,9,12,24,50,1124,963,7,23,30,81,17804.0
39035.0,8462,3386,889,1069,1513,1605,15323,6513,1735,1967,2550,2558,9841,4068,1073,1196,1721,1783,16793,7112,1968,2164,2792,2757,382547.0
39037.0,531,490,8,14,11,7,880,784,19,20,26,28,561,516,9,10,15,8,934,837,18,21,26,29,17732.0
39039.0,2199,1143,31,49,125,847,3225,1218,60,96,246,1597,2200,1132,25,49,130,860,3231,1235,66,95,256,1571,15078.0
39041.0,1984,1648,34,38,89,175,2901,2369,47,69,101,315,2153,1793,38,43,92,187,3050,2492,51,73,110,324,63021.0
39043.0,1732,1251,53,55,109,242,2815,2064,70,156,132,371,1844,1337,61,65,116,243,2926,2153,72,167,135,377,29260.0
39045.0,3588,2667,70,103,237,501,4829,3479,121,160,340,717,3736,2786,85,109,233,512,4997,3628,111,170,350,726,51316.0
39047.0,415,389,3,3,15,5,739,662,10,21,21,25,452,425,4,3,15,5,775,697,11,21,20,26,10281.0
39049.0,9442,7931,92,148,305,966,17841,15225,233,262,458,1663,10832,9224,118,170,321,999,19335,16595,242,309,506,1683,363030.0
39051.0,446,420,4,2,10,10,712,656,10,12,14,20,473,447,3,3,10,10,739,682,10,11,15,21,13517.0
39053.0,2898,1394,71,101,239,1072,3631,1010,66,91,257,2182,2958,1401,75,121,232,1108,3674,1015,56,106,247,2225,10503.0
39055.0,1039,896,21,22,47,53,1247,1058,23,29,57,80,1091,940,16,29,49,57,1314,1103,34,31,62,84,32875.0
39057.0,1794,1591,29,28,56,90,2565,2277,28,49,73,138,2015,1802,25,36,58,94,2722,2420,25,57,72,148,52949.0
39059.0,1212,799,40,59,109,190,1454,935,43,61,148,246,1230,807,40,62,111,195,1484,954,47,51,159,252,19007.0
39061.0,10299,6442,288,400,851,2318,13924,8287,349,496,1123,3668,11316,7156,297,434,925,2503,14771,8839,352,561,1140,3878,218826.0
39063.0,1499,632,158,206,299,202,4181,1394,398,528,1003,855,1621,698,166,220,320,215,4313,1432,389,540,1053,896,24669.0
39065.0,618,552,9,20,15,22,978,787,13,15,64,99,660,592,10,20,15,23,1015,822,12,17,63,101,11110.0
39067.0,988,583,41,58,104,193,1135,603,45,61,153,262,1001,583,44,58,111,196,1153,609,45,64,155,269,7567.0
39069.0,1334,898,15,24,33,356,2347,1736,22,23,56,498,1368,931,17,22,36,354,2365,1756,22,24,58,493,10567.0
39071.0,597,467,15,10,34,60,727,548,15,25,38,90,626,487,18,13,32,65,747,560,18,26,38,94,20600.0
39073.0,2305,1364,53,96,227,528,2933,1693,83,132,264,721,2385,1411,59,107,225,546,3011,1728,86,139,276,741,12543.0
39075.0,1062,704,20,59,90,188,1271,827,34,70,112,227,1105,731,25,61,94,193,1287,833,33,73,114,233,13670.0
39077.0,871,269,95,124,180,199,1199,335,140,140,281,299,934,290,97,132,193,218,1247,341,140,160,278,324,18892.0
39079.0,1404,870,34,53,120,310,1635,878,47,67,154,472,1452,904,32,60,117,322,1669,888,45,76,163,480,13480.0
39081.0,3914,1295,68,123,266,2056,4521,861,76,132,313,3025,3966,1307,62,132,271,2088,4553,868,72,136,317,3046,25867.0
39083.0,1319,257,100,193,318,451,1671,300,140,212,403,616,1387,253,112,189,349,484,1735,288,168,202,422,655,21689.0
39085.0,3632,2983,50,97,194,307,5956,4814,86,182,215,657,4015,3334,63,89,196,332,6262,5094,90,174,232,670,88076.0
39087.0,8713,3653,239,306,808,3679,11216,3454,207,312,810,6402,8977,3742,232,339,843,3793,11488,3562,200,336,817,6541,24974.0
39089.0,3865,3040,128,147,245,294,5557,4232,167,218,370,555,4177,3254,157,158,285,311,5800,4397,168,244,388,587,64427.0
39091.0,1034,908,17,24,39,36,1565,1357,26,53,61,55,1125,988,20,26,40,41,1651,1434,26,51,71,56,20925.0
39093.0,3516,1380,425,523,608,561,5817,2312,708,870,1033,864,3922,1549,485,585,690,593,6289,2484,804,937,1120,914,107028.0
39095.0,5439,4021,222,243,336,553,12672,8892,512,574,995,1524,6126,4532,266,280,409,569,13317,9361,561,626,1030,1563,138377.0
39097.0,349,325,4,4,11,5,554,517,3,6,17,11,385,357,4,7,12,5,601,560,6,6,18,11,12400.0
39099.0,1489,1275,24,25,39,126,2229,1944,32,32,52,169,1650,1428,25,25,38,134,2400,2096,41,34,54,175,85259.0
39101.0,954,886,5,17,22,21,1660,1424,27,44,95,63,1018,946,8,13,25,23,1795,1547,21,52,98,70,21533.0
39103.0,1937,1721,26,40,81,68,2617,2293,47,59,105,112,2071,1830,35,44,83,78,2743,2396,54,66,109,117,64274.0
39105.0,2483,1101,116,164,419,655,3090,822,51,67,208,1906,2510,1069,94,180,446,692,3105,804,56,71,197,1940,8269.0
39107.0,549,515,8,4,10,9,830,754,15,8,16,34,579,542,8,7,10,9,878,801,12,11,15,35,14069.0
39109.0,2329,2140,18,32,50,87,3631,3026,41,48,92,420,2579,2374,22,38,51,91,3848,3222,47,50,104,421,37463.0
39111.0,898,248,14,32,60,537,1029,244,17,28,65,667,900,245,13,31,56,548,1035,243,14,32,68,670,7225.0
39113.0,7846,5997,165,204,473,995,12794,9039,272,373,738,2356,8922,6978,182,221,490,1039,13747,9852,296,388,782,2412,181583.0
39115.0,1363,305,12,32,78,927,1493,296,16,32,80,1060,1373,312,13,35,72,932,1503,293,19,30,86,1066,7540.0
39117.0,462,420,7,5,8,15,570,507,13,9,13,19,492,446,6,8,8,16,586,521,14,8,15,19,15658.0
39119.0,2942,1284,61,94,243,1229,3514,1448,69,113,263,1588,3009,1324,61,98,250,1245,3573,1479,72,113,271,1604,33094.0
39121.0,289,164,8,13,36,66,318,157,9,16,33,101,289,163,6,16,33,69,320,156,11,12,40,99,3965.0
39123.0,1867,1691,25,33,44,71,3335,2931,43,76,113,152,1936,1754,24,31,48,75,3430,3014,49,72,120,155,24480.0
39125.0,272,253,0,5,7,7,1016,973,4,5,18,16,272,253,0,5,6,8,1004,963,2,6,17,16,6899.0
39127.0,1125,747,31,47,83,203,1349,821,49,57,128,280,1164,760,42,47,82,219,1383,840,43,68,122,296,13445.0
39129.0,707,601,10,14,42,40,976,812,13,33,55,63,771,650,14,20,42,45,1061,883,17,29,64,68,17522.0
39131.0,1789,188,111,131,365,952,1972,174,101,150,367,1134,1821,187,93,155,366,977,1991,169,92,156,372,1156,12661.0
39133.0,1505,401,160,206,351,382,2154,523,235,257,502,632,1627,427,166,217,401,411,2282,556,231,295,527,668,44487.0
39135.0,732,625,9,12,30,51,964,832,15,16,28,66,774,664,8,13,28,56,1015,879,15,17,30,67,16560.0
39137.0,550,518,10,9,10,2,1134,1076,7,9,25,14,576,543,10,8,11,2,1184,1125,8,6,28,14,13022.0
39139.0,1463,552,116,146,303,340,1949,762,142,192,401,446,1548,584,125,160,325,348,2064,818,155,199,410,475,40277.0
39141.0,3445,2475,62,113,253,451,4372,3155,97,139,286,594,3609,2602,69,120,256,469,4538,3266,112,138,308,613,26645.0
39143.0,1803,1217,54,69,136,324,4019,2650,89,121,244,909,1893,1287,51,75,143,334,4236,2838,84,131,258,919,21887.0
39145.0,6945,3556,214,276,613,2249,8255,3461,235,361,829,3331,7148,3577,210,308,667,2349,8446,3476,218,362,895,3457,27639.0
39147.0,2245,1862,18,45,67,252,3126,2301,45,70,143,566,2314,1914,19,48,68,264,3174,2333,53,71,142,574,19099.0
39149.0,782,575,16,24,52,109,1246,883,27,40,89,199,834,615,24,22,56,111,1289,924,24,41,87,205,17293.0
39151.0,5888,5164,105,135,218,266,8762,7501,156,242,434,429,6364,5576,112,161,240,275,9219,7858,172,253,469,467,134340.0
39153.0,6163,5236,104,132,273,408,9379,7649,175,288,463,789,6665,5664,122,149,283,437,9883,8048,186,308,499,827,183093.0
39155.0,2120,1764,26,34,89,183,3221,2659,42,57,93,334,2273,1900,31,38,90,186,3394,2823,40,57,101,335,74204.0
39157.0,3320,2572,83,134,209,313,4633,3516,107,159,301,539,3455,2675,75,143,223,330,4809,3637,121,160,320,560,31451.0
39159.0,537,506,4,8,8,11,894,823,10,17,23,21,605,571,6,8,6,14,939,866,10,16,25,22,20942.0
39161.0,628,611,5,3,3,4,1206,1158,14,11,14,7,662,645,5,3,3,4,1242,1193,13,13,14,7,11101.0
39163.0,819,389,20,38,89,273,895,400,29,35,97,323,830,395,13,44,90,278,913,400,33,40,92,337,5914.0
39165.0,2794,1624,107,160,322,514,4199,2341,162,219,473,919,3048,1811,113,169,337,547,4480,2528,160,240,501,965,81470.0
39167.0,4855,208,73,107,289,4166,6301,267,74,121,320,5506,4901,216,79,113,272,4209,6343,255,78,120,329,5548,21376.0
39169.0,1408,1199,16,24,60,99,1848,1549,33,37,72,144,1483,1251,26,33,56,107,1920,1616,29,43,68,151,37277.0
39171.0,506,469,5,10,15,5,785,712,7,11,32,20,532,490,8,10,17,5,823,749,4,14,33,20,14634.0
39173.0,2924,2654,26,30,36,171,6298,5809,33,49,96,291,3126,2852,21,33,40,172,6531,6026,40,48,95,301,45690.0
39175.0,252,81,26,43,66,32,424,100,58,85,105,72,286,96,30,49,68,39,453,104,59,90,114,82,8710.0
40001.0,305,132,16,19,42,96,358,158,8,26,56,110,307,132,17,21,40,97,359,159,8,26,57,109,6505.0
40003.0,195,179,6,2,4,4,437,379,12,24,13,9,201,185,6,2,4,4,440,380,14,24,13,9,2218.0
40005.0,149,80,6,12,17,34,174,87,7,10,24,46,144,76,6,11,17,34,173,86,7,12,22,46,5139.0
40007.0,116,98,3,4,0,11,144,111,9,0,8,16,115,97,1,6,1,10,142,111,7,0,9,15,2083.0
40009.0,214,131,16,19,23,25,300,175,21,28,34,41,212,131,14,19,23,25,300,174,24,27,32,42,7583.0
40011.0,255,216,11,18,3,7,400,334,9,16,30,11,257,217,11,18,4,7,403,338,8,16,30,11,4052.0
40013.0,395,287,15,16,35,42,501,339,21,22,45,74,398,290,14,16,36,42,500,336,25,20,42,77,16097.0
40015.0,522,421,23,18,26,29,816,586,44,61,81,39,518,419,20,18,29,28,798,579,44,60,70,40,10359.0
40017.0,1379,1118,47,57,92,64,2390,1872,88,109,181,139,1306,1063,34,63,82,63,2335,1830,90,110,171,133,53814.0
40019.0,271,202,12,14,20,23,411,303,15,22,33,38,264,197,10,15,19,23,399,294,14,23,32,36,18231.0
40021.0,783,381,33,42,99,228,919,462,27,43,106,281,785,381,32,41,103,228,924,464,24,49,105,282,12437.0
40023.0,144,109,4,4,9,18,177,129,8,6,12,22,143,108,4,4,9,18,177,130,7,7,11,22,5718.0
40025.0,504,480,10,6,2,6,640,567,17,10,34,12,504,478,12,6,2,6,640,569,13,13,34,11,1292.0
40027.0,4529,1534,438,635,955,857,6623,2244,648,811,1408,1373,4405,1487,435,608,930,835,6468,2164,622,806,1393,1346,87942.0
40029.0,51,36,1,2,3,9,72,48,1,5,3,15,51,36,2,1,3,9,68,43,3,4,3,15,2422.0
40031.0,490,238,38,43,80,91,2745,1580,173,236,382,374,501,241,39,43,80,98,2871,1627,195,241,412,396,35803.0
40033.0,107,89,4,2,8,2,178,144,6,8,5,13,112,94,4,1,7,4,182,144,8,6,8,14,2764.0
40035.0,100,62,3,4,10,21,130,68,6,8,16,32,100,62,3,4,10,21,129,67,4,8,16,34,5555.0
40037.0,837,590,36,62,53,95,1186,791,55,85,114,140,834,581,40,64,53,95,1189,792,55,83,113,145,26091.0
40039.0,185,137,5,6,15,22,318,244,12,7,21,34,184,141,2,7,12,22,312,238,12,8,21,33,9019.0
40041.0,2246,751,67,99,290,999,2913,793,82,123,351,1515,2273,746,82,97,287,1020,2925,784,89,124,343,1535,19782.0
40043.0,117,94,1,1,11,10,134,101,3,4,10,16,117,94,1,1,11,10,134,102,2,4,10,16,2037.0
40045.0,116,85,4,8,7,12,166,115,5,12,12,22,117,88,5,5,8,11,160,109,5,14,10,22,2037.0
40047.0,797,666,31,28,36,34,1524,1129,63,77,117,134,780,650,33,26,36,33,1488,1096,61,77,117,133,25004.0
40049.0,350,288,6,14,24,18,636,497,32,36,30,41,336,277,5,14,22,18,619,489,34,27,32,37,9178.0
40051.0,879,554,41,56,94,134,1314,877,47,76,120,194,835,518,45,48,95,129,1274,843,54,71,120,186,19628.0
40053.0,97,66,5,2,8,16,141,85,7,10,14,25,97,66,5,2,8,16,139,83,7,12,13,24,1863.0
40055.0,177,163,2,7,1,4,228,204,10,4,6,4,176,162,2,7,1,4,227,204,9,4,6,4,2226.0
40057.0,199,182,4,2,8,3,257,225,9,6,6,11,196,180,3,2,8,3,253,223,8,6,7,9,1342.0
40059.0,339,304,4,7,20,4,470,408,10,7,16,29,336,300,6,6,20,4,450,387,11,7,16,29,1733.0
40061.0,278,219,7,7,16,29,320,175,20,38,41,46,279,217,10,6,17,29,324,176,13,44,43,48,4850.0
40063.0,118,90,1,4,9,14,151,113,2,6,10,20,112,84,2,4,8,14,150,112,4,6,8,20,5077.0
40065.0,388,210,41,43,66,28,572,320,45,71,82,54,373,199,39,43,66,26,559,309,44,73,80,53,9999.0
40067.0,111,72,2,9,19,9,171,109,1,11,15,35,112,72,4,10,18,8,173,111,1,9,19,33,2736.0
40069.0,110,40,3,6,21,40,139,48,4,5,25,57,103,36,1,7,20,39,137,48,5,3,26,55,4217.0
40071.0,396,299,15,21,24,37,703,557,20,29,46,51,397,300,15,21,24,37,706,560,20,29,46,51,17700.0
40073.0,132,112,4,2,8,6,248,210,4,6,16,12,126,108,4,1,7,6,245,207,6,3,17,12,5387.0
40075.0,331,249,17,21,30,14,398,285,13,27,46,27,327,246,17,20,30,14,396,284,13,28,43,28,4197.0
40077.0,157,117,10,6,9,15,188,143,3,9,12,21,154,115,7,8,9,15,186,142,3,9,12,20,3488.0
40079.0,722,550,26,41,42,63,887,658,33,41,64,91,730,553,31,38,44,64,894,662,32,45,64,91,18082.0
40081.0,223,161,13,6,27,16,274,202,10,9,29,24,221,159,15,5,25,17,269,196,12,10,30,21,12099.0
40083.0,327,103,36,43,79,66,458,168,41,54,105,90,324,103,35,42,79,65,451,166,39,54,104,88,17851.0
40085.0,134,96,6,7,11,14,175,115,5,12,22,21,135,97,6,7,12,13,178,117,5,12,23,21,3772.0
40087.0,302,215,13,9,23,42,391,258,14,24,37,58,298,211,14,10,21,42,386,254,14,23,39,56,13690.0
40089.0,705,505,18,26,35,121,885,608,33,41,50,153,708,507,19,25,35,122,886,607,34,40,51,154,11962.0
40091.0,254,176,8,10,30,30,316,228,7,7,29,45,254,176,8,10,29,31,328,239,6,8,24,51,8729.0
40093.0,145,119,5,7,7,7,211,164,10,13,10,14,145,118,7,6,7,7,211,165,11,11,10,14,2584.0
40095.0,148,76,9,17,18,28,179,89,14,12,34,30,146,74,9,18,18,27,174,86,14,11,33,30,7493.0
40097.0,914,375,77,80,151,231,1131,457,72,115,188,299,920,371,78,85,150,236,1136,451,69,113,192,311,14589.0
40101.0,314,174,12,19,23,86,384,207,12,26,36,103,319,179,10,18,22,90,394,205,17,22,38,112,6513.0
40103.0,87,62,5,4,6,10,121,84,6,6,11,14,86,62,5,4,5,10,120,83,6,6,11,14,4310.0
40105.0,159,120,7,9,10,13,200,136,7,20,19,18,160,121,7,9,10,13,203,138,7,21,18,19,3673.0
40107.0,92,75,5,2,3,7,107,84,3,4,8,8,92,75,5,2,3,7,105,82,4,4,7,8,3991.0
40109.0,9882,4798,759,1030,1667,1627,14173,6937,1069,1381,2230,2555,9466,4572,715,994,1620,1564,13894,6804,1060,1354,2194,2481,207633.0
40111.0,804,577,26,34,65,102,1036,706,24,60,93,153,806,576,28,33,66,103,1039,708,24,57,93,157,14272.0
40113.0,1059,460,73,93,172,259,1584,663,85,115,210,509,1062,462,69,97,173,259,1625,695,80,120,209,519,19548.0
40115.0,507,201,31,44,76,155,871,365,50,66,127,263,509,200,31,46,75,157,883,374,48,65,129,267,10597.0
40117.0,167,126,8,12,8,13,222,158,11,13,21,19,168,127,7,13,8,13,224,159,12,13,21,19,5928.0
40119.0,379,241,17,30,42,42,575,372,31,40,65,60,377,239,19,32,39,41,572,368,34,38,66,59,23225.0
40121.0,362,286,9,7,24,36,493,395,12,15,21,50,362,286,9,7,24,36,494,397,11,15,20,51,17608.0
40123.0,327,220,16,20,28,43,470,324,21,22,39,64,319,212,20,18,29,40,467,323,20,21,40,63,13435.0
40125.0,462,366,26,13,25,32,617,470,22,35,45,45,448,359,22,12,23,32,602,459,24,34,40,45,22832.0
40127.0,309,175,10,9,32,83,410,225,11,18,27,129,303,169,9,11,31,83,408,223,11,16,29,129,4782.0
40129.0,68,56,0,1,7,4,113,93,2,3,7,8,68,56,0,1,7,4,112,93,1,3,7,8,1466.0
40131.0,2160,1522,79,102,179,278,2730,1876,99,116,239,400,2168,1523,81,100,180,284,2743,1877,94,119,244,409,31528.0
40133.0,245,194,12,9,20,10,312,224,20,14,32,22,238,189,10,9,20,10,308,222,21,14,29,22,8643.0
40135.0,590,377,25,24,56,108,758,454,29,47,70,158,602,388,25,26,51,112,773,462,28,47,73,163,13567.0
40137.0,502,265,37,56,58,86,769,375,52,88,116,138,498,263,38,58,54,85,753,368,49,88,115,133,16906.0
40139.0,321,289,9,4,9,8,555,497,15,11,17,13,329,299,7,4,9,8,549,493,15,11,15,13,6049.0
40141.0,127,118,0,1,3,5,184,164,6,2,1,11,123,113,0,2,3,5,183,164,5,2,1,11,3637.0
40143.0,18727,9043,1510,1978,3091,3105,28547,11604,2115,2860,4739,7229,18874,9068,1494,2023,3145,3144,29024,11541,2125,2889,4801,7668,202244.0
40145.0,1834,606,154,251,379,419,2184,681,170,268,444,593,1842,605,154,253,377,428,2207,689,169,269,440,611,30547.0
40147.0,1283,481,136,158,260,247,2149,636,194,206,355,756,1326,491,133,171,272,258,2245,668,180,200,370,825,17924.0
40149.0,176,138,7,4,13,13,239,171,8,14,21,24,173,135,7,5,12,13,239,170,10,14,22,22,4699.0
40151.0,170,147,5,5,7,6,253,205,7,12,19,10,167,144,4,6,7,6,251,200,8,14,19,10,3677.0
40153.0,504,390,14,19,40,41,710,528,26,32,47,77,492,379,14,19,41,39,701,519,27,30,48,77,7258.0
41001.0,3610,2903,93,85,177,346,4620,3109,237,262,338,667,3749,2962,104,112,194,370,4695,2764,348,372,443,761,7375.0
41003.0,3773,2230,158,232,375,775,5764,2662,207,350,623,1918,3988,2297,187,247,405,849,5917,2689,218,316,668,2022,26128.0
41005.0,10385,4224,284,483,1115,4263,15409,5797,448,703,1413,7031,11225,4620,368,508,1154,4559,16031,5996,469,716,1418,7415,130739.0
41007.0,3563,1138,104,210,523,1563,4673,1296,143,273,522,2410,3714,1129,123,200,523,1714,4822,1289,142,257,599,2506,18065.0
41009.0,2970,1105,103,155,383,1206,3848,1056,166,199,478,1928,3073,1077,117,167,369,1324,3930,1043,150,220,485,2011,18380.0
41011.0,1369,502,38,61,157,608,1853,711,49,67,171,852,1414,522,34,64,160,631,1886,713,48,79,171,872,23984.0
41013.0,2129,1925,20,30,48,75,2744,1982,97,138,198,289,2180,1956,28,31,51,82,2783,1944,92,155,231,319,10024.0
41015.0,827,257,21,40,100,409,1036,284,23,39,119,571,846,261,22,41,104,418,1064,296,18,39,123,588,9531.0
41017.0,8500,5450,347,518,781,1372,12915,7640,555,835,1419,2419,8778,5601,360,527,828,1430,13259,7771,611,837,1484,2507,77681.0
41019.0,6073,1853,143,236,586,3188,7773,2122,158,210,500,4705,6180,1861,143,212,587,3310,7962,2134,172,262,499,4816,33818.0
41021.0,133,66,3,5,7,52,162,81,2,3,8,68,134,64,3,7,5,55,166,85,1,3,9,68,907.0
41025.0,318,291,4,3,3,16,478,416,13,17,9,22,334,303,8,3,3,16,491,420,16,21,9,24,2512.0
41027.0,477,223,20,28,60,145,589,258,22,38,68,202,491,222,30,29,58,151,600,265,16,38,73,207,7102.0
41029.0,11756,6270,457,573,1105,3347,16789,8953,524,769,1453,5085,12192,6477,455,626,1138,3492,17170,9066,569,793,1480,5257,68532.0
41031.0,156,90,8,5,8,42,199,101,9,12,13,59,159,93,6,6,9,42,203,105,8,12,13,60,2587.0
41033.0,6920,2924,226,279,689,2790,9025,3439,260,414,819,4081,7133,2995,230,314,663,2919,9204,3473,267,397,840,4214,30800.0
41035.0,3269,2178,99,133,245,589,5449,3005,175,204,497,1528,3471,2292,113,141,264,635,5618,3077,172,227,463,1638,26937.0
41037.0,414,329,7,6,8,16,602,360,21,81,37,36,448,354,9,6,6,19,628,364,27,84,43,41,1626.0
41039.0,24497,15947,863,1347,2102,4213,48253,25279,1933,2910,5645,12440,26171,16750,1051,1429,2274,4639,50039,25446,2078,3065,6020,13383,108366.0
41041.0,3212,1007,90,139,283,1689,4210,1227,109,153,333,2384,3359,1063,99,153,294,1746,4346,1210,146,156,376,2454,23743.0
41043.0,6601,4453,256,307,568,994,11350,6801,347,515,1071,2590,7045,4700,279,346,616,1081,11870,7072,356,514,1122,2780,38332.0
41045.0,2067,1221,130,164,274,267,3288,1109,127,193,571,1270,2236,1212,128,202,356,326,3437,1127,96,194,552,1450,8286.0
41047.0,11778,11032,59,100,196,378,17197,13236,254,369,797,2526,12595,11736,77,111,210,448,17732,13395,241,425,882,2774,85757.0
41049.0,361,126,22,16,50,145,466,131,16,18,50,249,368,130,16,17,48,155,472,129,11,21,47,262,1711.0
41051.0,13903,6817,544,795,1432,4314,25686,12819,863,1162,2206,8634,15384,7647,556,885,1624,4671,27032,13604,934,1206,2315,8971,214652.0
41053.0,3131,911,232,245,581,1162,4213,911,202,280,590,2230,3269,907,232,279,623,1228,4378,975,213,279,604,2307,24327.0
41055.0,129,54,4,6,15,49,162,56,5,6,16,77,134,60,2,6,14,51,165,58,4,7,16,78,825.0
41057.0,3624,1262,123,220,486,1519,5025,1514,168,246,550,2533,3761,1303,120,220,482,1622,5175,1534,154,271,572,2630,17129.0
41059.0,4014,1958,225,255,439,1133,6306,2593,268,374,802,2264,4274,2047,208,249,507,1258,6450,2408,354,442,847,2394,21905.0
41061.0,3168,2335,159,192,205,269,4907,2211,311,507,968,889,3543,2515,171,263,278,306,4999,2115,309,501,999,1053,8828.0
41063.0,862,317,36,80,124,303,1120,373,46,46,132,518,901,328,41,57,146,326,1143,378,37,51,140,532,3866.0
41065.0,874,303,25,27,56,454,1131,419,18,34,87,561,901,321,17,34,57,463,1167,436,25,30,75,588,8720.0
41067.0,6147,2718,452,597,1045,1333,10253,4534,689,873,1611,2543,6624,2955,465,645,1110,1447,10913,4800,758,926,1715,2710,164285.0
41069.0,396,215,8,24,33,116,437,180,15,24,60,158,399,213,10,23,33,120,438,176,11,28,60,163,848.0
41071.0,2499,960,85,136,342,976,3330,1258,67,97,176,1732,2628,969,86,101,291,1181,3412,1308,65,94,173,1772,28895.0
42001.0,1923,813,88,168,300,553,2326,944,126,160,365,730,1988,830,99,170,316,572,2413,990,134,163,364,761,34444.0
42003.0,36055,4371,853,1392,3798,25635,44581,4394,916,1574,4239,33452,37668,4505,847,1420,3985,26905,45978,4505,931,1614,4460,34462,421176.0
42005.0,5448,1396,89,140,315,3495,6366,1608,114,181,389,4057,5529,1404,89,141,323,3559,6423,1562,106,180,406,4151,27092.0
42007.0,3627,1267,132,205,462,1557,5129,1322,128,203,462,3010,3716,1286,133,211,457,1625,5326,1428,131,192,503,3068,62205.0
42009.0,4557,1130,170,384,698,2168,5138,1030,187,344,706,2863,4665,1120,181,357,722,2277,5211,1038,171,338,714,2942,20044.0
42011.0,8697,6104,206,301,604,1472,10681,7227,249,331,718,2145,9091,6350,224,315,639,1553,11114,7508,233,351,777,2234,126139.0
42013.0,6420,2805,340,461,1010,1800,7975,3297,417,574,1159,2524,6697,2967,347,449,1044,1886,8140,3343,431,587,1160,2615,42962.0
42015.0,3122,1097,141,207,417,1186,3975,1301,171,219,488,1711,3244,1142,137,209,422,1255,4137,1296,164,241,497,1852,23546.0
42017.0,8236,5802,91,136,297,1908,12789,9019,164,206,470,2927,9078,6459,100,152,321,2044,13769,9658,171,231,464,3242,195399.0
42019.0,3546,1065,161,306,707,1302,4130,1102,185,268,777,1792,3632,1083,176,302,731,1335,4217,1126,176,287,775,1847,65791.0
42021.0,5762,1950,306,417,826,2234,6933,2003,328,471,961,3134,5898,1992,289,429,841,2317,7038,2006,347,476,952,3221,52116.0
42023.0,989,285,44,60,168,408,1202,239,34,78,179,646,1008,286,37,74,166,421,1216,230,38,75,177,670,3227.0
42025.0,2152,552,74,122,268,1130,2525,562,85,138,284,1448,2198,552,82,123,261,1173,2559,565,85,126,295,1479,27390.0
42027.0,5263,1853,268,417,862,1862,6190,2068,278,472,997,2374,5424,1910,270,426,893,1924,6354,2116,291,472,1029,2445,44525.0
42029.0,5078,2175,300,405,765,1432,6100,2520,342,513,978,1746,5393,2299,318,443,804,1528,6353,2612,342,540,1038,1820,152698.0
42031.0,992,242,31,54,123,541,1100,245,37,58,120,639,1017,251,29,57,127,552,1121,247,43,55,120,655,13736.0
42033.0,3273,985,155,250,538,1303,3783,1042,165,201,578,1749,3338,991,153,250,542,1358,3844,1053,151,206,579,1804,28749.0
42035.0,3000,1323,57,104,199,1281,3901,1276,75,104,231,2177,3061,1350,62,87,207,1319,3969,1265,70,104,237,2255,13263.0
42037.0,4698,1291,169,227,543,2441,6001,1229,190,262,575,3709,4952,1262,188,248,550,2675,6238,1212,203,268,573,3945,22779.0
42039.0,2391,1177,129,175,347,531,3103,1323,153,241,435,908,2473,1208,140,189,357,544,3161,1315,160,261,434,946,30322.0
42041.0,6524,1470,397,566,1073,3018,8556,1669,515,718,1332,4322,6774,1499,409,591,1127,3148,8866,1699,504,790,1383,4490,72091.0
42043.0,9345,2271,155,235,515,6168,11473,2834,174,239,541,7684,9619,2262,147,237,560,6412,11887,2987,194,276,521,7908,80702.0
42045.0,6466,4952,162,207,388,756,9381,7026,247,333,588,1186,7460,5800,193,220,425,821,9948,7410,266,351,626,1294,160821.0
42047.0,1556,395,56,102,196,672,1843,441,60,89,243,857,1575,401,55,107,184,690,1876,443,57,109,230,883,17859.0
42049.0,3001,2570,28,57,108,236,4764,4142,56,73,154,334,3193,2743,34,60,106,247,4941,4299,57,80,162,338,72291.0
42051.0,5495,2609,136,158,432,2133,6070,2722,140,207,456,2517,5590,2640,136,177,440,2170,6209,2807,147,206,456,2565,53400.0
42053.0,695,112,15,17,76,463,746,99,7,16,56,554,704,113,11,23,71,474,750,99,5,20,53,559,7503.0
42055.0,4645,2293,280,401,741,928,6026,2817,357,477,889,1484,4898,2395,306,410,777,1008,6278,2898,359,516,919,1584,53516.0
42057.0,87,27,4,8,6,42,96,26,3,7,9,51,88,24,5,8,8,43,98,28,3,5,9,53,716.0
42059.0,708,93,17,19,56,509,757,77,11,30,48,575,709,91,18,19,54,513,761,77,10,32,49,577,6487.0
42061.0,642,267,25,33,64,240,702,265,20,32,69,303,648,262,19,40,62,253,709,263,17,30,73,312,4654.0
42063.0,2862,1091,122,186,473,977,3286,1183,124,201,515,1249,2922,1117,118,184,481,1009,3326,1203,123,196,517,1273,28423.0
42065.0,2528,765,105,186,433,1022,3079,747,77,165,396,1676,2593,776,108,186,414,1092,3119,743,74,188,382,1714,25970.0
42067.0,1605,396,65,80,210,833,1852,430,71,95,240,994,1652,410,64,81,215,861,1904,446,63,110,225,1037,8835.0
42069.0,5278,2169,304,453,817,1391,7266,2104,342,499,1071,3062,5525,2204,338,481,852,1501,7425,2119,347,514,1070,3180,62817.0
42071.0,6200,3998,152,204,328,1518,8257,5183,153,252,421,2248,6654,4338,146,207,338,1625,8671,5403,175,231,456,2406,144310.0
42073.0,1575,350,107,191,291,633,1983,352,142,228,383,875,1629,353,117,191,313,652,2068,359,163,241,398,904,33684.0
42075.0,2257,460,190,265,582,760,2912,615,219,321,614,1143,2374,503,194,280,595,802,2992,619,237,330,615,1191,45332.0
42077.0,4183,2214,228,315,520,904,5844,3003,306,432,698,1403,4462,2366,249,339,539,967,6136,3142,331,455,718,1488,103257.0
42079.0,10552,4606,567,827,1435,3086,21972,3722,505,809,1723,15171,11192,4771,604,876,1571,3339,22504,3781,490,815,1661,15715,107203.0
42081.0,6270,817,364,513,1194,3360,9014,795,331,454,1016,6392,6461,811,347,545,1152,3583,9346,817,308,483,1041,6671,33528.0
42083.0,709,225,31,53,130,261,791,209,41,43,143,344,720,230,31,52,129,269,799,210,39,51,137,351,5265.0
42085.0,1318,612,87,114,215,260,1750,808,103,133,287,383,1380,640,89,114,231,275,1820,828,115,142,291,407,43529.0
42087.0,2877,267,108,197,452,1848,3350,294,119,186,481,2265,2953,278,99,204,462,1905,3464,285,131,206,490,2347,16343.0
42089.0,4018,1764,210,301,588,1144,5398,2167,268,385,789,1778,4157,1795,228,292,625,1206,5552,2190,284,400,814,1853,70818.0
42091.0,8769,6748,177,233,464,1146,11122,8312,188,307,613,1700,9381,7202,166,268,507,1236,11746,8715,212,325,643,1849,252591.0
42093.0,668,211,31,54,106,266,1062,153,20,43,70,776,689,212,29,58,108,282,1098,171,21,31,75,800,5576.0
42095.0,4831,1917,222,284,565,1842,6182,2454,283,368,718,2358,5012,1994,228,291,583,1915,6498,2596,304,393,773,2431,98153.0
42097.0,5393,1711,222,348,804,2217,7331,1761,247,360,895,3951,5640,1753,213,361,837,2384,7645,1693,233,387,950,4257,34645.0
42099.0,3422,735,104,180,402,1996,3874,716,114,163,436,2439,3489,719,109,170,423,2063,3955,699,114,160,451,2525,17241.0
42101.0,33556,19496,2165,2960,4423,4512,56023,29678,3444,4954,8700,9247,37718,21635,2453,3299,4942,5389,63152,31477,3604,5408,10171,12492,427168.0
42103.0,2215,668,88,144,258,1041,2636,687,85,137,272,1438,2282,673,79,129,282,1103,2696,675,95,144,265,1500,41009.0
42105.0,1117,236,52,58,200,569,1196,192,35,49,195,723,1128,232,54,58,201,581,1202,190,34,50,185,741,3981.0
42107.0,8071,2517,376,643,1291,3243,9657,2575,425,634,1519,4503,8305,2565,365,635,1367,3372,9865,2600,429,643,1532,4660,54824.0
42109.0,1933,523,79,96,194,969,2488,483,61,114,257,1477,2012,523,71,127,209,1007,2556,483,68,98,224,1584,12157.0
42111.0,3639,1030,156,227,528,1672,4320,1004,154,228,600,2305,3711,1022,171,231,540,1721,4376,998,149,233,604,2363,28025.0
42113.0,775,484,12,24,62,193,883,497,18,34,74,260,792,489,16,24,63,200,892,496,18,29,76,273,5821.0
42115.0,413,149,11,33,55,154,489,165,25,27,70,189,425,155,14,31,57,157,498,165,23,38,67,192,4022.0
42117.0,4018,1459,159,226,567,1600,4691,1219,153,239,501,2572,4067,1464,157,228,567,1644,4741,1224,163,226,500,2621,17811.0
42119.0,339,167,13,12,28,119,357,142,8,11,31,165,342,164,10,16,31,121,362,143,9,11,29,170,756.0
42121.0,3296,858,60,85,221,2058,3845,823,61,88,208,2649,3364,865,49,90,213,2133,3921,826,62,83,228,2706,22968.0
42123.0,2314,536,76,121,265,1309,2593,545,78,110,285,1568,2346,551,59,125,259,1345,2620,544,76,115,278,1600,11355.0
42125.0,7874,3093,206,313,672,3580,8691,3254,233,311,737,4145,8008,3153,194,318,696,3637,8823,3286,243,334,742,4207,80298.0
42127.0,1837,1254,21,51,89,403,2360,1458,31,46,101,701,1891,1271,27,49,98,427,2407,1467,27,41,111,737,30015.0
42129.0,11703,2835,504,847,1896,5506,13851,2967,519,877,2035,7328,12022,2845,519,851,1939,5753,14199,2984,518,911,2045,7615,139496.0
42131.0,1481,407,44,69,174,768,1758,402,60,90,186,999,1533,409,55,69,182,798,1795,384,70,95,191,1033,10876.0
42133.0,7179,4118,148,241,540,2128,8839,4802,174,271,607,2980,7507,4298,160,241,569,2234,9149,4999,170,273,620,3082,136396.0
44001.0,809,587,11,31,48,132,1115,801,23,33,67,191,976,682,16,33,69,176,1470,1038,29,55,89,259,13800.0
44003.0,2257,1898,39,62,113,145,3389,2709,91,97,192,300,2550,2117,56,76,137,164,3719,2869,97,152,245,356,44783.0
44005.0,886,260,71,104,187,263,1355,325,102,133,260,534,1054,278,70,100,214,391,1542,353,107,133,257,691,24887.0
44007.0,4926,3944,114,127,309,430,8390,6648,208,257,434,840,5417,4329,118,153,314,501,8867,7015,217,256,479,897,109348.0
44009.0,3520,2621,97,177,344,281,5110,3377,130,192,478,933,4065,2831,104,167,422,541,5701,3503,139,225,456,1378,43714.0
45001.0,78,17,5,9,15,31,117,18,7,14,25,49,85,21,5,10,16,32,129,20,6,15,24,60,4200.0
45003.0,4282,732,369,560,1110,1472,5240,819,457,669,1323,1926,4532,765,386,599,1149,1592,5454,851,479,673,1368,2035,78140.0
45005.0,306,93,47,72,76,15,449,105,57,98,143,43,344,92,55,80,96,18,493,117,57,91,167,58,3265.0
45007.0,2092,436,218,277,519,631,2729,527,264,375,626,924,2231,459,237,302,541,681,2917,536,320,375,700,973,74195.0
45009.0,58,24,9,6,11,7,71,16,13,12,17,11,63,25,9,3,17,8,79,19,15,12,16,14,1232.0
45011.0,184,60,27,28,46,10,262,77,27,53,62,22,195,55,29,35,52,10,278,71,36,54,70,25,5224.0
45013.0,28732,4437,1361,2020,4186,16716,34869,3391,1229,1607,3512,25116,31881,3699,1263,1744,3473,21688,38482,3351,1121,1642,3485,28868,70377.0
45015.0,4500,1894,532,632,769,672,6506,2437,719,764,1090,1495,5908,2183,629,714,862,1519,7848,2537,785,811,1251,2463,71463.0
45017.0,243,72,27,50,52,30,312,92,34,61,55,53,257,76,29,54,52,33,319,86,39,61,59,57,4639.0
45019.0,44636,7484,2499,3405,7464,23770,57092,7725,2413,3250,6781,36906,54828,7546,2203,3049,6461,35552,68833,7489,2153,2892,6674,49607,127269.0
45021.0,296,47,22,35,73,112,366,52,33,49,93,131,318,46,28,41,77,119,386,60,38,49,95,136,17500.0
45023.0,33,5,2,3,10,13,35,3,1,4,12,15,34,5,1,4,11,13,37,4,1,4,13,15,1036.0
45025.0,124,32,12,25,40,14,153,36,16,19,50,31,131,35,11,23,46,15,161,38,17,20,50,35,6341.0
45027.0,397,388,2,1,2,4,612,584,4,6,8,10,447,435,4,1,3,4,682,649,6,6,11,10,5464.0
45029.0,3209,404,94,125,704,1878,3531,486,120,138,213,2569,3309,437,86,121,183,2477,3658,501,139,143,231,2638,17704.0
45031.0,2403,771,399,418,506,284,3364,926,459,619,801,522,2603,812,414,486,534,330,3540,942,484,634,880,561,24817.0
45033.0,63,27,12,6,9,3,89,28,20,12,16,5,68,25,14,8,10,4,93,26,21,14,16,6,3437.0
45035.0,3786,2817,138,164,354,303,5226,3702,191,252,473,596,4234,3086,164,203,362,408,5814,4069,207,295,529,702,50712.0
45037.0,253,171,9,16,20,31,310,201,14,17,30,41,269,176,13,18,22,34,319,208,12,17,33,42,8027.0
45039.0,739,258,18,37,67,358,1004,184,9,14,52,743,784,237,13,34,75,424,1025,190,7,19,43,764,9188.0
45041.0,3286,3163,22,17,31,26,4873,4614,40,44,56,84,3633,3491,26,26,34,28,5247,4948,44,50,63,103,43027.0
45043.0,8278,4860,78,127,351,2846,10125,5991,91,174,426,3425,9013,5127,106,128,350,3284,10969,6067,156,198,545,3985,24615.0
45045.0,9942,6267,337,403,949,1948,12192,7428,399,585,1131,2605,10602,6644,351,479,993,2095,12675,7698,387,629,1178,2738,174637.0
45047.0,424,97,29,51,122,121,578,110,36,73,149,204,464,101,27,63,131,136,610,109,44,69,157,225,16445.0
45049.0,346,145,76,67,45,6,494,203,79,104,81,16,392,163,77,78,57,8,544,216,85,116,92,22,7347.0
45051.0,19190,14671,227,317,1075,2884,29065,22712,307,425,1004,4594,21618,15939,213,333,968,4147,32901,25102,329,485,1060,5897,117453.0
45053.0,1006,375,93,113,68,355,1456,579,116,136,129,494,1159,399,100,128,108,422,1752,590,173,178,178,631,9585.0
45055.0,1270,311,124,157,207,471,1787,371,181,213,292,730,1392,335,143,166,229,519,1894,376,194,225,332,767,26148.0
45057.0,957,357,68,92,177,263,1274,399,75,103,230,467,1009,364,77,87,199,282,1347,409,88,99,249,502,38094.0
45059.0,673,107,36,59,108,188,888,126,34,72,120,309,701,105,43,58,119,197,941,136,37,72,124,334,20308.0
45061.0,117,47,21,19,19,7,169,56,30,32,35,10,122,48,18,25,19,8,189,63,28,41,39,11,2486.0
45063.0,4284,3907,57,69,105,131,6609,5923,77,95,186,311,4695,4269,51,75,130,154,7235,6470,86,114,202,345,105717.0
45065.0,7,0,0,3,4,0,8,0,1,2,5,0,7,0,0,2,5,0,8,0,1,2,5,0,392.0
45067.0,377,160,66,66,56,25,516,170,95,104,100,41,406,154,81,67,71,28,547,183,87,112,105,53,5525.0
45069.0,422,153,56,70,70,42,556,156,88,101,99,70,433,147,58,75,73,48,580,157,93,101,110,75,6159.0
45071.0,741,603,13,29,44,48,1383,1001,34,56,127,159,857,686,28,34,50,55,1455,1016,35,69,132,197,16823.0
45073.0,1445,909,44,61,114,314,1789,1123,45,80,138,399,1515,946,44,67,121,334,1849,1166,37,84,148,410,38543.0
45075.0,2042,1901,15,10,18,22,2794,2552,19,31,45,48,2236,2072,19,14,23,24,3028,2758,22,30,51,58,33741.0
45077.0,1864,1158,48,74,141,443,2279,1389,65,95,175,555,1989,1238,53,75,164,459,2385,1448,87,89,178,583,42275.0
45079.0,3830,3516,66,81,90,74,5097,4613,87,101,167,126,4187,3835,71,85,110,83,5416,4869,97,116,189,142,142515.0
45081.0,618,171,52,72,152,171,918,136,53,73,161,495,659,178,51,71,159,200,955,142,38,70,166,539,8545.0
45083.0,4719,2482,206,327,647,1055,5852,2956,244,397,734,1517,4982,2604,224,338,671,1143,6098,3084,248,399,783,1579,115590.0
45085.0,3769,1895,425,476,456,185,5181,2443,485,606,808,413,4069,2030,436,497,543,206,5517,2565,518,626,877,475,48144.0
45087.0,267,24,16,24,53,146,299,22,15,28,65,164,273,21,17,24,58,148,307,21,15,26,65,175,14084.0
45089.0,128,54,17,27,13,9,183,75,24,29,29,16,145,64,19,28,15,10,195,77,25,27,35,18,11266.0
45091.0,3439,476,231,287,570,1873,4398,568,242,358,690,2538,3670,508,217,310,588,2045,4656,597,240,383,732,2702,91871.0
46003.0,50,44,0,1,1,0,87,76,0,0,3,1,50,44,0,1,1,0,87,76,0,0,3,1,1248.0
46005.0,138,118,0,2,5,3,344,301,5,3,6,5,136,116,1,1,5,3,341,299,5,3,6,5,7310.0
46007.0,32,17,2,2,1,9,46,28,1,1,5,9,32,17,2,2,1,9,47,29,1,2,4,9,764.0
46009.0,90,72,2,2,9,3,130,82,13,9,13,10,90,72,2,2,9,3,130,81,13,10,13,10,2196.0
46011.0,224,177,4,8,16,18,376,315,11,7,19,23,231,183,4,9,16,18,383,321,12,7,19,23,9833.0
46013.0,424,393,10,10,4,6,959,887,22,20,19,10,444,411,10,12,4,6,995,920,24,20,20,10,12845.0
46015.0,69,57,4,1,2,5,92,69,3,4,6,10,69,57,4,1,2,5,92,69,3,4,6,10,1649.0
46017.0,6,4,1,0,1,0,6,4,0,0,2,0,6,5,0,0,1,0,6,4,0,0,2,0,108.0
46019.0,134,79,3,7,17,23,232,89,7,17,30,77,137,82,2,8,14,26,241,90,5,15,30,88,2447.0
46021.0,25,20,2,0,0,1,79,57,2,8,7,3,25,20,2,0,0,1,81,58,3,7,8,3,591.0
46023.0,79,72,1,0,1,4,102,89,2,2,2,5,79,72,1,0,1,4,101,89,1,2,2,5,2751.0
46025.0,43,29,0,3,4,6,55,40,0,1,7,6,44,30,0,3,4,6,57,42,0,1,7,6,1458.0
46027.0,193,137,6,7,18,25,271,184,6,9,27,45,192,137,5,6,17,27,276,188,6,11,26,45,3921.0
46029.0,324,268,22,5,8,6,538,425,21,34,24,10,329,273,22,5,8,6,546,429,23,35,24,10,7159.0
46031.0,36,26,0,3,4,3,53,38,1,1,6,7,37,27,0,2,5,3,55,40,0,2,5,8,740.0
46033.0,692,269,18,44,82,277,855,311,28,40,106,366,697,268,21,44,84,278,858,308,28,44,99,375,4419.0
46035.0,202,146,2,13,14,27,300,226,5,10,21,38,200,144,2,12,15,27,298,224,5,8,23,38,5580.0
46037.0,58,45,2,3,2,0,104,79,4,4,2,2,58,45,2,3,1,1,104,79,4,4,2,2,2005.0
46039.0,60,36,1,2,6,13,90,60,1,3,4,18,60,36,1,2,5,14,90,60,1,3,4,18,1729.0
46043.0,34,28,1,2,2,1,58,46,2,4,2,3,36,30,1,2,2,1,58,46,2,4,2,3,958.0
46045.0,46,34,0,2,5,4,68,52,3,2,3,7,46,34,0,2,5,4,69,53,2,2,4,7,1473.0
46047.0,342,138,14,16,31,126,454,142,16,32,42,201,348,141,14,20,31,124,458,143,17,25,51,201,3952.0
46049.0,13,7,2,0,2,0,24,18,0,1,2,1,14,8,2,0,2,0,25,19,0,1,2,1,1095.0
46051.0,138,111,3,7,7,8,299,246,6,16,13,14,141,114,3,6,7,9,302,248,6,16,13,15,2522.0
46053.0,99,60,4,9,10,12,133,80,6,5,17,18,97,58,4,9,10,12,133,80,6,5,17,18,1953.0
46055.0,75,37,4,5,7,19,108,56,2,6,11,30,77,39,4,5,6,20,112,59,2,7,11,30,925.0
46057.0,180,99,7,8,20,39,255,140,8,10,21,67,180,101,5,8,20,39,256,140,9,9,22,67,2136.0
46061.0,18,16,1,1,0,0,26,23,1,1,1,0,18,16,1,1,0,0,26,23,1,1,1,0,1171.0
46063.0,86,54,2,9,7,13,104,62,1,5,15,20,87,54,3,8,8,13,104,61,2,5,14,21,861.0
46065.0,376,208,11,27,45,80,643,244,20,29,98,245,392,213,15,26,46,87,652,241,18,25,86,275,5454.0
46067.0,94,73,2,4,11,3,165,134,4,6,7,10,93,71,3,4,11,3,169,138,4,6,7,10,2527.0
46069.0,16,14,0,1,0,0,20,16,2,0,0,1,15,14,0,1,0,0,20,16,2,0,0,1,264.0
46071.0,82,54,2,2,7,17,103,63,4,3,10,23,82,54,3,1,7,17,102,63,3,4,9,23,752.0
46073.0,21,15,1,2,3,0,31,22,1,1,6,1,21,15,1,2,3,0,31,22,1,1,6,1,876.0
46075.0,12,6,1,1,1,3,16,8,1,2,1,4,12,6,1,1,1,3,16,9,0,2,1,4,311.0
46077.0,73,60,0,6,2,0,110,90,2,4,6,0,73,60,0,6,2,0,110,90,2,4,6,0,2787.0
46079.0,176,114,6,12,8,6,268,179,7,12,20,10,177,115,4,14,8,6,273,182,8,12,20,10,4199.0
46081.0,2212,831,70,91,188,1014,3075,1170,129,164,274,1318,2278,877,77,95,187,1024,3112,1146,144,165,294,1343,11638.0
46083.0,352,256,11,26,33,22,549,401,15,34,52,40,344,248,11,28,31,22,533,385,17,32,51,41,20280.0
46085.0,9,4,0,0,1,3,13,4,3,0,1,4,9,4,0,0,1,3,13,4,3,0,1,4,215.0
46087.0,99,83,1,4,5,3,127,102,6,4,7,4,99,83,1,4,5,3,127,102,6,4,7,4,2262.0
46089.0,27,25,0,0,1,1,30,25,1,0,1,3,27,25,0,0,1,1,30,23,3,0,1,3,688.0
46091.0,35,31,0,0,0,1,53,47,2,0,0,1,35,31,0,0,0,1,54,48,2,0,0,1,1831.0
46093.0,1340,647,48,94,177,353,1729,733,56,86,166,663,1356,655,49,90,179,361,1733,731,56,84,175,662,8770.0
46095.0,59,39,1,3,7,7,74,47,2,3,6,14,58,38,1,3,7,7,74,47,2,3,8,12,505.0
46097.0,11,7,0,0,2,0,20,14,0,0,2,1,11,7,0,0,2,0,20,14,0,0,2,1,1069.0
46099.0,1224,937,48,64,104,60,2130,1598,84,110,183,140,1203,921,46,65,100,60,2113,1591,78,112,179,138,52020.0
46101.0,41,35,0,2,4,0,70,60,2,1,4,2,41,35,0,2,4,0,70,60,2,1,4,2,1893.0
46103.0,4646,3059,82,155,327,1023,6066,3901,127,209,448,1381,4708,3104,80,156,328,1040,6137,3948,127,214,445,1403,32643.0
46105.0,125,80,6,4,16,19,179,117,9,2,15,35,128,81,8,4,16,19,183,118,8,6,15,35,1548.0
46109.0,15,11,1,1,0,1,20,14,0,1,3,1,15,11,1,1,0,1,20,14,0,1,3,1,2222.0
46111.0,17,12,1,1,0,0,34,28,1,0,1,0,15,11,1,1,0,0,33,26,2,0,1,0,1129.0
46115.0,38,34,0,2,0,2,77,68,2,3,2,2,38,34,0,2,0,2,77,68,2,3,2,2,2599.0
46121.0,42,26,2,4,5,5,52,30,0,5,9,8,41,25,2,4,5,5,52,30,0,6,8,8,403.0
46123.0,219,156,6,10,19,17,269,180,6,20,20,30,219,155,6,11,19,17,268,179,7,21,18,30,2692.0
46125.0,109,99,1,4,2,3,187,166,6,4,5,5,110,100,1,4,2,3,184,163,6,4,5,5,3614.0
46127.0,1539,431,35,81,267,717,1828,413,24,39,96,1247,1543,409,38,79,263,746,1828,401,23,43,93,1259,5857.0
46129.0,107,97,1,2,2,5,165,145,3,5,6,6,107,97,1,2,2,5,167,147,3,4,7,6,2481.0
46135.0,156,111,3,3,7,24,547,183,7,13,26,294,156,111,3,3,7,24,551,184,9,12,25,297,6309.0
47001.0,3720,795,173,224,517,2011,4362,883,164,274,615,2426,3791,797,173,238,532,2051,4483,910,168,283,644,2478,27010.0
47003.0,1273,600,92,127,199,255,1569,700,100,144,265,360,1311,605,101,126,210,269,1608,721,93,148,272,374,16356.0
47005.0,792,238,39,50,133,332,981,235,37,55,127,527,810,248,34,52,129,347,993,234,40,53,124,542,7653.0
47007.0,416,184,36,32,66,98,492,214,35,46,72,125,430,191,36,33,70,100,503,217,35,46,75,130,5155.0
47009.0,4867,1157,203,311,671,2524,6420,1445,235,396,801,3542,5032,1211,206,329,675,2610,6498,1464,232,399,806,3596,48108.0
47011.0,2616,1145,153,254,447,617,3287,1331,229,281,572,874,2715,1181,166,244,468,656,3410,1380,242,287,590,911,33734.0
47013.0,2317,490,89,154,347,1236,2724,547,104,159,398,1515,2379,493,97,155,359,1274,2782,557,110,159,405,1550,16047.0
47015.0,834,255,46,65,122,346,926,259,44,70,125,428,846,262,45,62,120,357,935,259,41,66,129,440,5634.0
47017.0,393,212,39,39,55,48,466,242,35,50,79,60,403,217,38,44,57,47,480,249,39,48,84,60,11124.0
47019.0,5821,1291,243,372,894,3020,6669,1335,219,362,927,3825,5976,1320,231,389,917,3118,6762,1328,208,360,923,3942,21422.0
47021.0,1252,355,53,72,151,618,1538,440,56,70,180,789,1281,371,52,75,152,628,1574,439,68,76,185,803,15295.0
47023.0,169,108,10,10,24,17,203,120,17,12,33,21,177,113,12,8,26,18,212,125,18,14,34,21,5783.0
47025.0,1618,365,51,88,205,909,1841,396,52,99,227,1067,1671,387,40,94,217,933,1888,410,52,106,227,1093,12149.0
47027.0,661,81,21,19,65,475,742,70,15,18,52,587,666,84,16,23,61,482,749,73,14,14,54,594,3580.0
47029.0,2645,566,94,124,308,1552,2911,544,67,132,314,1853,2687,566,98,120,313,1589,2985,554,75,140,305,1910,12838.0
47031.0,1178,667,73,88,152,198,1542,850,105,116,194,276,1249,708,72,97,155,217,1617,880,115,125,199,297,20032.0
47033.0,162,126,8,9,12,7,200,153,10,11,18,8,169,132,7,8,15,7,203,153,12,11,19,8,5674.0
47035.0,997,386,73,87,181,270,1220,467,87,97,210,359,1034,398,75,93,183,285,1261,482,77,114,211,377,26320.0
47037.0,18279,11230,529,813,1612,4085,24438,13982,714,981,2022,6729,19001,11705,559,819,1666,4242,25006,14292,763,1018,2085,6838,198472.0
47039.0,871,139,25,27,77,602,955,125,17,25,67,720,878,140,20,29,79,609,962,126,17,23,71,724,5973.0
47041.0,601,215,19,32,95,240,734,235,34,45,99,321,623,215,30,34,100,244,749,241,36,42,100,330,8614.0
47043.0,1248,467,52,96,197,436,1392,491,69,106,231,495,1286,471,58,100,213,444,1415,492,75,103,233,512,17292.0
47045.0,643,397,51,53,89,53,889,507,66,80,128,108,662,406,52,60,90,54,912,524,57,84,129,118,13496.0
47047.0,608,417,39,42,69,41,742,489,59,61,84,49,629,433,41,43,71,41,764,499,60,60,92,53,16673.0
47049.0,282,114,13,26,46,83,332,138,9,28,55,102,289,117,14,26,46,86,343,138,15,27,55,108,8023.0
47051.0,1332,642,82,107,175,326,1642,697,104,133,240,468,1381,658,89,114,185,335,1695,723,93,142,246,491,17135.0
47053.0,672,422,58,68,75,49,895,547,76,91,110,71,707,446,61,67,84,49,912,557,73,95,109,78,19161.0
47055.0,1947,662,106,132,342,705,2177,728,117,154,355,823,1978,667,111,140,339,721,2208,733,122,150,365,838,11981.0
47057.0,1180,294,48,77,161,600,1424,355,60,90,189,730,1221,309,51,75,165,621,1465,375,56,97,195,742,9583.0
47059.0,2692,899,173,214,474,932,3126,1000,161,238,544,1183,2773,925,149,241,483,975,3209,1021,153,252,558,1225,26965.0
47061.0,365,173,19,30,61,82,428,194,14,30,76,114,380,177,23,31,59,90,432,189,16,32,73,122,5928.0
47063.0,1378,393,78,153,303,451,1698,455,86,179,386,592,1479,425,80,158,334,482,1771,470,85,177,415,624,21127.0
47065.0,24029,5657,868,1312,2682,13458,31950,5910,905,1437,3136,20501,24669,5677,920,1311,2829,13880,32445,5883,942,1436,3225,20898,116965.0
47067.0,875,216,23,28,87,521,972,197,33,37,88,617,890,218,22,32,86,532,987,194,34,43,84,632,3069.0
47069.0,387,195,20,32,62,78,461,211,29,37,77,107,393,197,24,26,68,78,465,207,34,36,79,109,9234.0
47071.0,1391,347,49,50,106,839,1627,373,51,64,126,1013,1413,356,48,64,99,846,1642,377,38,72,132,1023,12469.0
47073.0,2559,672,93,202,400,1192,3079,730,116,219,469,1545,2669,687,108,203,426,1245,3152,724,130,222,471,1605,21448.0
47075.0,326,229,17,34,26,20,419,270,22,31,54,42,335,236,17,34,26,22,425,272,21,31,55,46,6362.0
47077.0,461,202,28,47,80,104,521,211,28,58,95,129,472,204,32,48,80,108,536,218,22,66,93,137,10585.0
47079.0,1126,360,51,80,194,440,1476,360,65,83,172,795,1150,371,55,76,200,447,1491,360,64,84,183,799,14096.0
47081.0,1051,289,55,68,155,484,1181,284,43,80,181,593,1070,296,49,75,143,507,1207,296,41,84,183,603,8893.0
47083.0,601,177,24,31,87,282,644,149,25,32,78,360,609,180,29,27,85,288,657,152,25,34,77,369,3522.0
47085.0,1433,464,60,88,244,577,1703,485,55,127,255,781,1458,460,61,101,241,595,1727,479,58,118,271,801,7551.0
47087.0,1132,192,22,46,105,767,1249,164,21,39,109,916,1140,190,25,43,107,775,1260,170,20,40,107,923,5082.0
47089.0,1587,550,73,111,254,599,2144,685,101,145,332,881,1667,569,81,125,266,626,2211,690,109,161,339,912,20746.0
47091.0,2699,497,90,154,336,1621,2876,470,79,141,363,1822,2751,500,85,161,346,1658,2910,465,75,130,377,1862,7277.0
47093.0,13940,7978,292,450,870,4329,18172,9698,392,550,1100,6407,14402,8259,315,448,921,4438,18539,9903,387,574,1143,6507,164349.0
47095.0,34,32,0,0,1,1,52,49,1,0,1,1,35,33,0,0,1,1,54,50,2,0,1,1,1809.0
47097.0,588,295,45,40,68,140,690,332,31,58,86,183,600,301,36,52,64,147,696,320,39,58,86,193,8087.0
47099.0,1187,466,61,82,169,409,1364,530,63,106,177,488,1210,473,55,94,174,414,1395,545,59,112,179,500,15776.0
47101.0,460,131,16,23,52,238,519,140,25,26,58,270,472,138,17,25,51,241,530,141,29,25,61,274,4875.0
47103.0,1451,627,99,123,230,372,1688,711,95,155,261,466,1469,628,101,118,240,382,1710,723,90,160,256,481,13341.0
47105.0,3221,577,104,157,358,2025,4602,741,119,200,457,3085,3280,590,104,154,378,2054,4640,749,122,205,461,3103,22609.0
47107.0,1609,535,85,139,287,562,1929,613,97,169,343,706,1659,557,87,138,304,572,1960,621,101,173,348,716,19505.0
47109.0,432,224,26,39,80,63,502,242,37,37,88,98,440,227,30,37,80,66,507,244,32,43,90,98,10698.0
47111.0,692,189,37,55,71,339,788,225,22,52,101,387,720,192,39,60,77,351,803,232,19,53,101,397,8683.0
47113.0,960,579,57,85,124,115,1321,790,83,116,178,154,997,594,68,88,129,118,1350,805,85,117,187,156,33728.0
47115.0,2535,1038,167,228,324,778,3113,1034,188,273,454,1162,2603,1046,179,224,361,792,3181,1023,202,284,456,1214,11459.0
47117.0,1396,627,67,107,210,385,1705,717,97,113,259,519,1430,639,75,110,211,395,1762,744,107,115,264,532,12607.0
47119.0,3516,1471,258,336,604,847,4079,1569,288,366,683,1173,3570,1461,276,323,626,884,4134,1580,287,363,714,1190,34946.0
47121.0,1081,214,35,57,118,657,1364,211,30,55,119,949,1094,219,33,54,121,667,1377,216,29,59,114,959,4955.0
47123.0,2231,479,103,162,299,1188,2664,579,104,153,347,1481,2254,481,108,155,310,1200,2684,583,103,156,346,1496,17903.0
47125.0,3972,1589,231,319,653,1180,5388,2064,278,451,857,1738,4286,1751,232,345,687,1271,5670,2170,302,455,888,1855,61974.0
47127.0,456,128,19,16,63,230,490,126,18,27,67,252,458,127,19,17,64,231,500,130,20,30,63,257,2736.0
47129.0,731,201,25,38,131,336,816,199,37,42,121,417,748,211,32,35,129,341,822,196,38,48,117,423,7693.0
47131.0,555,324,32,39,79,80,707,398,40,50,94,124,562,327,29,42,81,82,724,409,35,56,94,129,11897.0
47133.0,484,166,19,38,78,183,573,186,21,50,89,227,501,169,21,39,83,189,596,193,27,43,91,242,8934.0
47135.0,1326,356,41,71,141,717,1503,349,42,68,147,897,1345,360,46,65,147,727,1513,346,45,68,136,918,3840.0
47137.0,143,26,6,10,20,81,174,42,6,12,23,91,149,26,5,10,22,86,182,41,7,12,23,99,2951.0
47139.0,1038,235,35,43,149,576,1157,234,36,58,138,691,1052,239,32,47,148,586,1188,242,42,57,141,706,7396.0
47141.0,1342,491,79,137,212,423,1722,586,117,142,282,595,1419,504,96,142,227,450,1775,600,116,153,290,616,25197.0
47143.0,2941,716,86,129,314,1695,3544,830,113,140,308,2152,2977,714,90,130,332,1710,3578,827,113,152,307,2178,11839.0
47145.0,4783,720,128,201,411,3323,5744,747,148,215,461,4173,4827,736,126,196,420,3349,5789,751,150,215,472,4201,21576.0
47147.0,1400,650,74,135,214,327,1674,752,90,149,250,433,1456,671,85,132,230,338,1716,758,90,163,262,443,25108.0
47149.0,6069,4563,221,283,550,451,9195,6251,329,438,822,1354,6458,4820,246,310,565,516,9628,6549,363,453,851,1411,89702.0
47151.0,847,268,37,64,112,366,970,290,44,67,116,453,872,276,41,61,110,384,979,289,43,66,120,461,7856.0
47153.0,722,374,43,65,82,158,875,448,43,74,108,202,736,375,43,62,86,170,902,465,40,76,114,207,5959.0
47155.0,5142,900,181,265,583,3210,6010,889,197,261,650,4010,5261,909,191,261,605,3292,6133,907,197,271,656,4099,40052.0
47157.0,13069,12114,126,132,262,434,27554,21937,351,549,1030,3685,15359,14126,152,202,350,528,30664,23443,401,581,1199,5038,279706.0
47159.0,2350,669,69,113,252,1246,2780,659,68,117,278,1657,2369,670,75,118,249,1256,2802,662,74,118,273,1674,7666.0
47161.0,875,282,23,56,141,373,1042,293,28,49,140,532,888,280,26,54,147,381,1048,290,31,43,146,538,5773.0
47163.0,6132,1385,279,386,1012,3069,7527,1463,341,505,1167,4050,6402,1417,299,426,1051,3208,7732,1506,330,536,1186,4173,56574.0
47165.0,6761,2172,294,401,856,3034,8097,2397,350,509,960,3877,6901,2215,308,425,874,3075,8212,2438,350,523,974,3923,61687.0
47167.0,1061,581,69,94,154,163,1258,642,87,127,182,220,1073,584,73,92,155,169,1300,651,90,143,187,229,19828.0
47169.0,602,142,22,24,70,344,756,152,19,25,71,489,610,146,20,22,74,348,765,155,22,26,72,490,3348.0
47171.0,2319,653,117,152,320,1077,2590,708,136,178,321,1247,2363,649,123,166,320,1105,2658,716,138,191,335,1278,6936.0
47173.0,1024,249,32,69,176,498,1228,294,41,68,210,615,1044,250,36,67,179,512,1244,299,41,74,203,627,7488.0
47175.0,217,66,3,17,23,108,263,61,6,13,28,155,222,67,3,18,25,109,265,62,7,12,28,156,3051.0
47177.0,897,425,66,59,132,214,1133,487,74,95,149,327,916,431,63,67,132,222,1161,484,89,98,151,338,14805.0
47179.0,3773,1061,205,377,729,1400,4559,1193,227,391,903,1844,3888,1074,205,377,772,1459,4733,1241,240,389,937,1925,43389.0
47181.0,1226,332,40,87,172,595,1407,345,54,81,195,732,1252,336,44,80,183,609,1435,350,51,89,206,739,6291.0
47183.0,469,290,36,36,64,43,580,328,54,59,83,56,475,290,39,37,64,45,584,329,55,58,85,57,11652.0
47185.0,616,213,28,51,97,227,772,222,38,55,133,324,643,207,31,47,120,238,794,231,43,50,133,337,10413.0
47187.0,5431,4536,108,118,269,395,6905,5644,141,160,380,575,5662,4722,105,139,281,410,7116,5807,149,171,384,600,80848.0
47189.0,4704,1705,269,313,533,1884,5745,1928,298,366,663,2490,4797,1755,260,325,544,1913,5890,1997,293,382,691,2527,48211.0
48005.0,790,469,75,92,114,39,1170,594,100,148,232,94,853,486,92,101,126,47,1229,620,111,148,236,112,29651.0
48007.0,5261,518,172,266,737,3537,6705,482,130,254,652,5141,5883,413,138,224,646,4424,7415,415,163,265,597,5926,13614.0
48009.0,43,25,3,4,6,5,100,38,10,9,21,22,44,26,3,4,6,5,101,39,11,7,23,21,2540.0
48013.0,973,321,113,132,222,177,1630,512,180,172,345,403,1017,348,102,133,229,196,1687,502,205,191,344,427,14411.0
48015.0,491,272,45,42,54,78,790,308,94,125,105,158,541,290,68,41,61,81,835,325,103,135,106,166,10496.0
48019.0,973,375,16,31,78,467,1167,426,11,40,67,616,982,377,14,35,79,471,1181,425,19,35,70,625,10119.0
48021.0,1655,1157,37,65,98,285,2553,1692,55,84,148,561,1704,1194,39,66,100,292,2635,1745,53,82,157,585,32563.0
48025.0,469,207,60,54,59,86,818,226,91,127,141,230,504,205,70,67,63,96,859,224,93,125,160,254,6842.0
48027.0,1614,784,180,194,266,188,2766,1309,290,354,464,345,1705,829,202,205,267,200,2859,1343,314,349,489,360,98942.0
48029.0,43079,24202,4725,5123,5825,3152,67009,32833,6687,7891,10475,9058,45285,25177,4978,5420,6213,3443,69235,33631,6793,8080,10799,9865,530158.0
48031.0,267,36,24,31,44,131,320,43,9,26,59,182,268,33,22,30,49,133,324,47,9,23,60,184,3761.0
48035.0,345,96,45,48,50,104,440,117,41,67,78,135,351,97,48,48,51,105,458,129,41,68,78,140,6727.0
48037.0,1089,342,151,203,245,148,1596,473,208,265,382,268,1119,355,149,210,253,152,1625,484,205,270,384,282,27992.0
48039.0,26507,11465,2185,2447,3178,7225,52876,16960,3543,4279,7401,20680,36918,11671,2296,2687,4040,16216,54852,16487,3490,4250,7269,23343,113950.0
48041.0,1936,633,246,304,432,312,2669,855,263,416,622,503,2047,673,251,331,451,331,2768,871,282,428,634,542,52745.0
48047.0,1721,540,112,302,552,214,1882,403,136,183,643,516,1734,541,111,286,569,226,1892,399,135,188,633,536,2340.0
48049.0,1539,364,130,206,314,523,2020,394,156,198,414,855,1560,360,144,195,322,537,2046,387,165,204,418,869,16561.0
48051.0,255,85,26,35,45,62,363,134,35,39,67,85,277,101,26,39,45,64,374,131,40,43,71,86,7441.0
48053.0,3185,320,119,168,259,2302,4051,447,144,244,345,2850,3234,319,125,167,270,2336,4120,448,160,244,364,2883,21795.0
48055.0,394,197,32,35,56,71,547,265,38,58,77,106,410,204,35,35,59,74,563,275,39,62,73,111,13282.0
48057.0,4435,639,140,162,518,2960,7134,1463,336,436,636,4246,5221,638,136,180,504,3745,8872,643,199,372,1328,6311,10445.0
48059.0,205,122,45,30,3,1,348,179,65,52,40,6,214,126,47,31,4,1,354,178,71,51,42,6,3245.0
48061.0,28381,14517,1926,1840,2922,7025,41112,20134,3004,3070,4086,10623,29071,14731,1670,2101,3142,7274,41936,20491,3014,3218,4155,10858,111680.0
48063.0,128,36,16,21,27,28,164,37,14,24,44,45,129,35,16,21,27,30,165,37,11,25,47,45,3727.0
48065.0,109,67,12,5,13,12,147,58,14,40,14,21,110,67,13,4,14,12,148,58,15,40,14,21,2657.0
48067.0,266,64,19,39,77,65,334,84,33,38,78,99,268,63,21,39,78,65,341,86,34,39,77,103,8702.0
48069.0,12,4,2,1,5,0,22,11,1,2,4,4,12,4,2,0,6,0,22,11,1,2,4,4,2210.0
48071.0,1142,279,76,96,135,519,2845,568,172,258,606,1110,1372,367,84,119,154,596,3310,550,146,191,390,1882,15624.0
48073.0,432,111,57,51,102,109,588,136,69,85,125,171,444,114,50,63,104,111,603,138,74,80,133,176,17205.0
48085.0,4679,1699,604,738,877,756,7879,2928,1094,1205,1494,1153,4884,1797,631,755,926,770,8047,2996,1108,1233,1525,1180,303922.0
48089.0,332,115,34,51,70,59,477,157,37,54,113,112,346,115,37,57,65,69,496,163,42,54,112,121,8630.0
48091.0,4513,1528,373,430,752,1410,6710,2145,454,610,1021,2455,4577,1533,377,443,736,1468,6839,2132,452,609,1054,2568,58331.0
48093.0,211,69,21,34,43,44,310,95,31,46,72,66,216,69,23,35,45,44,316,95,36,43,76,66,6228.0
48097.0,665,260,50,83,110,162,1172,382,99,137,216,338,686,272,51,79,112,172,1187,381,87,142,226,351,15546.0
48099.0,394,115,42,64,99,72,609,213,63,85,140,106,411,122,43,68,102,74,624,219,63,85,147,108,19750.0
48103.0,1,0,0,1,0,0,43,41,1,0,1,0,2,1,0,1,0,0,46,44,1,0,1,0,1468.0
48107.0,64,21,7,10,12,14,111,53,2,8,18,30,65,22,6,10,11,16,115,56,3,7,16,33,1825.0
48113.0,9440,6279,696,690,897,862,24643,13103,1595,1875,2460,5588,9966,6604,731,769,949,897,25732,13638,1647,1979,2586,5860,574524.0
48121.0,4217,1695,538,594,798,591,8450,3341,1011,1312,1580,1204,4417,1750,587,624,836,619,8757,3391,1036,1322,1658,1348,248271.0
48123.0,519,136,56,103,112,112,797,194,90,102,206,205,572,166,64,89,130,123,838,210,84,118,208,218,7565.0
48127.0,64,58,3,1,0,2,148,127,6,4,7,3,69,61,4,1,1,2,159,137,5,5,7,4,2965.0
48129.0,55,23,9,4,10,9,72,15,13,17,15,12,56,24,9,3,11,9,72,15,13,17,15,12,1588.0
48131.0,555,293,45,67,87,62,721,221,82,105,162,150,577,297,48,64,97,70,748,226,80,104,168,169,3133.0
48133.0,356,183,45,34,49,45,717,235,82,90,189,121,364,183,48,38,50,45,729,239,73,99,188,130,7436.0
48135.0,6907,4049,551,728,1065,439,10422,4655,887,1015,1900,1806,7196,4166,589,751,1125,484,10573,4614,955,1013,1940,1889,49439.0
48139.0,1211,517,143,151,211,186,1904,770,191,249,357,327,1240,533,143,153,218,190,1953,789,196,252,376,330,57973.0
48141.0,4883,1963,610,640,827,824,26029,10297,2639,3166,5008,4821,4744,1880,611,629,804,801,25908,10203,2636,3155,5004,4812,228225.0
48143.0,337,98,35,61,73,69,501,157,47,72,101,123,350,106,33,62,74,74,513,155,51,78,102,126,11601.0
48145.0,125,65,7,12,19,21,173,83,27,11,18,33,131,70,6,11,21,22,177,81,33,10,19,33,5080.0
48147.0,356,112,40,46,92,65,511,162,53,58,105,132,368,114,42,47,96,68,532,174,52,60,109,136,12321.0
48149.0,331,119,46,54,58,54,612,205,69,82,103,153,356,132,51,53,64,56,636,215,69,86,109,157,9831.0
48157.0,43596,16934,3957,4624,8007,10042,99534,30928,6884,9882,19008,32778,46262,18144,4350,4900,8128,10708,102534,31600,7458,10254,19338,33828,258303.0
48159.0,253,50,17,40,74,72,368,71,20,43,98,136,256,51,19,36,77,73,370,72,21,44,98,135,4510.0
48161.0,159,49,22,29,24,35,250,95,31,41,34,49,174,61,20,31,26,36,256,97,34,40,35,50,7258.0
48163.0,235,99,44,43,36,13,320,110,35,55,89,31,249,105,38,50,43,13,339,115,42,58,93,31,3975.0
48165.0,273,124,26,30,33,56,552,238,50,59,96,101,275,120,31,28,34,58,580,256,50,64,100,101,5322.0
48167.0,60382,13933,1990,2959,6832,34625,86439,7665,1623,2389,5982,68735,80997,8994,1549,2699,7114,60596,93567,6048,1411,2014,4830,79219,117986.0
48171.0,692,158,64,90,155,225,908,196,57,105,186,363,705,158,63,93,160,231,921,199,56,107,189,369,11782.0
48175.0,84,31,11,6,24,12,131,39,16,15,25,36,86,29,11,9,25,12,136,39,17,16,27,37,2519.0
48177.0,259,77,24,29,72,57,394,94,34,62,78,126,274,85,26,31,69,63,420,114,29,64,79,134,6480.0
48179.0,169,69,15,29,13,42,316,155,21,23,45,71,172,70,12,34,13,42,339,175,21,25,43,74,8845.0
48181.0,1507,509,112,168,272,432,2034,738,151,202,372,554,1546,526,114,177,278,437,2059,738,153,205,377,567,51691.0
48183.0,1582,627,138,181,328,302,2090,788,141,226,424,501,1639,648,141,190,340,314,2126,800,147,219,440,510,36727.0
48185.0,351,200,22,37,47,44,480,276,31,39,60,73,374,217,22,39,50,45,509,296,34,40,63,75,8782.0
48187.0,6490,3226,232,366,628,2032,8969,3505,318,475,1109,3554,6660,3275,241,378,667,2093,9115,3463,316,446,1132,3750,58926.0
48189.0,243,131,45,33,16,18,460,206,31,52,123,48,249,126,47,39,18,19,466,204,30,52,129,51,10228.0
48199.0,675,350,101,74,97,53,1586,749,220,231,187,198,736,377,114,87,104,54,1677,784,225,253,209,205,19574.0
48201.0,123705,70904,11385,11933,13231,16153,290032,143011,25221,28702,43570,49354,138741,77626,12735,13166,14711,20395,319179,152241,27618,30944,47568,60622,1111867.0
48203.0,1332,417,129,167,298,315,1633,297,148,176,483,521,1372,414,142,171,307,332,1670,311,151,182,446,572,32009.0
48209.0,2810,998,288,363,517,636,3885,1281,368,457,758,1011,2892,1040,282,376,530,656,3951,1295,380,462,769,1035,63778.0
48215.0,39300,23012,3187,4065,6304,2716,73094,35230,5323,7501,14434,10577,40553,23459,3445,4265,6515,2852,74571,35712,5404,7589,14747,11090,214430.0
48217.0,304,105,34,32,61,72,409,127,42,53,67,120,311,106,36,34,60,75,414,123,45,52,72,122,14163.0
48219.0,165,52,16,8,24,65,447,249,26,24,37,111,171,54,17,11,23,66,475,265,34,25,38,113,7743.0
48221.0,3769,366,90,145,338,2824,5267,517,140,215,430,3957,3844,357,118,154,329,2880,5398,531,148,208,467,4035,26945.0
48223.0,225,71,28,42,53,31,332,115,45,53,74,45,242,84,26,47,53,32,338,114,49,50,79,46,12269.0
48225.0,204,69,28,26,40,41,289,94,27,41,58,69,207,70,22,32,41,42,298,97,29,44,58,70,6998.0
48227.0,445,160,43,65,68,109,732,210,84,89,125,223,452,157,46,65,73,111,771,234,82,101,124,229,10322.0
48231.0,777,407,71,65,140,92,1292,682,104,108,197,197,798,420,75,65,141,95,1327,702,105,113,199,204,35377.0
48233.0,449,141,39,46,94,129,681,221,87,80,114,179,454,142,41,45,96,130,683,220,90,80,114,179,9366.0
48237.0,45,14,9,6,9,7,67,16,10,6,16,19,45,14,8,7,9,7,67,16,10,6,16,19,2597.0
48239.0,1174,287,88,152,187,457,2093,371,182,208,332,991,1421,236,101,150,237,694,2199,401,168,233,353,1035,6609.0
48241.0,420,112,50,54,106,92,651,184,61,98,144,152,434,115,53,56,106,98,669,184,70,94,151,158,12994.0
48245.0,13395,7076,1259,1624,2052,1355,45050,7653,1288,1709,3312,31038,40119,5718,970,1425,2653,29310,49916,7244,1103,1574,3572,36372,78683.0
48249.0,577,287,60,75,93,59,1440,735,200,155,177,160,725,401,68,74,114,64,1679,862,208,188,198,206,11985.0
48251.0,1377,515,162,171,243,282,2155,726,281,265,377,501,1417,528,169,179,245,292,2210,735,300,265,381,524,58964.0
48255.0,131,49,10,17,28,24,201,52,26,24,52,43,136,48,11,18,30,26,208,51,28,22,53,50,6677.0
48257.0,1137,551,121,149,156,149,1629,728,176,216,254,241,1161,560,128,148,161,153,1656,746,173,222,256,245,52720.0
48259.0,1490,333,130,143,246,635,1909,371,143,196,328,868,1519,339,137,143,245,652,1937,362,156,181,340,895,13398.0
48265.0,1354,217,84,127,280,646,1852,256,107,146,338,1005,1411,223,96,129,286,677,1900,263,121,129,344,1043,18244.0
48267.0,83,16,4,10,18,35,151,29,12,10,26,74,84,16,5,9,17,37,165,30,13,12,27,83,1830.0
48273.0,1324,506,140,149,211,317,2089,727,238,230,299,594,1443,528,153,141,218,402,2211,766,256,261,277,650,8948.0
48277.0,410,218,43,63,59,25,626,341,63,72,107,41,411,218,44,63,59,25,628,340,65,70,110,41,13633.0
48281.0,305,74,24,38,84,85,444,112,31,39,119,143,321,83,26,36,88,88,452,115,31,35,123,148,6722.0
48285.0,182,65,21,26,31,39,331,127,27,48,44,85,187,62,27,26,32,40,351,131,35,49,50,86,7965.0
48287.0,168,63,13,29,43,19,223,78,28,30,43,43,174,66,15,28,43,21,227,77,30,29,46,44,5610.0
48291.0,3469,2249,248,237,261,432,5946,3384,483,503,620,874,3772,2435,280,249,280,481,6327,3584,500,545,640,969,32415.0
48293.0,306,75,19,35,50,127,515,152,29,38,64,232,317,77,27,32,52,129,521,147,35,36,68,235,7624.0
48297.0,526,120,32,34,49,277,995,258,57,89,199,377,560,141,33,35,54,282,1028,256,69,87,202,398,3897.0
48299.0,3450,267,80,118,236,2739,4042,291,99,133,254,3254,3477,272,74,118,237,2766,4079,278,112,131,264,3283,13340.0
48303.0,5579,3494,275,359,530,877,10656,6281,469,619,1197,2012,5777,3621,263,376,566,906,10912,6432,468,647,1211,2076,95067.0
48307.0,66,20,12,10,9,15,100,25,18,16,19,22,66,19,11,12,9,15,100,22,20,13,21,24,2886.0
48309.0,2496,1729,161,150,180,272,4572,2915,307,347,420,577,2645,1844,157,171,184,285,4702,2980,292,347,465,611,71109.0
48313.0,128,35,18,28,24,22,159,46,18,23,40,30,133,38,18,29,24,23,165,48,21,23,38,33,4381.0
48315.0,81,24,6,5,16,30,135,31,16,14,19,55,82,25,4,7,16,30,139,32,14,18,21,54,4963.0
48317.0,248,49,10,14,27,147,400,50,9,17,50,273,260,49,13,14,29,154,403,50,10,14,53,275,1394.0
48321.0,5538,835,304,382,662,3337,8003,1051,367,498,676,5373,6395,781,272,372,573,4370,8356,1183,396,507,702,5530,15367.0
48323.0,701,262,93,101,156,87,1170,426,128,197,235,179,749,284,97,115,159,91,1223,433,132,209,247,197,15908.0
48325.0,1597,511,186,206,349,344,2116,573,228,296,436,582,1638,511,194,210,360,362,2247,612,253,298,459,624,17962.0
48329.0,5755,2358,526,596,1452,823,9193,2834,503,864,1874,3118,5890,2376,503,630,1466,915,9372,2880,546,826,1906,3214,47768.0
48331.0,393,126,42,55,70,100,522,151,63,66,98,143,413,135,46,58,70,104,538,156,65,72,99,145,9324.0
48335.0,98,44,2,13,17,22,204,90,23,15,27,49,102,48,2,13,16,23,216,102,16,23,25,50,3283.0
48337.0,201,61,20,26,46,48,380,87,44,49,84,115,205,62,20,28,47,48,384,78,46,45,90,124,6137.0
48339.0,9007,4727,1250,1250,1188,582,17672,7913,2055,2473,2946,2260,9908,5171,1376,1393,1321,637,18774,8267,2230,2644,3184,2421,197993.0
48343.0,148,54,12,21,29,31,187,52,17,19,49,48,150,54,14,20,30,31,190,52,19,17,51,49,4541.0
48347.0,360,79,35,54,92,90,472,90,44,68,115,140,374,79,38,59,96,92,493,102,47,67,121,141,17115.0
48349.0,641,181,68,77,163,150,908,243,93,106,192,272,660,189,68,80,163,158,915,240,89,115,191,278,19775.0
48353.0,108,38,12,24,18,16,182,64,20,36,34,28,113,41,11,26,18,17,194,72,22,35,35,30,5378.0
48355.0,25150,16356,492,747,2671,4864,36327,23491,1063,1208,1461,9075,26874,17237,405,545,1388,7278,38432,24633,1138,1257,1584,9791,103333.0
48359.0,1,1,0,0,0,0,6,6,0,0,0,0,1,1,0,0,0,0,6,6,0,0,0,0,644.0
48361.0,12363,5433,499,651,1085,4627,19409,5376,780,1252,2614,9291,16599,5499,715,914,1734,7656,20958,3565,493,753,1441,14606,32644.0
48363.0,389,113,28,35,75,137,597,123,40,46,108,279,402,118,32,34,67,150,602,121,36,39,111,294,14053.0
48365.0,230,77,25,28,46,54,518,254,43,35,86,100,247,88,25,29,50,55,557,282,46,42,84,103,7240.0
48367.0,1999,459,161,232,355,782,2606,472,206,276,480,1160,2054,442,193,238,366,805,2651,484,208,278,477,1192,39223.0
48369.0,65,7,4,3,20,31,86,25,1,1,12,47,65,7,2,5,19,32,87,26,1,1,11,48,2726.0
48373.0,1481,785,69,95,191,335,1948,889,76,127,218,626,1530,795,71,96,191,371,2036,934,87,125,226,652,22385.0
48375.0,656,145,60,80,146,225,1146,312,100,143,250,341,656,142,63,80,146,225,1122,297,101,144,242,338,35194.0
48377.0,71,48,7,11,3,2,225,128,29,20,27,21,81,44,16,12,5,4,264,151,39,20,28,26,2713.0
48379.0,182,65,21,23,39,34,254,84,24,30,58,58,183,65,19,24,40,35,255,84,25,28,58,60,6761.0
48381.0,770,187,41,66,109,365,1512,429,83,117,274,607,769,183,43,67,108,366,1504,431,76,115,277,603,47782.0
48383.0,6,4,1,1,0,0,9,4,3,0,2,0,6,4,1,1,0,0,9,4,2,1,2,0,1215.0
48385.0,204,34,13,26,36,94,261,41,10,16,43,150,209,34,14,26,39,95,271,41,16,12,48,153,1983.0
48387.0,98,30,12,13,16,27,128,36,15,20,23,34,98,30,12,13,16,27,126,34,15,20,23,34,3202.0
48389.0,600,593,5,0,0,0,1468,1350,56,44,13,0,639,628,8,1,0,0,1505,1374,57,50,19,0,3414.0
48391.0,285,66,39,36,85,58,505,105,48,80,133,138,322,82,39,41,89,70,548,114,56,77,143,157,2625.0
48395.0,244,122,25,28,41,27,369,122,53,81,61,51,255,124,33,27,42,28,384,129,51,84,67,52,6588.0
48397.0,310,264,12,16,5,12,601,512,23,22,26,17,313,267,12,14,7,12,624,526,24,26,28,19,34338.0
48399.0,100,56,12,12,12,8,193,91,27,28,29,18,103,57,14,11,12,9,200,96,28,27,31,18,2765.0
48401.0,368,82,38,46,78,120,471,111,46,56,95,159,378,87,39,48,79,121,479,113,46,61,96,159,15002.0
48403.0,317,92,35,34,70,85,447,121,37,56,94,138,322,91,38,31,74,87,451,120,35,59,89,147,6879.0
48405.0,67,12,5,17,19,14,83,15,8,13,21,26,70,14,5,15,21,15,86,17,7,13,22,27,2645.0
48407.0,1481,558,164,167,267,323,2263,647,223,279,429,679,1564,544,177,202,285,354,2379,636,219,290,488,739,16851.0
48409.0,3705,2312,180,192,345,661,6918,4175,351,443,588,1335,4018,2454,185,222,353,787,8105,4484,391,518,755,1929,22322.0
48415.0,110,36,16,17,18,23,223,76,19,24,53,51,116,39,16,20,17,24,232,84,19,20,56,53,6132.0
48419.0,143,40,19,15,32,36,225,66,22,37,46,53,145,37,24,14,33,36,233,70,22,36,49,55,7936.0
48423.0,2125,528,207,309,520,560,2954,682,338,425,687,820,2203,550,223,309,544,576,3012,693,348,431,701,837,75364.0
48425.0,152,26,9,21,32,64,216,45,4,18,44,105,156,28,9,18,33,68,221,45,7,14,47,108,2995.0
48427.0,1809,656,272,306,335,240,2603,809,321,444,594,435,1870,667,284,315,350,254,2669,821,329,450,610,459,14835.0
48429.0,93,21,11,14,21,26,147,41,18,15,30,43,94,21,9,17,21,26,153,42,19,19,28,45,2871.0
48439.0,10574,3580,1130,1379,1913,2566,23818,7052,2436,2669,3883,7770,11457,3895,1212,1498,2069,2777,24710,7209,2481,2805,4039,8168,555298.0
48441.0,4909,3253,365,493,481,317,8834,5601,604,791,1094,743,5025,3326,375,491,507,326,9239,5912,630,795,1122,779,44441.0
48449.0,240,58,30,57,61,34,353,109,40,63,81,60,243,61,28,58,59,37,353,106,43,61,83,60,9637.0
48451.0,1994,707,238,218,260,570,3276,1128,309,429,495,912,2024,720,238,222,263,580,3341,1148,314,433,505,938,37910.0
48453.0,10796,3474,942,1139,1839,3349,16134,5238,1297,1726,2702,5110,11066,3560,987,1157,1888,3421,16393,5334,1300,1733,2755,5210,292074.0
48457.0,534,150,53,74,100,144,762,167,68,96,160,255,554,157,54,75,99,156,792,183,62,102,163,266,9141.0
48459.0,350,95,24,54,85,90,488,119,58,69,114,126,361,98,23,55,90,93,499,116,59,72,118,132,13847.0
48461.0,98,34,20,24,16,4,130,19,18,46,34,13,98,28,24,23,19,4,134,22,13,46,40,13,1455.0
48463.0,676,176,41,76,125,256,1005,257,61,77,163,444,692,175,43,75,133,264,1036,256,59,87,153,478,9359.0
48465.0,461,168,62,53,65,113,795,274,105,129,124,163,503,183,69,62,73,116,857,287,123,129,139,179,15654.0
48467.0,559,158,72,96,123,107,757,196,70,129,184,172,560,157,69,99,125,107,762,194,72,128,186,176,19700.0
48469.0,1277,970,130,89,49,31,3098,2318,277,274,160,52,1461,1093,158,111,56,34,3375,2515,311,296,178,58,29788.0
48471.0,1381,263,109,160,272,566,1649,284,107,161,281,802,1426,266,117,154,287,591,1694,289,113,167,286,825,17673.0
48473.0,1262,640,173,149,174,123,2387,1110,302,297,365,307,1339,654,195,166,187,132,2503,1148,320,321,375,333,15309.0
48475.0,284,251,7,15,7,4,508,378,31,37,55,7,297,261,9,16,7,4,530,394,34,35,59,8,4202.0
48477.0,423,117,50,59,96,101,574,139,58,100,133,143,430,113,46,70,95,106,589,141,57,103,142,145,11579.0
48479.0,3687,1191,515,697,848,434,6022,1704,795,1041,1382,1097,3982,1308,535,738,930,469,6234,1714,806,1091,1439,1181,62674.0
48481.0,1352,675,131,146,203,191,2806,1335,262,322,433,445,1479,714,165,164,226,203,2973,1415,256,352,459,481,14658.0
48485.0,4099,2154,378,390,512,658,8255,3268,351,584,1492,2544,4107,2134,398,385,516,668,8294,3253,357,589,1469,2610,41999.0
48487.0,84,23,5,10,35,11,151,77,9,11,26,28,84,23,5,10,37,9,148,75,9,9,27,28,4642.0
48489.0,1235,466,119,95,166,388,3158,909,318,360,687,882,1309,472,136,100,185,415,3301,948,347,366,694,944,5716.0
48491.0,5448,1725,580,722,1098,1309,7998,2397,804,1105,1543,2131,5568,1756,597,740,1110,1350,8154,2427,830,1124,1581,2174,187224.0
48493.0,1018,469,100,134,149,158,1388,571,124,160,212,310,1055,478,108,142,154,165,1431,562,139,168,213,336,16802.0
48497.0,764,170,57,81,143,302,1095,211,87,109,161,511,798,181,66,82,147,311,1105,212,86,108,165,518,23973.0
48499.0,583,178,56,86,121,138,816,222,90,108,176,216,599,180,59,87,128,141,824,219,95,110,176,220,18244.0
48503.0,263,76,28,36,55,68,428,104,41,48,70,164,264,80,25,36,56,67,429,108,40,48,68,164,7354.0
48505.0,118,44,11,8,25,24,156,51,13,17,36,31,120,44,11,10,25,24,164,56,15,16,37,32,5303.0
48507.0,128,80,4,10,7,25,418,308,22,21,24,41,146,96,5,8,9,26,439,320,24,26,25,42,3657.0
49001.0,3,2,0,0,1,0,4,3,0,0,0,1,3,2,0,0,1,0,5,4,0,0,0,1,425.0
49003.0,819,645,24,34,54,61,1586,1223,85,50,107,119,909,713,30,37,61,67,1683,1289,77,71,111,133,16736.0
49005.0,1305,884,41,52,112,216,3374,2577,82,119,189,407,1425,978,51,59,109,228,3530,2688,89,123,190,440,32242.0
49007.0,2,2,0,0,0,0,6,6,0,0,0,0,2,2,0,0,0,0,6,6,0,0,0,0,112.0
49009.0,9,6,0,0,0,3,13,8,1,0,1,3,9,6,0,0,0,3,14,8,1,0,1,4,345.0
49011.0,7222,4891,252,356,559,1164,12651,9037,442,617,896,1658,8005,5455,273,399,628,1250,13787,9910,467,675,999,1735,94866.0
49013.0,539,326,26,28,41,117,773,344,20,41,103,264,551,332,27,26,45,120,802,367,21,44,103,266,7259.0
49015.0,49,8,1,1,8,31,69,19,2,1,6,41,48,8,1,0,11,28,67,19,1,0,6,41,918.0
49017.0,12,1,0,0,0,11,13,2,0,0,0,11,13,2,0,0,0,11,13,2,0,0,0,11,33.0
49019.0,10,10,0,0,0,0,31,31,0,0,0,0,10,10,0,0,0,0,30,30,0,0,0,0,661.0
49021.0,242,175,11,6,13,24,358,245,17,16,25,37,263,192,11,7,13,27,366,248,19,14,27,40,2409.0
49023.0,401,353,6,5,15,22,617,538,9,10,21,39,403,352,6,5,15,25,632,551,11,8,21,41,3303.0
49025.0,39,9,0,1,0,7,50,12,1,0,1,9,40,9,1,1,0,7,52,13,1,0,1,9,448.0
49027.0,212,179,3,6,13,7,484,426,7,8,15,20,227,192,2,9,13,7,497,437,6,9,17,20,4422.0
49029.0,591,328,30,36,63,134,838,436,40,60,96,206,620,339,30,47,62,142,868,445,36,63,108,216,3423.0
49031.0,33,27,0,0,2,3,52,40,4,0,0,7,35,29,0,0,2,3,51,38,3,1,1,7,120.0
49033.0,47,36,0,2,4,3,85,67,1,0,3,9,49,36,1,0,6,4,87,70,1,0,2,9,1137.0
49035.0,19847,14555,584,794,1392,2515,42753,31345,1347,1881,3209,4963,21692,15806,656,888,1614,2721,45426,33222,1519,1998,3465,5214,306921.0
49037.0,75,47,1,1,4,22,109,72,4,3,6,24,78,47,4,1,5,21,117,79,3,4,6,25,2654.0
49039.0,1,1,0,0,0,0,2,2,0,0,0,0,1,1,0,0,0,0,2,2,0,0,0,0,43.0
49041.0,38,27,1,0,2,8,119,102,1,0,2,10,38,27,1,0,2,8,131,112,1,1,2,10,1303.0
49043.0,2587,1238,95,137,212,900,3762,1931,106,165,332,1223,2724,1316,95,140,237,931,3914,2000,111,166,339,1293,20049.0
49045.0,109,94,1,3,5,6,217,185,5,3,9,12,121,105,1,3,5,6,231,197,5,4,8,14,4212.0
49047.0,332,252,10,14,16,36,646,503,17,19,38,65,347,259,14,15,22,33,677,525,24,22,33,69,8964.0
49049.0,13256,10153,379,475,803,1446,23963,18106,773,966,1627,2490,13961,10674,402,523,835,1527,24975,18729,838,1053,1724,2630,156557.0
49051.0,197,123,6,10,16,42,339,219,17,15,31,57,214,136,8,8,20,42,380,247,17,20,36,60,2391.0
49053.0,2379,1939,53,76,107,201,4670,3856,101,139,211,358,2722,2237,54,92,118,218,5102,4228,101,152,235,379,70960.0
49057.0,8611,6117,346,425,697,1004,14449,10272,559,723,1185,1678,9277,6566,387,454,772,1075,15132,10707,601,773,1271,1747,75725.0
50001.0,990,496,23,30,59,261,1196,560,30,47,89,341,1007,504,19,34,66,262,1216,570,32,35,98,351,12421.0
50003.0,1848,432,106,156,362,788,2521,470,120,213,489,1225,1894,425,99,182,358,826,2565,453,117,222,499,1270,13130.0
50005.0,1383,513,44,49,147,624,1654,510,38,58,158,882,1409,506,47,57,145,648,1682,511,41,62,154,906,11424.0
50007.0,1687,625,99,145,253,563,2415,857,174,213,365,803,1704,623,108,143,257,571,2459,870,182,214,377,813,36063.0
50009.0,504,330,13,26,36,97,599,325,12,34,62,164,521,328,18,29,43,101,623,329,17,35,61,179,4001.0
50011.0,1190,658,24,44,102,309,1478,791,33,46,107,440,1209,672,22,41,103,317,1504,799,36,46,111,450,17061.0
50013.0,84,72,0,4,3,5,200,177,2,3,9,9,93,79,1,4,4,5,241,218,2,2,9,10,4217.0
50015.0,721,300,21,29,79,292,900,331,26,43,82,418,732,301,24,32,77,298,912,326,27,43,90,426,8786.0
50017.0,1334,587,34,69,147,489,1570,617,39,66,150,690,1352,591,29,62,153,509,1591,623,41,65,151,702,11383.0
50019.0,1067,206,65,90,204,495,1289,195,58,108,253,668,1087,202,71,93,198,516,1315,192,65,102,254,695,11522.0
50021.0,2454,1377,71,104,192,637,3236,1757,75,117,278,927,2550,1430,71,112,201,660,3347,1820,79,119,282,965,22702.0
50023.0,2691,721,97,140,356,1373,3287,764,83,140,341,1954,2732,727,94,143,352,1412,3333,776,81,146,327,1998,20815.0
50025.0,2107,975,59,91,173,804,2433,1015,44,85,213,1069,2135,962,50,98,193,826,2469,1022,47,82,214,1097,18590.0
50027.0,2894,1171,80,122,281,1192,3506,1237,79,138,317,1680,2955,1177,78,119,289,1244,3556,1238,73,132,334,1723,22419.0
51001.0,5803,2011,128,293,1242,1851,6390,1987,97,228,777,2990,6234,1807,99,205,643,3178,6830,1812,91,172,501,3929,20092.0
51003.0,1048,664,25,46,92,220,1270,794,37,43,102,293,1076,684,29,40,91,231,1304,815,33,52,102,301,34839.0
51005.0,1767,631,61,67,187,806,2014,608,55,81,206,1047,1799,641,48,81,181,833,2049,618,50,83,207,1073,7039.0
51007.0,91,66,1,3,4,12,104,75,4,1,4,15,93,68,1,2,5,12,106,75,3,3,5,15,4701.0
51009.0,539,220,17,23,64,212,587,219,26,22,67,250,542,216,20,20,68,215,597,223,25,25,68,253,12418.0
51011.0,128,85,0,5,3,16,144,90,3,3,6,20,129,85,1,4,3,17,145,91,3,3,5,21,6316.0
51013.0,2023,1242,69,94,217,400,2891,1767,108,158,318,539,2219,1355,91,111,231,430,3042,1870,112,161,329,569,35255.0
51015.0,2921,1662,125,187,346,582,3416,1837,152,230,410,765,3005,1707,121,185,362,611,3518,1875,173,221,425,802,35566.0
51017.0,592,235,24,32,67,234,645,230,24,33,72,286,600,237,20,32,71,240,658,235,22,35,74,292,2509.0
51019.0,2005,1109,57,79,182,572,2351,1307,55,71,198,714,2047,1131,58,86,185,581,2401,1322,67,75,194,737,34228.0
51021.0,963,372,24,41,95,426,1033,361,29,46,94,498,972,372,24,34,100,437,1049,364,27,42,100,511,3095.0
51023.0,2147,1283,62,74,193,535,2394,1352,67,83,206,686,2187,1309,63,76,188,551,2447,1371,66,96,208,706,13461.0
51025.0,4,2,0,0,0,0,9,5,0,0,1,0,5,3,0,0,0,0,9,5,0,0,1,0,192.0
51027.0,3546,388,37,58,156,2874,3657,345,27,53,158,3040,3557,389,31,63,148,2893,3671,352,23,52,159,3051,6110.0
51029.0,42,31,0,2,1,4,51,36,2,0,3,6,43,32,0,2,0,5,51,35,2,0,4,6,5532.0
51031.0,350,249,9,13,26,53,388,269,10,10,29,70,354,252,8,10,30,54,403,282,8,7,34,72,16628.0
51033.0,435,286,26,25,43,45,513,332,21,37,55,54,450,294,27,29,44,45,525,338,22,40,53,58,13165.0
51035.0,1251,539,29,53,103,363,1356,575,20,65,102,421,1273,554,34,48,100,372,1373,580,29,56,106,427,13939.0
51036.0,111,97,1,2,5,5,140,119,1,4,5,10,118,102,1,1,6,7,142,118,2,2,7,12,3242.0
51037.0,32,22,0,0,1,3,39,26,0,0,3,3,33,22,0,1,1,3,42,27,0,0,4,4,4690.0
51041.0,5119,4131,146,203,339,292,6647,5257,223,279,438,440,5320,4285,160,218,335,314,6839,5383,233,292,459,462,128593.0
51043.0,93,51,1,4,7,30,109,47,4,6,15,37,94,48,3,4,9,30,113,48,6,6,14,39,5328.0
51047.0,429,293,16,11,45,64,525,350,22,20,57,76,445,301,17,16,46,65,538,353,28,20,60,77,16690.0
51049.0,27,23,0,1,1,2,34,26,0,2,3,3,27,23,0,1,1,2,37,27,2,1,2,5,4281.0
51053.0,320,242,9,18,20,30,405,282,21,13,28,59,333,250,13,14,23,32,414,285,18,19,28,62,11426.0
51057.0,312,260,5,9,15,18,527,275,24,30,70,123,368,295,9,8,23,28,576,258,23,27,85,178,5507.0
51059.0,10215,8521,242,314,473,665,14318,11578,297,448,680,1315,11061,9075,268,394,565,759,15066,12164,313,459,751,1379,280092.0
51061.0,795,499,31,49,85,120,951,575,43,63,103,156,822,514,31,51,94,121,1000,612,44,67,109,157,29841.0
51063.0,781,414,22,35,78,214,856,449,21,36,76,255,798,427,18,34,78,223,866,453,19,36,79,260,6602.0
51065.0,347,136,16,23,55,116,476,199,22,28,81,145,360,144,14,21,58,122,490,206,24,27,80,152,11244.0
51067.0,2120,890,75,114,264,776,2643,1004,87,140,292,1119,2197,915,60,118,275,828,2724,1038,88,128,301,1168,24008.0
51069.0,1451,905,65,70,136,274,1842,1100,76,112,164,389,1558,951,74,69,153,310,1945,1156,86,114,183,405,31701.0
51071.0,1515,446,41,64,139,825,1676,434,42,67,147,986,1561,458,39,70,150,844,1744,457,34,89,151,1013,7353.0
51073.0,1852,1544,52,90,113,47,2476,1560,81,154,351,322,2306,1495,96,138,316,254,3071,1505,58,124,434,941,14532.0
51075.0,199,158,4,16,10,11,243,194,4,14,16,14,207,165,3,17,10,11,250,196,6,16,14,17,10106.0
51077.0,271,83,6,16,27,138,299,88,7,13,40,149,281,88,10,12,30,140,302,87,8,12,38,155,6813.0
51079.0,468,232,26,27,49,133,509,232,25,32,64,155,476,231,22,30,50,142,522,232,25,37,70,157,7506.0
51081.0,120,99,6,1,10,4,141,116,3,4,9,9,121,100,5,1,9,6,146,121,3,3,10,9,3651.0
51083.0,181,141,6,5,12,12,206,153,5,8,13,22,182,138,3,12,12,12,219,164,4,7,15,24,13554.0
51085.0,1209,1077,23,24,40,29,1537,1339,17,45,61,58,1254,1119,21,28,39,31,1595,1390,22,40,65,61,45446.0
51087.0,3164,2900,53,49,81,81,4378,3912,80,92,139,155,3384,3062,58,59,86,119,4552,4061,88,92,148,163,98593.0
51089.0,845,471,25,36,64,249,939,487,23,36,83,310,864,479,23,32,75,255,961,482,25,44,84,326,21134.0
51091.0,525,201,22,23,53,215,565,208,15,22,58,251,529,199,18,28,50,223,583,211,15,23,59,263,1888.0
51093.0,451,346,9,13,31,39,625,491,6,10,43,62,526,410,3,12,33,55,732,574,6,9,44,85,18203.0
51095.0,718,631,11,19,22,35,1103,934,19,33,54,63,905,773,18,33,40,41,1303,1077,18,35,79,94,30110.0
51097.0,96,77,1,2,6,10,142,115,0,6,3,17,127,100,2,4,7,13,178,143,3,5,4,22,3266.0
51099.0,223,129,7,15,24,48,289,163,13,18,35,60,251,143,8,19,28,53,313,172,13,22,41,65,8603.0
51101.0,272,202,5,4,21,39,334,243,7,8,28,47,293,208,4,6,30,44,373,263,6,11,26,66,7337.0
51103.0,682,516,23,37,55,50,916,564,35,66,121,129,846,543,44,56,103,99,1088,545,37,71,154,280,7026.0
51107.0,2076,1343,112,162,234,225,3043,1921,160,248,366,348,2244,1459,123,177,251,234,3250,2036,172,252,396,394,109835.0
51109.0,417,270,16,25,42,62,553,358,29,27,65,72,427,274,18,27,44,62,564,367,27,32,64,72,17553.0
51111.0,75,62,2,1,2,7,88,70,3,4,2,8,76,61,4,1,2,7,90,70,4,3,4,8,5841.0
51113.0,281,124,10,14,38,95,304,118,12,21,32,121,289,123,14,14,40,98,314,120,10,24,29,131,4903.0
51115.0,1819,1612,42,46,48,5,2209,1707,86,103,170,55,2278,1610,106,150,226,94,2683,1514,110,181,420,350,5537.0
51117.0,583,454,15,21,32,56,895,573,18,34,76,185,639,494,11,30,30,69,1004,606,28,38,76,247,16216.0
51119.0,481,375,17,19,35,35,644,456,24,30,66,68,632,459,27,15,70,61,748,437,30,42,95,144,6652.0
51121.0,2620,1389,69,114,207,778,2911,1517,75,105,231,919,2711,1433,76,100,225,814,2982,1533,79,120,236,950,26291.0
51125.0,972,508,22,32,82,326,1047,510,26,28,90,391,980,507,26,30,82,333,1061,518,25,29,91,396,13359.0
51127.0,219,184,6,5,11,13,273,230,6,4,17,16,227,192,5,5,12,13,281,236,7,3,16,19,8706.0
51131.0,441,338,7,14,37,45,719,554,22,30,34,79,717,528,21,30,52,86,996,573,61,79,137,146,6154.0
51133.0,480,431,10,9,5,4,827,621,17,28,104,19,721,558,11,39,72,9,1171,836,26,36,67,158,8657.0
51135.0,11,11,0,0,0,0,15,13,1,0,1,0,11,11,0,0,0,0,15,13,1,0,1,0,2468.0
51137.0,610,448,28,25,44,65,717,513,37,41,56,70,624,458,29,27,44,66,742,533,36,42,60,71,14251.0
51139.0,1464,625,52,63,143,580,1663,690,57,86,164,665,1514,648,51,71,145,598,1698,702,55,89,168,683,10033.0
51141.0,550,245,15,23,48,208,601,252,16,20,48,252,558,247,12,24,51,212,607,257,11,23,45,258,7249.0
51143.0,656,410,18,24,50,127,715,426,23,20,66,152,662,410,17,26,53,129,734,439,22,20,70,155,42737.0
51145.0,275,218,4,10,20,23,320,251,5,11,22,31,279,221,5,10,18,25,327,257,6,11,22,31,11724.0
51147.0,20,18,0,0,0,1,23,20,0,0,1,1,20,18,0,0,0,1,24,20,0,0,2,1,4504.0
51149.0,262,237,4,4,8,9,320,279,7,6,13,15,265,237,6,3,9,10,330,287,8,3,16,16,10222.0
51153.0,2880,1285,187,279,480,649,3994,1671,256,374,686,1006,3095,1347,217,301,528,702,4331,1804,295,413,751,1065,131048.0
51155.0,1657,657,28,58,100,788,1805,675,38,59,116,890,1697,677,34,57,108,795,1884,715,43,59,122,915,14124.0
51157.0,403,149,14,26,53,161,430,145,17,25,56,187,407,149,14,23,55,166,437,144,18,24,55,196,3579.0
51159.0,99,76,1,6,11,5,154,117,4,5,12,16,125,98,2,3,8,14,186,130,6,13,8,29,3608.0
51161.0,3671,940,169,251,652,1659,4299,1038,227,292,696,2046,3808,974,175,269,668,1722,4387,1046,230,302,716,2093,34643.0
51163.0,1989,758,57,109,233,830,2191,746,63,92,223,1065,2013,747,62,107,230,865,2219,757,58,97,216,1089,9849.0
51165.0,3286,1761,140,213,416,751,4147,1975,203,276,549,1137,3512,1842,150,231,441,843,4286,1979,192,297,594,1217,30141.0
51167.0,2261,532,54,65,205,1396,2482,546,47,82,201,1597,2310,533,56,72,211,1429,2505,545,47,79,209,1616,8272.0
51169.0,2679,643,65,96,255,1618,2950,653,69,113,260,1853,2743,650,72,110,246,1663,2998,653,67,124,273,1879,9113.0
51171.0,1330,615,49,85,150,425,1641,722,61,102,181,569,1383,635,65,83,161,433,1701,740,70,109,182,594,18095.0
51173.0,3251,1392,82,152,319,1278,3559,1394,84,148,341,1564,3308,1404,79,149,335,1313,3618,1407,92,148,351,1591,11877.0
51175.0,320,268,7,8,19,18,412,328,9,13,31,31,338,282,8,9,20,19,423,331,14,10,33,35,6923.0
51177.0,1431,845,80,123,179,202,1818,1053,95,157,238,272,1522,896,78,133,193,219,1862,1080,93,163,246,277,49120.0
51179.0,1705,1285,24,61,114,215,2186,1596,59,83,145,296,1807,1351,36,68,119,226,2305,1665,58,89,167,319,49199.0
51181.0,97,48,1,11,20,12,111,49,1,5,15,34,102,41,0,3,15,37,115,50,0,1,3,53,3002.0
51183.0,150,117,1,2,10,7,199,146,2,7,9,19,163,125,3,3,8,9,207,153,3,7,8,20,3965.0
51185.0,5218,1518,127,204,500,2864,5649,1488,126,225,509,3296,5287,1527,125,209,508,2913,5738,1515,130,226,520,3342,16446.0
51187.0,1145,409,54,78,138,462,1362,458,52,91,182,575,1167,414,52,80,149,468,1396,459,59,93,192,589,15136.0
51191.0,4188,1534,136,218,438,1861,4707,1632,138,232,538,2166,4315,1573,148,213,475,1905,4812,1668,145,233,547,2218,20845.0
51193.0,385,293,16,21,28,21,576,411,34,26,47,49,507,367,21,21,52,38,754,467,35,31,110,95,21152.0
51195.0,3456,947,88,147,363,1911,3923,987,90,158,380,2308,3548,971,93,139,374,1971,3984,995,94,142,397,2356,11789.0
51197.0,1493,628,50,79,170,557,1655,654,55,86,191,660,1536,646,53,75,174,579,1684,656,57,90,197,675,11211.0
51199.0,1171,1054,34,29,34,20,2111,1643,87,115,184,82,1679,1325,83,103,111,57,3618,2574,90,133,359,462,19982.0
51510.0,2952,2183,74,94,191,410,4307,2602,90,164,346,1105,3202,2269,86,126,245,476,4459,2587,109,180,348,1235,24240.0
51520.0,574,305,27,36,80,124,691,359,18,43,94,175,593,317,22,41,84,127,722,372,26,41,92,189,5749.0
51530.0,681,319,60,143,65,94,889,223,21,23,77,545,693,324,55,150,67,97,901,226,15,24,76,560,2199.0
51540.0,743,62,47,75,143,416,957,70,40,89,175,583,768,58,46,81,149,434,1016,80,41,98,185,612,10430.0
51550.0,4768,3974,195,173,257,168,9311,7480,458,465,584,323,5692,4676,242,230,342,201,11704,9194,529,623,778,577,75409.0
51570.0,312,244,9,5,9,45,470,349,6,8,18,89,324,250,3,9,13,49,496,369,4,15,14,94,6216.0
51580.0,308,103,11,17,35,141,459,117,11,13,28,289,331,116,9,15,39,151,484,130,6,15,37,295,2652.0
51590.0,799,522,22,38,81,136,932,602,26,35,94,175,824,541,22,43,78,140,956,615,30,36,96,179,15644.0
51595.0,48,37,2,1,1,4,58,44,1,4,2,4,51,40,2,1,1,4,67,50,1,4,5,4,1808.0
51600.0,305,252,4,10,14,25,413,344,12,10,16,31,333,276,7,10,15,25,503,414,11,13,28,37,6594.0
51610.0,279,252,4,6,11,6,352,321,4,8,9,10,298,270,5,5,12,6,359,328,4,8,9,10,3229.0
51620.0,126,120,0,3,3,0,169,158,3,1,6,1,130,124,0,3,3,0,176,165,2,2,5,2,2245.0
51630.0,608,247,20,39,65,237,799,325,15,29,110,320,647,263,19,43,63,259,825,337,21,25,111,331,6118.0
51640.0,250,40,13,24,50,123,304,33,23,24,63,161,252,35,14,23,53,127,308,32,21,25,64,166,2175.0
51650.0,9322,8598,172,206,273,72,15388,13221,305,450,852,559,14026,12021,309,424,796,475,22020,16064,823,1100,2061,1971,43573.0
51660.0,407,259,28,33,39,48,573,341,21,35,90,86,475,296,24,52,48,55,610,363,22,34,93,98,9194.0
51670.0,284,239,5,4,12,22,378,326,5,6,12,27,295,249,4,5,12,23,387,332,5,8,13,27,8686.0
51678.0,138,46,8,12,18,54,175,65,8,12,23,67,142,48,5,13,21,55,181,69,8,11,23,70,1848.0
51680.0,702,439,18,36,69,140,887,547,23,31,81,205,726,443,22,32,81,148,896,555,18,34,81,208,21501.0
51683.0,363,217,18,29,53,45,559,324,46,46,77,65,420,264,23,31,50,51,573,333,43,49,81,66,11581.0
51685.0,71,63,2,1,2,3,95,80,4,5,3,3,72,64,1,2,2,3,98,82,4,4,5,3,3937.0
51690.0,38,21,2,5,3,7,52,29,1,8,6,8,44,25,2,5,4,8,52,29,1,8,6,8,755.0
51700.0,2812,2288,125,111,182,104,4834,3889,196,234,273,240,3308,2635,150,138,217,166,5501,4294,213,283,349,359,46744.0
51710.0,8286,6665,139,233,536,713,15883,12560,328,426,881,1688,12411,9685,248,333,750,1395,23998,17835,596,753,1718,3096,49584.0
51720.0,294,91,13,25,26,139,373,119,9,20,40,185,318,102,9,27,30,150,391,126,8,22,42,193,1149.0
51730.0,616,525,7,10,20,54,767,627,12,16,25,87,635,535,10,10,22,58,793,646,12,16,30,89,10021.0
51735.0,2909,1469,166,247,599,427,3860,1276,120,190,700,1573,3589,1166,120,204,743,1355,4390,715,117,202,633,2722,4544.0
51740.0,3224,2997,49,57,83,33,6369,5680,102,122,286,170,5401,4819,74,112,244,143,9815,8192,216,267,546,583,31517.0
51760.0,1770,1594,15,28,43,90,2697,2411,29,44,66,147,1896,1712,16,28,43,97,2820,2507,31,54,70,158,52347.0
51770.0,2700,1198,137,188,453,723,3485,1537,178,240,525,1004,2815,1247,158,184,472,753,3596,1590,184,243,543,1035,29607.0
51775.0,766,451,22,41,87,165,1031,599,35,43,108,246,827,492,21,45,96,173,1066,625,39,42,102,258,8078.0
51790.0,812,377,50,72,125,188,891,394,48,89,140,220,844,388,52,77,133,194,917,400,50,82,154,231,9707.0
51800.0,1016,831,41,45,41,56,1623,1247,107,89,91,87,1190,972,43,59,50,64,1902,1429,99,130,118,124,29741.0
51810.0,7784,5985,381,402,611,403,16815,11937,1073,991,1210,1602,11577,8508,581,538,831,1117,24913,14737,1305,1652,2950,4264,128331.0
51820.0,861,508,51,65,87,150,1125,541,74,124,148,238,890,512,48,69,101,160,1153,543,73,120,169,248,7656.0
51830.0,108,60,5,14,14,15,139,76,6,13,18,26,114,64,5,15,14,16,146,82,6,14,17,27,3456.0
51840.0,396,271,26,25,48,26,566,380,29,43,67,47,420,279,33,27,47,34,597,401,25,51,70,50,7340.0
53001.0,253,206,5,7,18,17,387,270,16,16,34,51,268,217,5,8,18,20,399,272,16,18,36,57,5039.0
53003.0,432,129,14,18,44,224,616,149,17,29,60,357,466,151,13,15,46,238,671,175,19,28,65,380,7277.0
53005.0,4635,2987,88,165,290,1089,8667,4271,172,246,558,3398,5022,3184,93,174,341,1214,9003,4305,162,257,567,3690,58113.0
53007.0,5972,2497,150,246,426,2598,7821,3371,175,252,486,3475,6156,2586,133,252,449,2679,8061,3472,200,258,481,3586,34286.0
53009.0,3868,2132,140,212,359,1007,5450,2576,246,332,612,1661,4224,2362,144,223,387,1087,5625,2621,254,346,674,1707,29432.0
53011.0,7756,5620,135,183,372,1446,13285,9289,203,289,696,2808,8524,6198,136,209,418,1563,14130,9861,229,303,732,3005,141347.0
53013.0,907,252,38,49,103,364,1054,173,25,39,118,588,916,233,30,56,104,391,1067,161,22,38,118,615,1643.0
53015.0,7488,3113,277,390,863,2823,18178,1403,233,400,1057,15056,8172,3286,321,427,887,3228,18493,1159,178,304,915,15907,37536.0
53017.0,1915,739,19,43,90,1010,2627,1102,21,41,119,1328,2008,797,24,36,93,1044,2690,1092,33,53,126,1369,13926.0
53019.0,689,175,16,27,63,366,791,177,12,27,65,463,696,166,19,30,67,372,815,183,16,26,67,474,2937.0
53021.0,2482,1362,80,108,215,716,4366,1745,83,184,361,1990,2779,1447,77,102,238,914,4557,1726,91,159,381,2197,23807.0
53023.0,396,117,20,24,45,175,439,100,7,22,47,247,400,113,16,21,48,187,447,105,7,15,50,254,881.0
53025.0,3343,1558,86,123,334,1215,4694,2186,91,142,254,1992,3494,1612,113,114,308,1319,4823,2210,114,127,286,2056,29392.0
53027.0,8516,5508,230,379,749,1611,10231,5018,351,569,1090,3154,8894,5540,269,378,841,1827,10582,4884,290,554,1366,3438,31856.0
53029.0,587,166,30,46,105,237,681,174,41,49,136,278,609,150,36,47,112,261,699,151,47,60,133,305,6483.0
53031.0,1476,870,39,55,122,350,1774,956,58,70,146,498,1538,884,49,63,123,379,1834,956,66,100,144,522,17496.0
53033.0,28441,13016,1068,1662,3617,8992,43430,16981,1680,2521,5022,17120,30594,14096,1144,1772,3844,9650,44940,17374,1643,2474,5197,18146,521813.0
53035.0,3633,1910,164,248,432,876,4787,2519,200,341,609,1115,3910,2020,167,248,507,965,5126,2667,237,335,677,1207,87905.0
53037.0,5362,3811,135,195,370,801,7497,4969,242,308,595,1330,5550,3904,162,208,387,838,7659,5031,242,319,618,1396,18246.0
53039.0,1398,918,16,29,69,364,1749,1011,26,64,93,553,1436,933,23,26,70,382,1816,1052,21,70,98,573,9758.0
53041.0,6348,3343,280,282,576,1778,9092,2921,271,440,956,4403,6569,3291,289,386,594,1918,9282,2808,248,418,1011,4695,26668.0
53043.0,767,326,29,43,94,273,960,348,27,33,106,443,793,332,25,48,98,288,990,353,28,33,104,469,5337.0
53045.0,4089,2135,157,257,462,1064,5015,2393,178,286,525,1618,4321,2250,165,267,495,1129,5193,2450,195,278,545,1708,29868.0
53047.0,4451,1945,85,144,272,1901,5959,2088,88,149,329,3185,4571,1974,79,139,292,1981,6139,2109,85,147,350,3320,18167.0
53049.0,3200,2369,106,123,214,360,4409,2903,142,179,300,847,3440,2528,107,132,245,399,4653,3054,118,206,314,916,17409.0
53051.0,2193,619,48,84,133,1225,2558,579,53,85,180,1562,2261,641,44,74,136,1281,2614,586,46,92,191,1600,7299.0
53053.0,20534,3960,1467,2061,3834,9196,33718,5426,2151,3091,5529,17495,21898,4235,1607,2201,4093,9744,34944,5639,2233,3174,5724,18147,248309.0
53055.0,511,303,19,24,41,118,611,362,23,26,52,141,552,334,20,26,44,121,641,388,19,27,55,145,10347.0
53057.0,7495,2790,236,401,836,3203,10845,2548,219,357,842,6848,7912,2864,257,368,936,3457,11231,2678,206,325,794,7197,43542.0
53059.0,985,269,22,36,89,569,1175,328,23,48,61,714,1004,273,22,31,82,596,1198,330,22,43,68,734,4510.0
53061.0,10222,6754,197,328,696,2237,16227,10073,245,393,895,4608,11227,7518,206,327,735,2431,17031,10598,256,405,940,4818,216240.0
53063.0,14007,7846,570,790,1461,3333,21001,11211,881,1259,2344,5296,15209,8499,607,863,1597,3635,22579,11993,939,1363,2566,5707,153366.0
53065.0,3496,1819,92,165,279,1074,4442,2065,122,168,421,1585,3700,1913,103,151,315,1148,4593,2090,129,176,430,1685,17662.0
53067.0,9039,5408,380,512,929,1806,13207,7414,536,732,1357,3164,9689,5798,418,539,1016,1914,13846,7733,572,797,1400,3340,89976.0
53069.0,433,116,21,24,52,208,482,95,11,24,50,286,444,107,22,23,50,230,494,89,17,21,42,308,1655.0
53071.0,3409,1617,293,364,542,593,8603,3218,584,1000,1936,1864,3834,1750,341,421,663,658,8820,3165,562,996,2019,2077,17026.0
53073.0,8116,4331,289,417,786,2284,11160,5388,400,552,1086,3722,8526,4552,295,440,822,2408,11579,5569,427,578,1108,3881,75431.0
53075.0,1025,518,41,52,97,314,1408,494,45,73,129,664,1117,518,44,59,121,372,1452,484,52,79,123,711,10930.0
53077.0,8188,6185,202,266,438,1077,16006,10661,733,969,1299,2311,8661,6542,217,278,483,1119,16529,10707,764,1066,1508,2451,65198.0
54001.0,1572,622,34,54,140,708,1739,632,25,71,137,860,1593,631,35,60,133,720,1760,637,22,69,148,870,7264.0
54003.0,3152,2182,52,71,138,643,4214,2936,65,97,220,825,3350,2313,63,82,161,664,4340,3025,69,94,231,849,43355.0
54005.0,4589,956,88,143,436,2903,4865,693,63,93,336,3615,4601,950,80,143,436,2929,4879,689,54,98,328,3645,8814.0
54007.0,2179,481,45,83,185,1342,2418,404,34,69,173,1691,2199,484,45,79,190,1357,2431,407,28,69,167,1713,6261.0
54009.0,1781,271,14,35,69,1388,1991,270,18,23,70,1606,1788,275,16,26,72,1395,1996,268,17,24,65,1618,9290.0
54011.0,5281,2396,122,182,522,2013,6842,2857,153,217,627,2940,5487,2522,131,177,513,2098,7276,3199,140,236,623,3030,28974.0
54013.0,922,189,8,26,72,621,984,145,19,13,58,742,924,188,7,20,76,627,989,143,16,20,55,748,2972.0
54015.0,1538,203,23,43,94,1156,1567,177,17,42,93,1219,1543,204,23,32,100,1165,1570,179,17,36,91,1228,3471.0
54017.0,1779,391,41,61,203,1076,1838,359,29,51,199,1193,1784,381,54,54,204,1084,1842,346,39,53,194,1203,3100.0
54019.0,2444,831,51,80,179,1294,2610,820,52,72,184,1472,2521,876,46,92,178,1319,2652,831,55,77,180,1499,12012.0
54021.0,1505,339,29,39,136,951,1590,269,22,34,110,1144,1507,334,25,38,133,966,1596,263,22,27,119,1154,2890.0
54023.0,807,396,22,37,53,292,924,360,22,68,81,385,819,402,22,38,53,297,947,362,35,48,104,390,5633.0
54025.0,3229,1495,52,106,227,1334,3755,1498,97,110,294,1739,3297,1525,56,106,234,1360,3824,1520,88,129,306,1764,15946.0
54027.0,1347,572,42,60,128,528,1579,582,35,48,150,743,1374,575,49,59,129,544,1607,588,41,52,139,765,12669.0
54029.0,1279,523,30,34,93,596,1518,439,28,54,101,893,1293,521,32,39,91,607,1551,447,35,51,102,913,12198.0
54031.0,1251,597,37,66,123,424,1588,730,46,83,141,583,1275,601,42,65,116,447,1617,728,52,83,152,597,7128.0
54033.0,4465,1783,109,174,427,1944,5014,1795,107,204,440,2439,4542,1812,109,185,425,1983,5080,1813,109,217,435,2475,26846.0
54035.0,2118,774,52,83,198,981,2909,753,56,88,219,1761,2153,771,60,76,217,1000,2937,754,49,86,220,1796,7586.0
54037.0,1480,1053,21,34,52,316,1748,1209,24,51,82,378,1523,1082,28,37,51,321,1780,1229,29,52,83,383,21153.0
54039.0,31140,4267,354,572,1575,23982,33518,3106,300,498,1311,27902,31300,4261,349,577,1611,24111,33675,3119,327,489,1341,27996,69772.0
54041.0,2569,1003,78,114,286,1012,3212,882,69,123,281,1777,2610,1011,68,134,291,1030,3232,893,64,120,287,1788,7622.0
54043.0,3750,766,73,123,312,2401,3995,683,57,107,344,2727,3763,766,68,115,326,2412,4001,675,63,103,337,2746,7867.0
54045.0,8070,1632,137,243,734,5226,8674,1286,116,222,613,6334,8138,1602,152,238,720,5327,8710,1289,126,205,596,6391,12590.0
54049.0,3838,1163,78,117,317,2157,4128,1166,79,115,309,2452,3880,1189,71,120,302,2192,4140,1176,84,110,307,2456,23081.0
54051.0,3033,800,48,71,222,1871,4243,731,58,103,222,3104,3060,793,51,87,203,1904,4297,762,43,97,227,3143,12408.0
54053.0,2410,1061,65,91,237,950,3687,1353,88,116,271,1849,2467,1089,48,103,249,972,3738,1325,86,136,296,1885,10829.0
54055.0,3447,1639,81,149,310,1238,3857,1713,92,136,370,1515,3594,1706,85,152,333,1287,3956,1771,83,137,380,1554,18808.0
54057.0,1899,1081,65,104,221,420,2312,1161,58,107,232,744,2001,1129,64,119,233,448,2345,1160,51,106,242,776,11329.0
54059.0,5076,790,81,136,361,3638,5292,618,62,107,325,4109,5099,791,72,125,340,3701,5317,605,71,98,325,4146,8355.0
54061.0,3075,1110,62,103,291,1487,3276,1133,68,105,272,1675,3110,1132,60,108,299,1489,3323,1161,66,92,289,1692,28093.0
54063.0,1091,523,27,49,97,390,1176,534,28,51,107,450,1120,539,23,57,93,403,1210,549,30,47,116,462,6944.0
54065.0,814,329,24,29,74,335,948,349,23,31,73,449,837,337,21,35,77,344,962,354,17,42,70,456,9533.0
54067.0,2176,1114,53,93,205,688,2395,1057,72,98,224,920,2220,1133,57,96,206,705,2433,1070,65,102,234,938,12008.0
54069.0,3586,910,61,130,234,2241,4533,1077,40,98,207,3100,3608,888,61,131,258,2260,4555,1090,36,97,211,3110,15175.0
54071.0,1438,615,36,60,130,577,1527,538,35,55,157,720,1453,617,33,57,128,598,1556,541,48,51,149,745,4922.0
54073.0,877,253,17,19,77,505,1268,241,15,23,58,924,906,275,18,23,73,511,1278,247,11,19,60,934,3051.0
54075.0,1720,749,36,80,177,662,1890,718,43,68,171,872,1750,757,39,79,182,676,1926,737,35,76,170,890,6762.0
54077.0,1576,754,40,75,142,541,1723,727,45,65,160,701,1593,761,42,68,143,555,1748,735,50,59,158,721,13076.0
54079.0,6029,1919,138,194,483,3269,6757,1598,113,161,412,4445,6137,1985,127,202,488,3309,6844,1649,105,163,421,4478,21695.0
54081.0,4323,2009,106,200,386,1595,4776,2092,116,199,398,1944,4530,2140,107,189,417,1650,4928,2164,123,197,423,1994,31327.0
54083.0,2926,1482,80,134,281,895,3292,1467,88,122,334,1226,2980,1483,81,146,287,929,3374,1499,83,146,311,1280,12044.0
54085.0,1475,381,26,47,138,876,1543,349,30,48,140,969,1483,388,25,47,130,886,1560,355,34,48,133,983,4571.0
54087.0,1715,358,44,63,159,1078,1774,335,30,50,153,1193,1729,368,34,65,158,1091,1790,340,29,51,148,1209,6467.0
54089.0,1537,395,30,47,123,905,1797,333,18,35,84,1286,1572,412,35,37,127,922,1809,338,23,34,81,1291,7130.0
54091.0,949,455,23,42,90,324,1294,491,26,44,93,620,982,465,33,36,99,334,1314,492,34,46,92,630,6660.0
54093.0,648,343,16,19,48,209,824,300,11,32,86,381,666,352,17,19,51,214,833,305,14,30,88,382,4870.0
54095.0,1250,398,21,47,106,669,1570,313,23,26,120,1078,1262,403,21,43,117,669,1581,312,18,33,114,1094,4324.0
54097.0,1874,1027,54,74,171,546,2224,944,61,84,214,919,1900,1042,50,80,168,558,2254,953,51,97,215,936,10250.0
54099.0,4027,1444,82,133,351,1951,5938,1403,88,159,407,3807,4093,1483,72,149,347,1976,6019,1438,101,159,410,3836,15020.0
54101.0,1206,495,38,46,110,495,1312,350,23,40,116,759,1222,496,35,52,106,511,1322,344,28,33,118,775,3392.0
54103.0,3140,545,49,70,207,2245,3774,459,37,65,201,2987,3156,543,48,66,210,2265,3788,463,34,52,194,3020,7027.0
54105.0,824,227,10,22,89,472,1105,277,20,24,81,696,835,232,18,25,77,479,1123,281,23,32,67,713,2819.0
54107.0,6566,2265,106,198,420,3549,11170,2414,141,204,609,7768,6709,2313,117,184,441,3626,11306,2407,131,243,576,7914,32691.0
54109.0,4052,1061,84,125,327,2406,4240,729,63,135,363,2900,4075,1038,88,131,329,2440,4260,714,72,129,357,2938,9168.0
55001.0,40,35,1,2,0,2,75,58,2,4,3,7,40,35,1,2,0,2,75,58,1,4,4,7,822.0
55003.0,383,221,10,13,24,113,506,268,17,34,44,141,392,230,7,16,23,114,515,271,18,35,47,142,7791.0
55005.0,1097,752,43,56,99,135,1608,1027,60,94,169,241,1097,751,41,60,100,133,1612,1029,65,91,170,240,20072.0
55007.0,752,446,30,66,92,117,1022,595,48,57,141,178,775,468,24,63,97,122,1041,606,51,57,141,183,12019.0
55009.0,2162,1907,32,40,62,83,4149,3664,52,68,123,175,2319,2045,41,36,69,88,4334,3838,52,70,126,177,76293.0
55011.0,545,280,21,30,53,160,907,422,31,47,131,274,557,290,19,31,53,162,920,430,36,45,130,277,4621.0
55013.0,918,524,39,41,57,107,1281,636,34,85,134,198,930,533,35,42,60,107,1293,644,36,83,135,199,14946.0
55015.0,109,82,3,7,13,4,161,121,5,9,14,11,121,89,5,7,15,5,181,141,5,8,15,11,5792.0
55017.0,1961,898,67,53,167,636,2678,1219,75,107,207,897,1982,912,61,61,169,639,2699,1235,73,106,210,901,21726.0
55019.0,642,371,17,21,72,158,804,432,33,35,56,244,657,382,13,26,73,160,816,436,30,40,58,248,12601.0
55021.0,89,45,2,3,13,23,168,69,8,11,17,58,91,46,2,4,11,25,170,71,8,8,20,58,1225.0
55023.0,960,356,38,49,99,306,1270,478,42,76,127,406,985,377,33,51,99,311,1287,494,33,79,129,410,5997.0
55025.0,6101,4138,259,289,616,788,8766,5740,369,485,925,1234,6439,4343,276,326,665,818,9085,5941,379,515,961,1275,133522.0
55027.0,800,574,24,53,61,86,1318,967,43,62,108,134,840,607,27,52,61,90,1357,991,54,58,115,135,28657.0
55029.0,446,386,10,17,15,17,659,568,10,22,29,27,459,395,11,13,20,19,698,598,16,21,30,30,16026.0
55031.0,281,202,3,4,6,11,439,283,6,12,10,22,293,207,5,4,6,11,451,291,7,12,10,22,10101.0
55033.0,960,445,33,52,121,302,1213,524,38,80,137,427,973,452,37,51,121,305,1230,533,44,81,135,430,9180.0
55035.0,2362,1563,86,106,190,407,3728,2033,168,178,348,989,2395,1588,76,107,202,412,3782,2058,167,192,342,1011,28235.0
55037.0,320,162,3,12,28,99,402,209,10,14,24,126,328,169,2,14,26,101,405,212,9,16,22,127,4810.0
55039.0,3466,3103,58,57,167,79,5111,4440,74,101,206,286,3591,3218,61,53,165,92,5302,4622,78,103,203,292,32686.0
55041.0,224,154,11,11,17,21,353,241,15,10,30,43,228,158,10,11,18,21,359,244,15,10,31,45,7729.0
55043.0,280,83,10,6,25,107,325,77,13,13,31,138,284,85,10,4,27,109,325,76,13,10,34,139,2294.0
55045.0,731,451,29,47,64,97,1039,643,51,56,104,123,761,477,24,53,65,98,1097,683,55,63,107,127,12959.0
55047.0,179,135,7,7,15,14,257,188,11,10,26,21,181,135,8,6,16,15,269,197,13,8,28,22,4060.0
55049.0,70,41,2,3,7,15,84,44,1,10,9,17,70,41,1,4,7,15,84,44,1,10,9,17,424.0
55051.0,215,134,5,9,15,16,317,167,12,15,26,39,217,134,7,6,18,16,321,170,10,17,25,40,5572.0
55053.0,708,360,31,43,74,195,920,437,36,63,101,278,719,368,33,39,75,199,933,435,43,64,102,284,8264.0
55055.0,1365,840,47,70,141,164,2063,1239,74,103,181,312,1416,872,52,69,145,172,2125,1276,80,97,192,324,29267.0
55057.0,1339,875,45,66,96,186,2233,1388,74,107,177,376,1378,896,45,74,96,193,2285,1419,73,112,188,380,12734.0
55059.0,3743,3578,16,34,63,52,5763,5395,42,57,124,145,3958,3781,16,38,66,57,6112,5734,37,67,111,163,47585.0
55061.0,464,287,24,29,39,69,618,371,20,36,66,107,486,300,20,32,46,70,628,371,24,35,68,112,7811.0
55063.0,5275,3775,148,218,450,679,7705,4931,217,351,781,1420,5397,3877,147,215,462,691,7767,4952,208,350,801,1451,28501.0
55065.0,68,26,8,4,12,16,87,29,9,7,16,24,68,24,9,5,12,16,87,28,8,10,15,24,1070.0
55067.0,572,406,23,12,18,35,816,567,30,30,37,60,584,414,25,12,19,35,836,582,31,31,36,63,11288.0
55069.0,555,252,23,42,68,169,981,444,25,57,103,351,571,261,22,47,60,180,990,450,23,57,106,353,8502.0
55071.0,1055,699,32,47,50,78,1805,1106,69,80,145,157,1102,731,35,48,55,79,1892,1171,68,82,152,162,29645.0
55073.0,3668,2535,47,65,163,654,5064,3511,66,82,197,939,3742,2599,47,65,163,660,5150,3584,63,87,203,944,50444.0
55075.0,2162,1209,42,110,133,612,3023,1773,80,96,214,795,2187,1229,45,107,135,615,3051,1802,85,90,217,791,27257.0
55077.0,18,13,1,1,1,2,31,22,2,0,3,4,20,15,1,1,1,2,31,22,2,0,3,4,363.0
55079.0,6380,6013,57,73,117,118,11128,9858,154,230,419,464,6853,6433,75,78,137,128,11463,10113,165,242,436,504,187580.0
55081.0,1753,870,65,86,197,455,2309,1130,91,128,225,636,1772,874,66,93,198,461,2359,1146,103,125,237,649,14692.0
55083.0,2203,1589,71,82,152,302,2980,1885,136,163,266,520,2251,1622,73,86,158,305,3010,1896,136,160,285,523,23133.0
55085.0,882,538,25,53,62,194,1313,739,52,81,138,286,888,542,25,51,63,196,1329,751,54,79,139,289,13774.0
55087.0,1843,637,184,243,311,459,2770,1006,285,354,484,629,1966,683,205,257,327,485,2902,1059,292,389,494,656,60427.0
55089.0,1407,756,35,59,117,219,2218,1186,67,100,195,372,1459,791,38,57,127,222,2303,1227,73,99,202,381,27579.0
55091.0,298,155,17,21,38,59,428,198,23,23,59,116,298,154,17,21,40,58,426,196,24,23,59,115,2888.0
55093.0,1372,662,70,88,179,370,1708,734,59,97,200,614,1381,667,64,85,193,369,1719,746,53,97,203,616,13055.0
55095.0,1131,667,37,75,83,138,1739,973,69,102,153,246,1148,680,39,74,84,140,1748,976,75,97,157,246,21909.0
55099.0,685,350,29,36,49,104,882,359,34,56,105,186,704,365,27,40,48,106,892,360,38,57,106,187,10124.0
55103.0,68,27,5,7,9,19,91,32,2,10,19,27,70,27,8,6,10,18,94,35,1,9,19,29,281.0
55105.0,3669,2500,60,88,156,741,5219,3616,75,131,275,965,3930,2712,66,99,176,744,5441,3785,95,129,289,978,54459.0
55107.0,875,198,21,15,65,510,1133,322,18,31,73,612,885,205,20,17,65,511,1140,325,20,31,72,615,7638.0
55109.0,2441,1885,38,60,146,258,3561,2702,71,92,200,431,2498,1931,39,63,149,261,3601,2735,75,90,196,440,33715.0
55111.0,1993,1206,84,105,240,354,2993,1634,138,183,352,681,2051,1231,83,111,249,372,3081,1687,139,185,361,704,21004.0
55115.0,1073,688,27,52,89,180,1907,1109,121,153,168,298,1105,708,29,52,93,185,1951,1127,127,156,176,307,17354.0
55117.0,2018,1757,16,30,79,130,2895,2370,62,81,140,236,2115,1838,25,31,79,136,2963,2429,63,82,141,242,36610.0
55119.0,220,142,3,9,20,22,327,209,8,15,22,37,230,147,6,8,22,22,332,213,9,15,21,38,8562.0
55121.0,1757,899,72,114,202,392,2485,1139,106,156,290,699,1778,908,67,121,203,401,2505,1133,110,163,297,707,10269.0
55123.0,1563,561,58,90,219,537,1842,621,54,101,227,730,1577,560,63,86,216,554,1862,628,59,98,226,742,11527.0
55125.0,1017,653,55,68,104,131,1465,831,42,94,203,288,1026,657,55,70,106,132,1474,833,43,97,205,289,23801.0
55127.0,925,600,51,52,102,119,1404,909,64,91,145,194,994,645,59,59,103,127,1444,935,67,92,154,195,27792.0
55129.0,9,7,0,0,0,2,16,10,0,1,3,2,9,7,0,0,0,2,17,11,0,1,3,2,299.0
55131.0,1533,991,77,67,134,257,2351,1511,90,137,227,375,1620,1042,67,82,149,273,2430,1561,93,148,230,387,38772.0
55133.0,5628,4789,86,136,249,355,8885,7342,189,240,462,634,5922,5024,109,130,263,383,9196,7611,186,241,488,651,118389.0
55135.0,1079,613,36,44,90,179,1658,935,59,59,143,292,1109,624,43,47,91,184,1677,950,59,62,144,293,21265.0
55137.0,15,9,1,0,1,1,29,17,0,4,2,2,16,10,1,0,0,2,30,18,0,4,2,2,574.0
55139.0,1668,1466,27,20,59,93,3541,3098,51,59,123,207,1758,1549,21,31,61,93,3697,3255,49,52,128,210,38210.0
55141.0,1004,665,27,35,74,148,2387,1566,86,107,160,332,1055,703,27,33,81,154,2464,1622,87,116,162,338,27507.0
56001.0,1922,1510,47,69,80,213,2763,2079,96,118,169,298,2046,1605,49,77,85,227,2834,2101,117,125,176,312,11537.0
56003.0,324,211,12,16,31,54,1044,208,29,37,82,685,338,223,6,21,31,57,1065,208,25,34,94,700,4793.0
56005.0,890,879,0,1,5,4,1248,1200,5,8,16,17,926,915,0,1,5,4,1282,1231,5,10,17,17,13398.0
56007.0,1004,761,46,44,50,101,1544,751,66,101,246,375,1076,807,46,62,49,110,1603,762,57,111,228,439,6730.0
56009.0,513,244,15,29,48,174,724,296,23,49,75,278,532,256,12,22,53,186,737,296,18,51,79,290,5181.0
56011.0,392,210,14,20,51,96,546,224,22,24,60,214,403,215,12,21,54,100,556,223,20,29,54,228,3232.0
56013.0,1276,796,33,59,90,289,1923,1132,66,75,160,473,1373,840,39,62,106,316,2005,1150,49,92,165,531,13454.0
56015.0,772,603,27,37,49,50,1084,708,28,45,92,203,776,599,31,36,54,50,1088,702,36,44,93,205,5019.0
56017.0,375,186,15,30,59,83,789,224,15,31,95,418,394,193,18,21,64,96,822,220,18,26,84,468,2495.0
56019.0,224,120,8,6,29,61,319,164,11,17,32,94,230,124,7,8,27,64,329,161,10,20,34,103,3763.0
56021.0,1815,1540,57,63,107,48,2859,2208,103,124,234,189,1905,1597,63,73,111,60,2997,2302,98,131,257,208,33386.0
56023.0,1494,1129,40,51,95,163,2249,1600,59,79,157,328,1623,1214,39,60,107,185,2404,1696,62,75,184,360,9319.0
56025.0,3172,1911,148,186,356,570,5246,2676,242,319,632,1375,3358,2005,154,210,378,610,5499,2814,237,318,687,1441,28425.0
56027.0,90,73,3,1,6,5,156,98,6,15,15,19,92,73,4,2,6,5,161,100,5,14,20,19,1217.0
56029.0,822,460,24,32,71,234,1301,757,27,38,94,383,878,491,20,40,74,252,1372,811,25,39,89,406,11678.0
56031.0,261,138,7,9,19,88,413,200,15,18,40,140,272,148,2,12,19,91,418,201,14,18,40,145,3630.0
56033.0,1366,736,63,90,171,306,2767,919,95,164,397,1191,1466,793,56,101,172,343,2837,911,94,140,409,1282,11534.0
56035.0,369,245,16,19,28,59,535,343,24,23,42,101,405,274,15,20,28,66,565,355,16,40,36,116,4457.0
56037.0,1236,646,49,56,125,357,1615,689,49,107,210,556,1288,672,42,69,124,378,1659,702,47,103,215,588,11304.0
56039.0,1758,1095,65,101,174,323,3708,2277,157,200,371,702,1952,1211,75,98,190,378,3876,2260,169,225,395,826,10126.0
56041.0,831,708,16,22,38,44,1131,862,47,50,81,88,873,744,19,23,40,44,1173,872,57,60,85,96,6922.0
56043.0,248,126,11,9,25,77,564,354,4,10,28,168,256,129,11,12,23,81,640,424,7,8,24,177,3246.0
56045.0,184,91,5,11,19,55,252,116,9,10,26,88,186,92,5,9,21,56,261,121,13,8,28,88,3014.0
